,sentence
0,"Kompleto|JJD na|CCP ang|DTC gamit|VBS ni|DTP Maria|NNP para|CCT sa|CCT pagsisimula|NNC niya|PRS sa|CCT Grade|NNP One|NNP ngayong|RBW_CCP pasukan|NNC .|PMP
"
1,"Sabik|RBD na|CCP sabik|JJD na|CCP siyang|PRS_CCP pumasok|VBAF sa|CCT eskuwela|NNC ,|PMC at|CCA gusto|VBS na|CCP niyang|PRS_CCP makilala|VBW ang|DTC mga|DTCP bago|JJD niyang|PRS_CCP kaklase|NNC .|PMP
"
2,"Napaaga|VBTS ng|CCB gising|JJD si|DTP Maria|NNP .|PMP
"
3,"Naghanda|VBTS agad|RBD siya|PRS para|CCT di|RBF mahuli|VBW .|PMP
"
4,"Habang|RBW nag|CDB -|PMS aalmusal|FW ,|PMC narinig|VBTS niya|PRS ng|CCB malakas|JJD sa|CCT radyo|NNC na|CCP bawal|JJD na|CCP raw|RBI lumabas|VBAF ang|DTC mga|DTCP tao|NNC dahil|CCR may|VBH kumakalat|VBTR_VBAF daw|RBI na|CCP pandemya|NNC .|PMP  
"
5,"""|PMS Bakit|PRQ naman|RBI ,|PMC Mama|NNP ?|PMQ
"
6,"Ano|PRQ po|RBS ang|DTC pandemya|NNC ?|PMQ  
"
7,"""|PMS takot|JJD na|CCP tanong|NNC ni|DTP Maria|NNP .|PMP  
"
8,"""|PMS Pandemya|NNP ang|DTC tawag|NNC sa|CCT mabilis|JJD na|CCP pagkalat|VBW ng|CCB isang|PRI_CCP sakit|NNC .|PMP
"
9,"Di|RBF lang|RBI sa|CCT isang|PRI_CCP bansa|NNC kundi|CCT sa|CCT buong|PRI_CCP mundo|NNC ,|PMC ""|PMS sabi|VBS ng|CCB Mama|NNC niya|PRS .|PMP  
"
10,"""|PMS Nakatatakot|JJD pala|NNC ng|CCB pandemya|NNC ,|PMC Mama|NNC !|PMS  
"
11,"""|PMS sabi|VBS ni|DTP Maria|NNP .|PMP  
"
12,"""|PMS Oo|RBT ,|PMC anak|NNC ,|PMC madaling|RBD_CCP makahawa|VBW ang|DTC COVID|NNPA -19|CDB virus|FW .|PMP
"
13,"Kaya|CCR dapat|VBS tayong|PRP_CCP mag|VBW -|PMS ingat|FW lahat|PRI .|PMP
"
14,"Bawal|NNP munang|RBW_CCP lumabas|VBAF ang|DTC mga|DTCP matatanda|NNC pati|CCA mga|DTCP bata|NNC ,|PMC ""|PMS sabi|VBS ni|DTP Mama|NNP .|PMP
"
15,"Lumipas|VBAF ang|DTC mga|DTCP linggo|NNC at|CCA buwan|NNC ay|LM di|RBF pa|RBI rin|RBI lumalabas|VBTR_VBAF ang|DTC mga|DTCP tao|NNC .|PMP
"
16,"Kung|CCR lumabas|VBAF man|RBI ay|LM lagi|RBW silang|PRP_CCP naka|RBD -|PMS face|FW mask|FW at|CCA naka|RBD -|PMS face|FW shield|FW .|PMP
"
17,"Malungkot|JJD palagi|RBW si|DTP Maria|NNP .|PMP
"
18,"Gusto|VBS na|RBI niyang|PRS_CCP pumasok|VBAF sa|CCT klase|NNC .|PMP  
"
19,"""|PMS Ano|PRQ naman|RBI po|RBS ,|PMC Mama|NNC ,|PMC ang|DTC mga|DTCP ginagawa|VBTR sa|CCT eskuwelahan|NNC kapag|CCR Grade|NNP na|CCP ?|PMQ
"
20,"Gusto|VBS ko|PRS pong|PRO_CCP malaman|VBW ,|PMC ""|PMS tanong|NNC ni|DTP Maria|NNP .|PMP  
"
21,"""|PMS Teka|NNP lang|RBI ,|PMC Maria|NNP ,|PMC at|CCA mag|VBW -|PMS iskwe|NNC -|PMS eskuwelahan|NNC tayo|PRP ,|PMC ""|PMS sabi|VBS ni|DTP Manay|NNP Precy|NNP niya|PRS .|PMP  
"
22,"""|PMS Isasama|VBTF rin|RBI natin|PRP sa|CCT laro|NNC ang|DTC mga|DTCP kapatid|NNC natin|PRP para|CCT lalong|JJCC_CCP maging|VBW masaya|JJD .|PMP
"
23,"Ako|PRS ang|DTC teacher|NNC ,|PMC kayo|PRP ang|DTC mga|DTCP magkaklase|NNC ,|PMC ""|PMS dagdag|JJD pa|RBI ng|CCB Manay|NNP Precy|NNP niya|PRS .|PMP  
"
24,"""|PMS Good|NNP morning|FW ,|PMC class|FW ,|PMC ""|PMS sabi|VBS ni|DTP Titser|NNP Precy|NNP .|PMP  
"
25,"""|PMS Good|NNP morning|FW ,|PMC Titser|FW ,|PMC ""|PMS sabay|RBD -|PMS sabay|JJD na|CCP sagot|NNC ni|DTP Manoy|NNP Nilo|NNP ,|PMC Manoy|NNP Pilo|NNP ,|PMC at|CCA ni|DTP Manay|NNP Lina|NNP .|PMP
"
26,"Lahat|PRI sila|PRP ’|PMS y|FW may|VBH kaniya|PRSP -|PMS kaniyang|PRSP_CCP bag|FW na|CCP dala|JJD .|PMP  
"
27,"""|PMS Kumusta|NNP ,|PMC kumusta|VBAF ,|PMC kumusta|VBAF .|PMP
"
28,"Ako|PRS ’|PMS y|FW natutuwa|FW ,|PMC tralala|FW ,|PMC lalala|VBTF ,|PMC tralala|NNC ,|PMC lalala|VBTF .|PMP  
"
29,"""|PMS Ang|DTC kanta|NNC nila|PRP ay|LM sumasabay|VBTR_VBAF sa|CCT gitara|NNC ni|DTP Manay|NNP Lina|NNP .|PMP
"
30,"Sabi|VBS ni|DTP Titser|NNP Percy|NNP ay|LM gayahin|VBTS ang|DTC mga|DTCP hayop|NNC na|CCP naririnig|VBTR .|PMP  
"
31,"""|PMS Moooo|NNP ,|PMC ""|PMS sabi|VBS ko|PRS .|PMP  
"
32,"""|PMS Aw|NNP ,|PMC aw|NNC ,|PMC aw|NNC ,|PMC ""|PMS sabi|VBS ni|DTP Manay|NNP Lina|NNP .|PMP  
"
33,"""|PMS Ngiyaw|NNP ,|PMC ngiyaw|FW ,|PMC ""|PMS sabi|VBS ni|DTP Manoy|NNP Pilo|NNP .|PMP  
"
34,"""|PMS Kwak|NNP ,|PMC kwak|NNC ,|PMC kwak|NNC ,|PMC ""|PMS sabi|VBS naman|RBI ni|DTP Manoy|NNP Nilo|NNP .|PMP
"
35,"Lumabas|VBAF sila|PRP at|CCA pumunta|VBAF sa|CCT lugar|NNC na|CCP merong|VBH_CCP baboy|NNC ,|PMC manok|NNC ,|PMC kalabaw|NNC ,|PMC kambing|NNC ,|PMC at|CCA baka|NNC .|PMP
"
36,"Pagkatapos|VBW ,|PMC gumuhit|VBAF sila|PRP ng|CCB mga|DTCP hayop|NNC na|CCP ginaya|VBTS nila|PRP .|PMP
"
37,"Si|DTP Maria|NNP ay|LM nag|VBTS -|PMS trace|FW ng|CCB baka|NNC .|PMP  
"
38,"""|PMS Mmmm|NNP ,|PMC ang|DTC sarap|NNC ng|CCB naaamoy|VBTR ko|PRS ;|PMSC parang|CCT nagluluto|VBTR si|DTP Mama|NNP ng|CCB pansit|JJD Bato|NNC .|PMP
"
39,"Aha|NNP ,|PMC recess|FW na|CCP pala|NNC !|PMS  
"
40,"""|PMS masayang|JJD_CCP sinabi|VBTS ni|DTP Maria|NNP .|PMP  
"
41,"""|PMS Tara|NNP na|CCP ’|PMS t|NNCA kumain|VBAF na|CCP tayo|PRP ,|PMC ""|PMS tawag|NNC ni|DTP Manoy|NNP Pilo|NNP .|PMP  
"
42,"""|PMS Dahil|CCR busog|JJD na|CCP kayo|PRP ,|PMC halikayo|NNC at|CCA babasahan|VBOF ko|PRS kayo|PRP ng|CCB kuwento|NNC ,|PMC ""|PMS alok|NNC ni|DTP Titser|NNP Precy|NNP .|PMP
"
43,"Pagkatapos|VBW na|CCP magkuwento|VBW ni|DTP Titser|NNP Precy|NNP ,|PMC naglaro|VBTS sila|PRP ng|CCB luksong|NNC_CCP -|PMS baka|NNC .|PMP  
"
44,"""|PMS Ikaw|RBW naman|RBI ngayon|RBW ang|DTC baka|NNC ,|PMC Maria|NNP ,|PMC ""|PMS sabi|VBS nila|PRP Manoy|NNP Pilo|NNP .|PMP  
"
45,"""|PMS Ang|DTC bibigat|FW ninyo|PRP ,|PMC di|RBF ko|PRS naman|RBI kayo|PRP kaya|CCR ,|PMC ""|PMS sagot|NNC ni|DTP Maria|NNP .|PMP  
"
46,"""|PMS Ang|DTC daya|NNC .|PMP
"
47,"Ikaw|NNP na|CCP ang|DTC taya|NNC ,|PMC Maria|NNP .|PMP
"
48,"Huwag|RBF ka|PRS na|CCP ngang|RBI_CCP sumali|VBAF sa|CCT laro|NNC natin|PRP !|PMS  
"
49,"""|PMS galit|JJD na|CCP sabi|VBS ni|DTP Manay|NNP Lina|NNP .|PMP  
"
50,"""|PMS Ayoko|NNP ko|PRS nang|RBW maglaro|VBAF ng|CCB eskuwe|FW -|PMS eskuwelahan|NNC ,|PMC ayoko|NNC na|CCP rin|RBI kayong|PRO_CCP maging|VBW kaklase|JJD .|PMP
"
51,"Ang|DTC gusto|VBS ko|PRS ay|LM sa|CCT tunay|JJD na|CCP eskuwelahan|NNC !|PMS  
"
52,"""|PMS umiiyak|VBTR_VBAF na|CCP sabi|VBS ni|DTP Maria|NNP .|PMP  
"
53,"""|PMS Maria|NNP ,|PMC sa|CCT bahay|NNC at|CCA sa|CCT eskuwelahan|NNC ay|LM pareho|JJC lang|RBI naman|RBI .|PMP
"
54,"Bawal|JJD ang|DTC mandaya|VBW ,|PMC dapat|VBS ay|LM maging|VBW taya|NNC ka|PRS rin|RBI ,|PMC ""|PMS saway|NNC ni|DTP Mama|NNP ""|PMS Ngayong|RBW_CCP pandemya|NNC ,|PMC kayong|JJD_CCP magkakapatid|NNC ang|DTC magkakaklase|VBAF .|PMP
"
55,"Itong|PRO_CCP bahay|NNC natin|PRP ang|DTC klasrum|NNC ,|PMC ako|PRS ang|DTC titser|FW ninyo|PRP ,|PMC ""|PMS paliwanag|NNC ni|DTP Mama|NNP .|PMP
"
56,"Nang|RBW sumunod|VBAF na|CCP araw|NNC ay|LM dumating|VBAF na|CCP ang|DTC mga|DTCP bagong|JJD_CCP modyul|NNC .|PMP
"
57,"Masikap|NNP na|CCP sumagot|VBAF sa|CCT modyul|NNC si|DTP Maria|NNP .|PMP
"
58,"Kahit|CCT marong|NNC_CCP pandemya|JJD at|CCA sarado|JJD ang|DTC eskuwelahan|NNC ,|PMC patuloy|RBD ang|DTC pag|CCR -|PMS aaral|NNC ni|DTP Maria|NNP sa|CCT kanilang|PRSP_CCP bahay|NNC .|PMP
"
59,"Bukod|CCT kay|DTP Mama|NNP ,|PMC tinutulungan|VBTR din|RBI siya|PRS ng|CCB mga|DTCP nakatatanda|VBTR niyang|PRS_CCP kapatid|NNC .|PMP
"
60,"Kaya|CCR naging|VBTS madali|JJD at|CCA masaya|JJD ang|DTC pagkatuto|NNC niya|PRS .|PMP
"
61,"Malamig|JJD na|CCP hangin|NNC ang|DTC humahampas|VBTR_VBAF sa|CCT balat|NNC ni|DTP Tatay|NNP Mario|NNP .|PMP
"
62,"Inaayos|VBTR niya|PRS ang|DTC kaniyang|PRSP_CCP bangka|NNC galing|RBL sa|CCT pangingisda|NNC sa|CCT dagat|NNC ng|CCB Roxas|NNP City|NNP .|PMP
"
63,"Ang|DTC kanilang|PRSP_CCP bahay|NNC ay|LM malapit|JJD sa|CCT tabing|FW -|PMS dagat|NNC .|PMP
"
64,"Kalmado|JJD ang|DTC dagat|NNC ,|PMC pahiwatig|NNC na|CCP maganda|JJD ang|DTC araw|NNC .|PMP
"
65,"Noong|RBW_CCP araw|NNC na|CCP iyon|PRO ,|PMC marami|PRI siyang|PRS_CCP nahuli|VBTS na|CCP isda|NNC .|PMP
"
66,"May|VBH managat|NNC ,|PMC sapsap|NNC ,|PMC bulawbulaw|NNC ,|PMC at|CCA tabagak|NNC na|CCP sagana|JJD sagana|NNC ang|DTC Roxas|NNP .|PMP
"
67,"Bilang|CCT isang|PRI_CCP mangingisda|NNC ,|PMC binubuhay|VBTR niya|PRS ang|DTC kaniyang|PRSP_CCP limang|JJN_CCP taong|NNC_CCP gulang|NNC na|CCP anak|NNC na|CCP si|DTP Ali|NNP .|PMP
"
68,"Si|DTP Ali|NNP ay|LM masayang|JJD_CCP nakikipaglaro|VBTR sa|CCT kaniyang|PRSP_CCP mga|DTCP kaibigan|NNC .|PMP
"
69,"Nakita|VBTS niya|PRS ang|DTC kaniyang|PRSP_CCP ama|NNC na|CCP naglalakad|VBTR papunta|VBW sa|CCT kanilang|PRSP_CCP bahay|NNC .|PMP
"
70,"May|VBH dala|JJD siyang|PRS_CCP balde|JJD .|PMP
"
71,"Tumakbo|VBAF siya|PRS upang|CCB salubungin|VBOF ang|DTC tatay|NNC .|PMP  
"
72,"""|PMS Tatay|NNP ...|PMS Tatay|NNP ...|PMS Andito|CDB ka|PRS na|CCP !|PMS  
"
73,"""|PMS sigaw|NNC ni|DTP Ali|NNP .|PMP
"
74,"Bigla|RBD niyang|PRS_CCP niyakap|VBTS ang|DTC kaniyang|PRSP_CCP tatay|NNC .|PMP  
"
75,"""|PMS Basa|NNP ako|PRS ,|PMC Anak|NNP .|PMP
"
76,"Bitawan|VBOF mo|PRS muna|RBI ako|PRS .|PMP
"
77,"Mabigat|JJD din|RBI ang|DTC aking|PRSP_CCP dinadala|VBTR .|PMP  
"
78,"""|PMS Dahan|NNP -|PMS dahan|NNC niyang|PRS_CCP binitawan|VBOF ang|DTC mga|DTCP kamay|NNC niya|PRS .|PMP  
"
79,"""|PMS Tatay|NNC ,|PMC madami|PRI ka|PRS namang|RBI_CCP nakuha|VBTS ?|PMQ  
"
80,"""|PMS tanong|NNC ni|DTP Ali|NNP .|PMP  
"
81,"""|PMS Oo|RBT ,|PMC Anak|NNP .|PMP
"
82,"Madami|PRI ang|DTC kuha|NNC ko|PRS ngayon|RBW .|PMP
"
83,"Makakabili|VBTF na|CCP tayo|PRP ng|CCB bagong|JJD_CCP damit|NNC at|CCA laruan|NNC ,|PMC ""|PMS sagot|NNC ni|DTP Tatay|NNP .|PMP  
"
84,"""|PMS Yehey|NNP .|PMP
"
85,"May|VBH bago|JJD na|CCP naman|RBI akong|PRS_CCP damit|NNC at|CCA laruan|NNC ,|PMC ""|PMS masayang|JJD_CCP sigaw|NNC ni|DTP Ali|NNP .|PMP  
"
86,"""|PMS Sige|NNP na|RBI .|PMP
"
87,"Bumalik|VBAF ka|PRS na|CCP doon|PRL at|CCA naghihintay|VBTR ang|DTC iyong|PRSP_CCP mga|DTCP kalaro|NNC .|PMP
"
88,"Ayusin|VBOF ko|PRS muna|RBI ang|DTC aking|PRSP_CCP mga|DTCP pangisda|NNC .|PMP  
"
89,"""|PMS Sige|NNP ,|PMC Tatay|NNC .|PMP
"
90,"Babalik|VBTF na|CCP muna|RBI ako|PRS sa|CCT aking|PRSP_CCP mga|DTCP kalaro|NNC .|PMP ""|PMS  
"
91,"""|PMS Halika|NNP na|CCP !|PMS
"
92,"Maglaro|VBAF tayo|PRP ulit|RBW !|PMS  
"
93,"""|PMS pag|CCR -|PMS anyaya|NNC ng|CCB kaniyang|PRSP_CCP mga|DTCP kaibigan|NNC .|PMP  
"
94,"""|PMS Nanay|NNP ,|PMC Tatay|NNC ,|PMC gusto|VBS ko|PRS ’|PMS ng|CCB tinapay|NNC ,|PMC Ate|NNC ,|PMC Kuya|NNC ,|PMC gusto|VBS ko|PRS ’|PMS ng|CCB kape|NNC .|PMP
"
95,"Lahat|PRI ng|CCB gusto|VBS ko|PRS ay|LM susundin|VBTF niyo|PRP !|PMS  
"
96,"""|PMS sabay|RBD -|PMS sabay|RBD na|CCP kanta|NNC nila|PRP .|PMP
"
97,"Habang|RBW naglalaro|VBTR ,|PMC bigla|JJD na|RBI lang|RBI tumigil|VBAF at|CCA nagtanong|VBTS ang|DTC isa|PRI sa|CCT mga|DTCP kaibigan|NNC niya|PRS .|PMP  
"
98,"""|PMS Ali|NNP ,|PMC nasaan|JJD ang|DTC iyong|PRSP_CCP nanay|NNC ?|PMQ  
"
99,"""|PMS tanong|NNC ng|CCB isa|PRI niyang|PRS_CCP kaibigan|NNC .|PMP
"
100,"Nagtanong|VBTS din|RBI ang|DTC isa|PRI niyang|PRS_CCP kaibigan|NNC .|PMP  
"
101,"""|PMS Bakit|PRQ hindi|RBF namin|PRP siya|PRS nakikita|VBTR ?|PMQ
"
102,"Si|DTP Tatay|NNP mo|PRS lang|RBI ang|DTC nandiyan|VBTS .|PMP  
"
103,"""|PMS Nahiya|VBTS si|DTP Ali|NNP at|CCA sumagot|VBAF ,|PMC ""|PMS May|VBH pinuntahan|VBOF lang|RBI si|DTP Nanay|NNP ko|PRS .|PMP
"
104,"Iyan|VBTS_VBOF ang|DTC sabi|NNC ng|CCB Tatay|NNC .|PMP ""|PMS  
"
105,"""|PMS Bakit|PRQ hindi|RBF pa|RBI siya|PRS bumabalik|VBTR_VBAF ?|PMQ  
"
106,"""|PMS tanong|NNC ng|CCB isa|PRI niyang|PRS_CCP kaibigan|NNC .|PMP  
"
107,"""|PMS Hindi|RBF ko|PRS rin|RBI alam|VBS kung|RBK bakit|RBQ hindi|RBF pa|RBI siya|PRS nakabalik|VBTS ,|PMC ""|PMS malungkot|JJD na|CCP sagot|NNC ni|DTP Ali|NNP .|PMP  
"
108,"""|PMS Mukhang|RBM magdidilim|VBTF na|RBI .|PMP
"
109,"Uuwi|NNP na|CCP ako|PRS at|CCA baka|RBM hinahanap|VBTR na|CCP ako|PRS ng|CCB Tatay|NNC ko|PRS .|PMP  
"
110,"""|PMS Mabilis|RBD na|CCP tumabakbo|VBAF si|DTP Ali|NNP pabalik|VBW sa|CCT kanilang|PRSP_CCP bahay|NNC .|PMP
"
111,"Habang|RBW naghahapunan|VBTR ,|PMC tinaong|VBTS ni|DTP Ali|NNP ang|DTC kaniyang|PRSP_CCP tatay|NNC .|PMP  
"
112,"""|PMS Tatay|NNC ,|PMC kailan|PRQ babalik|VBTF si|DTP Nanay|NNP ?|PMQ  
"
113,"""|PMS Hindi|RBF sumagot|VBAF si|DTP Tatay|NNP sa|CCT tanong|NNC ni|DTP Ali|NNP .|PMP
"
114,"Biglang|RBD_CCP tumahimik|VBAF si|DTP Ali|NNP sa|CCT harap|NNC ng|CCB kaniyang|PRSP_CCP tatay|NNC .|PMP
"
115,"Dali|NNP -|PMS dali|JJD niyang|PRS_CCP tinatapos|VBTR ang|DTC kaniyang|PRSP_CCP hapunan|NNC at|CCA uminum|VBAF ng|CCB tubig|NNC .|PMP  
"
116,"""|PMS Tapos|RBW ka|PRS na|CCP bang|RBM kumain|VBAF ?|PMQ  
"
117,"""|PMS tanong|NNC ni|DTP Tatay|NNC kay|DTP Ali|NNP .|PMP
"
118,"Tumango|NNP lang|RBI si|DTP Ali|NNP .|PMP  
"
119,"""|PMS Maghuhugas|NNP muna|RBI ako|PRS ng|CCB pinggan|NNC .|PMP
"
120,"Dito|PRL ka|PRS lang|RBI ha|NNCA ,|PMC Ali|NNP ?|PMQ
"
121,"Huwag|RBF ka|PRS munang|RBW_CCP lumabas|VBAF dahil|CCR gabi|RBW na|RBI .|PMP
"
122,"Malakas|JJD din|RBI ang|DTC alon|NNC ngayong|RBW_CCP gabi|RBW ,|PMC ""|PMS sabi|VBS ni|DTP Tatay|NNP Ali|NNP .|PMP
"
123,"Hindi|RBF sumagot|VBAF si|DTP Ali|NNP .|PMP
"
124,"Pumunta|VBAF sa|CCT likod|NNC ng|CCB bahay|NNC si|DTP Tatay|NNP Mario|NNP para|CCT maghugas|VBW ng|CCB kanilang|PRSP_CCP pinagkainan|VBRF .|PMP
"
125,"Nalungkot|VBTS si|DTP Ali|NNP .|PMP
"
126,"Lumabas|VBAF siya|PRS na|CCP hindi|RBF nagpaalam|VBTS sa|CCT kaniyang|PRSP_CCP Tatay|NNC .|PMP
"
127,"Naramdaman|VBTS niya|PRS ang|DTC malakas|JJD na|CCP hamapas|NNC ng|CCB hangin|NNC habang|RBW naglalakad|VBTR sa|CCT tabing|NNC_CCP dagat|NNC .|PMP
"
128,"Lumapit|VBAF siya|PRS sa|CCT tubig|NNC at|CCA binabad|VBOF ang|DTC kaniyang|PRSP_CCP mga|DTCP kamay|NNC hanggang|RBW lubusang|RBD_CCP nagtampisaw|VBTR sa|CCT dagat|NNC .|PMP
"
129,"Bigla|RBD siyang|PRS_CCP hinampas|VBTS ng|CCB malakas|JJD na|CCP alon|NNC ng|CCB tubig|NNC .|PMP
"
130,"Siya|PRS ay|LM natumba|VBTS at|CCA naanod|VBTS .|PMP
"
131,"Lumutang|VBTR_VBAF siya|PRS sa|CCT dagat|NNC .|PMP
"
132,"May|VBH nainum|VBTS siyang|PRS_CCP tubig|NNC .|PMP
"
133,"Unti|NNP -|PMS unti|JJD siyang|PRS_CCP nalulunod|VBTR habang|RBW naririnig|VBTR ang|DTC sigaw|NNC ng|CCB kaniyang|PRSP_CCP tatay|NNC .|PMP  
"
134,"""|PMS Ali|NNP !|PMS  
"
135,"""|PMS Biglang|RBD_CCP may|VBH humila|VBAF pataas|JJD sa|CCT mga|DTCP kamay|NNC ni|DTP Ali|NNP .|PMP
"
136,"Niyakap|VBTS siya|PRS ng|CCB mahigpit|JJD ng|CCB kaniyang|PRSP_CCP tatay|NNC habang|RBW umiiyak|VBTR_VBAF .|PMP  
"
137,"""|PMS Sabi|VBS ko|PRS na|CCP na|CCP huwag|RBF kang|PRS_CCP lumabas|VBAF .|PMP
"
138,"Ayaw|RBF ko|PRS na|CCP pati|CCA ikaw|PRS ,|PMC mawala|VBW pa|RBI sa|CCT akin|PRSP ,|PMC Ali|NNP .|PMP
"
139,"Ikaw|NNP na|CCP lang|RBI ang|DTC mayroon|VBH ako|PRS .|PMP  
"
140,"""|PMS Binuhat|VBTS siya|PRS ng|CCB kaniyang|PRSP_CCP tatay|NNC habang|RBW ang|DTC kanyang|PRSP_CCP ulo|NNC ay|LM nakapatong|VBTS sa|CCT balikat|NNC ng|CCB kaniyang|PRSP_CCP ama|NNC .|PMP
"
141,"Sa|CCT kanilang|PRSP_CCP daan|NNC pauwi|NNC ,|PMC nakita|VBTS ni|DTP Ali|NNP ang|DTC bangka|NNC ng|CCB kaniyang|PRSP_CCP tatay|NNC .|PMP  
"
142,"""|PMS Mario|NNP Ali|NNP ""|PMS ang|DTC nasilayan|VBTS ni|DTP Ali|NNP sa|CCT ilalim|JJD ng|CCB liwanag|NNC ng|CCB buwan|NNC .|PMP
"
143,"Si|DTP Tatay|NNP Mario|NNP ay|LM isang|PRI_CCP mangingisda|NNC sa|CCT lungsod|NNC ng|CCB Roxas|NNP .|PMP
"
144,"Kasama|CCB niyang|PRS_CCP namumuhay|VBTR nang|RBW matiwasay|JJD ay|LM ang|DTC kaniyang|PRSP_CCP anak|NNC na|CCP si|DTP Ali|NNP .|PMP
"
145,"Kasabay|CCB sa|CCT paglaki|NNC ni|DTP Ali|NNP ang|DTC kanyang|PRSP_CCP tanong|NNC kung|CCR nasaan|JJD ang|DTC kanyang|PRSP_CCP nanay|NNC -|PMS tanong|NNC na|CCP siyang|PRS_CCP magbubuhay|VBW ng|CCB pagmamahal|NNC ni|DTP Tatay|NNP Mario|NNP sa|CCT kanya|PRSP .|PMP
"
146,"Mahaba|JJD ,|PMC makapal|JJD at|CCA nagniningning|VBTR ang|DTC buhok|NNC ng|CCB batang|NNC_CCP si|DTP Donna|NNP .|PMP
"
147,"Tuwing|RBW hapon|RBW ,|PMC naglalaro|VBTR siya|PRS sa|CCT labas|NNC ng|CCB kanilang|PRSP_CCP bahay|NNC at|CCA maraming|PRI_CCP bata|NNC ang|DTC pumupuri|VBTR_VBAF sa|CCT kaniyang|PRSP_CCP buhok|NNC .|PMP
"
148,"Isang|PRI_CCP araw|NNC ,|PMC pumunta|VBAF si|DTP Donna|NNP sa|CCT plaza|NNC kung|RBK saan|RBQ naghihintay|VBTR ang|DTC kaniyang|PRSP_CCP mga|DTCP kaibgan|NNC .|PMP
"
149,"Naglaro|VBTS sila|PRP sa|CCT ilalim|JJD ng|CCB araw|NNC .|PMP
"
150,"Madilim|JJD na|CCP nang|RBW sila|PRP ay|LM umuwi|VBAF .|PMP
"
151,"Napagod|VBTS siya|PRS sa|CCT paglalaro|NNC at|CCA may|VBH dumi|NNC pa|RBI sa|CCT mukha|NNC .|PMP  
"
152,"""|PMS Donna|NNP ,|PMC saan|PRQ ka|PRS namang|RBI_CCP nanggaling|VBTS ?|PMQ ""|PMS  
"
153,"""|PMS Naglaro|VBTS sa|CCT plaza|NNC ,|PMC Nanay|NNC ,|PMC ""|PMS sagot|NNC ni|DTP Donna|NNP .|PMP
"
154,"Dumiretso|VBAF siya|PRS sa|CCT sala|NNC .|PMP
"
155,"Hindi|RBF na|CCP naligo|VBTS si|DTP Donna|NNP .|PMP
"
156,"Hindi|RBF rin|RBI siya|PRS nagbihis|VBTS .|PMP
"
157,"Nagbukas|VBTS lang|RBI siya|PRS ng|CCB TV|NNPA at|CCA nanood|VBTS ng|CCB cartoon|NNC .|PMP
"
158,"Dumating|VBAF si|DTP Tatay|NNP Kiko|NNP at|CCA hinanap|VBTS si|DTP Donna|NNP .|PMP  
"
159,"""|PMS Nene|NNP ,|PMC maganda|JJD ito|PRO para|CCT sa|CCT iyong|PRSP_CCP buhok|NNC .|PMP
"
160,"Lalo|JJCC ka|PRS pang|RBI_CCP gaganda|VBTF dahil|CCR dito|PRL ,|PMC ""|PMS sabi|VBS Tatay|NNP Kiko|NNP .|PMP  
"
161,"""|PMS Wow|NNP ,|PMC Tatay|NNC !|PMS
"
162,"Salamat|RBS !|PMS  
"
163,"""|PMS sigaw|NNC ni|DTP Donna|NNP .|PMP  
"
164,"""|PMS Pupuriin|NNP naman|RBI ako|PRS nito|PRO ng|CCB aking|PRSP_CCP mga|DTCP kaibigan|NNC ,|PMC ""|PMS bulong|NNC ni|DTP Donna|NNP habang|RBW nagkakamot|VBTR ng|CCB kaniyang|PRSP_CCP ulo|NNC .|PMP
"
165,"Maya|NNP -|PMS maya|NNC ,|PMC naghapunan|VBTS ang|DTC pamilya|NNC .|PMP
"
166,"Pagkatapos|VBW nilang|PRP_CCP kumain|VBAF ,|PMC sinabihan|VBTS ni|DTP Nanay|NNP Mila|NNP si|DTP Donna|NNP na|CCP maligo|VBW at|CCA magbihis|VBW .|PMP
"
167,"Pero|CCT natulog|VBTS lang|RBI si|DTP Donna|NNP nang|RBW hindi|RBF sumunod|VBAF sa|CCT utos|NNC ng|CCB kaniyang|PRSP_CCP ina|NNC .|PMP
"
168,"Kinaumagahan|NNP ,|PMC pumunta|VBAF ng|CCB plaza|NNC si|DTP Donna|NNP .|PMP  
"
169,"""|PMS Donna|NNP ,|PMC maglaro|VBAF naman|RBI tayo|PRP ng|CCB piko|NNC !|PMS  
"
170,"""|PMS paanyaya|NNC ni|DTP Caloy|NNP .|PMP  
"
171,"""|PMS Sige|NNP !|PMS  
"
172,"""|PMS sagot|NNC ni|DTP Donna|NNP .|PMP
"
173,"Naglaro|VBTS muli|RBW si|DTP Donna|NNP at|CCA ang|DTC kaniyang|PRSP_CCP mga|DTCP kaibigan|NNC .|PMP
"
174,"Mataas|JJD ang|DTC tirik|NNC ng|CCB araw|NNC ,|PMC subalit|CCT patuloy|RBD ang|DTC paglalaro|VBW ng|CCB mga|DTCP magkaibigan|NNC .|PMP  
"
175,"""|PMS Ang|DTC init|NNC !|PMS
"
176,"Sandali|RBW lang|RBI at|CCA itatali|VBOF ko|PRS ang|DTC buhok|NNC ko|PRS ,|PMC ""|PMS sabi|VBS ni|DTP Donna|NNP .|PMP
"
177,"Kinuha|VBOF niya|PRS sa|CCT kaniyang|PRSP_CCP bulsa|NNC ang|DTC tali|NNC na|CCP binigay|VBOF ng|CCB kaniyang|PRSP_CCP Tatay|NNC Kiko|NNC .|PMP  
"
178,"""|PMS Wow|NNP !|PMS
"
179,"Ang|DTC ganda|NNC ng|CCB iyong|PRSP_CCP tali|NNC ,|PMC Donna|NNP ,|PMC ""|PMS sabi|VBS ni|DTP Marga|NNP .|PMP  
"
180,"""|PMS Bigay|NNP ito|PRO ng|CCB tatay|NNC ko|PRS .|PMP
"
181,"Maganda|JJD ito|PRO sa|CCT mahaba|JJD ,|PMC makapal|JJD at|CCA nagniningning|VBTR kong|PRS_CCP buhok|NNC ,|PMC ""|PMS pagyayabang|NNC ni|DTP Donna|NNP .|PMP  
"
182,"""|PMS Patingin|NNP ,|PMC Donna|NNP !|PMS
"
183,"Ang|DTC ganda|NNC na|CCP !|PMS
"
184,"Pero|CCT ,|PMC ano|PRQ iyan|PRO sa|CCT iyong|PRSP_CCP buhok|NNC ?|PMQ  
"
185,"""|PMS tanong|NNC ni|DTP Nena|NNP .|PMP  
"
186,"""|PMS Saan|PRQ ?|PMQ  
"
187,"""|PMS tanong|NNC ni|DTP Caloy|NNP .|PMP
"
188,"Kaniyang|RBD_CCP tiningnan|VBOF ang|DTC tinuturo|VBTR ni|DTP Nena|NNP sa|CCT buhok|NNC ni|DTP Donna|NNP .|PMP  
"
189,"""|PMS Naku|NNP !|PMS
"
190,"Kuto|NNP !|PMS  
"
191,"""|PMS sigaw|NNC ni|DTP Caloy|NNP .|PMP  
"
192,"""|PMS Yak|NNP !|PMS
"
193,"Kadiri|NNP !|PMS
"
194,"Ang|DTC dami|NNC !|PMS  
"
195,"""|PMS dagdag|JJD ni|DTP Nena|NNP .|PMP
"
196,"Dumidikit|NNP ang|DTC madaming|PRI_CCP itlog|NNC ng|CCB kuto|NNC sa|CCT bawat|PRI hibla|NNC ng|CCB buhok|NNC ni|DTP Donna|NNP .|PMP
"
197,"Nakalansan|VBTS at|CCA lumiliwag|VBTR_VBAF ang|DTC mga|DTCP ito|PRO ,|PMC tulad|JJC ng|CCB kaniyang|PRSP_CCP buhok|NNC .|PMP
"
198,"May|VBH mga|DTCP kuto|NNC na|CCP tumatakbo|VBTR_VBAF at|CCA nagtatago|VBTR sa|CCT kaniyang|PRSP_CCP makapal|JJD na|CCP buhok|NNC .|PMP
"
199,"Napayuko|VBTS siya|PRS sa|CCT kahihiyan|NNC .|PMP
"
200,"Tumakbong|NNP_CCP pauwi|NNC ang|DTC kaniyang|PRSP_CCP mga|DTCP kaibigan|NNC habang|RBW tinutukso|VBTR si|DTP Donna|NNP .|PMP
"
201,"Napansin|VBTS ni|DTP Nanay|NNP Mila|NNP na|CCP umiiyak|VBTR_VBAF si|DTP Donna|NNP .|PMP
"
202,"Kinausap|VBTS niya|PRS ito|PRO at|CCA nalaman|VBTS ang|DTC rason|NNC kung|RBK bakit|RBQ siya|PRS umiiyak|VBTR_VBAF .|PMP  
"
203,"""|PMS Nene|NNP ,|PMC sinabihan|VBTS na|CCP kita|NNC na|CCP huwag|RBF masyadong|JJCS_CCP maglaro|VBAF sa|CCT labas|NNC .|PMP
"
204,"At|CCA isa|PRI pa|RBI ,|PMC dapat|VBS palagi|RBW kang|PRS_CCP naglilinis|VBTR ng|CCB iyong|PRSP_CCP katawan|NNC bago|RBW matulog|VBW .|PMP
"
205,"Pero|CCT hindi|RBF mo|PRS naman|RBI ako|PRS sinusunod|VBTR ,|PMC ""|PMS sabi|VBS ng|CCB kaniyang|PRSP_CCP Nanay|NNP Mila|NNP .|PMP  
"
206,"""|PMS Pasensya|NNP na|CCP po|RBS ,|PMC Nanay|NNC .|PMP
"
207,"Simula|RBW sa|CCT araw|NNC na|CCP ito|PRO ,|PMC hindi|RBF na|RBI ako|PRS maglalaro|VBTF sa|CCT labas|NNC at|CCA maligo|VBW na|CCP arar|FW -|PMS araw|NNC ,|PMC lalo|JJCC na|RBI kapag|CCR nanggaling|VBTS sa|CCT labas|NNC ,|PMC ""|PMS sagot|NNC ni|DTP Donna|NNP .|PMP
"
208,"Kumuha|VBAF si|DTP Nanay|NNP Mila|NNP ng|CCB suklay|NNC at|CCA sinuklay|VBOF ang|DTC buhok|NNC ni|DTP Donna|NNP para|CCT makuha|VBW ang|DTC mga|DTCP kuto|NNC .|PMP
"
209,"Pagkatapos|VBW ,|PMC nagkuha|VBTS si|DTP Donna|NNP ng|CCB damit|NNC at|CCA tuwalya|NNC .|PMP  
"
210,"""|PMS Nanay|NNP ,|PMC maligo|VBW na|CCP ako|PRS !|PMS  
"
211,"""|PMS sabi|VBS ni|DTP Doona|NNP .|PMP  
"
212,"""|PMS Sige|NNP ,|PMC Nene|NNP .|PMP
"
213,"Iyan|VBTS_VBOF ang|DTC dapat|VBS mong|PRS_CCP gawin|VBOF ,|PMC ""|PMS sabi|VBS ni|DTP Nanay|NNP Mila|NNP .|PMP
"
214,"Kinaumagahan|NNP ,|PMC nangangamot|VBTR pa|RBI rin|RBI ng|CCB ulo|NNC si|DTP Donna|NNP .|PMP  
"
215,"""|PMS Nene|NNP ,|PMC gaputin|FW natin|PRP iyang|VBOF_CCP buhok|NNC mo.|NNCA .|PMP
"
216,"Para|CCT wala|VBN ng|CCB matirhan|NNC at|CCA hindi|RBF na|RBI dumami|VBAF ang|DTC mga|DTCP kuto|NNC ,|PMC ""|PMS sabi|VBS ni|DTP Nanay|NNP Mila|NNP .|PMP  
"
217,"""|PMS Pero|CCT ,|PMC Nanay|NNC ,|PMC sayang|JJD ang|DTC aking|PRSP_CCP buhok|NNC ,|PMC ""|PMS simangot|NNC ni|DTP Donna|NNP .|PMP  
"
218,"""|PMS Nene|NNP ,|PMC huwag|RBF kang|PRS_CCP mabahala|VBW .|PMP
"
219,"Sila|PRP ay|LM tutubo|VBTF muli|RBW .|PMP
"
220,"Ang|DTC importante|JJD ,|PMC maging|VBW malinis|JJD ka|PRS at|CCA mawala|VBW ang|DTC pangangamot|NNC mo|PRS sa|CCT iyong|PRSP_CCP ulo|NNC ,|PMC ""|PMS paliwanag|NNC ni|DTP Nanay|NNP Mila|NNP .|PMP
"
221,"Ang|DTC kaniyang|PRSP_CCP mahaba|JJD ,|PMC makapal|JJD at|CCA nagniningning|VBTR na|CCP buhok|NNC ay|LM unti|JJD -|PMS unting|FW ginuguputian|FW .|PMP
"
222,"Kasama|CCB nito|PRO ay|LM ang|DTC pagbago|NNC ng|CCB kaniyang|PRSP_CCP paguugali|NNC .|PMP
"
223,"Naging|VBTS malinis|JJD sa|CCT kaniyang|PRSP_CCP katawang|NNC_CCP .|PMP
"
224,"Naliligo|VBTS na|CCP siya|PRS gamit|VBS ang|DTC sabon|NNC at|CCA shampoo|NNC ,|PMC lalo|JJCC na|RBI kung|CCR siya|PRS ay|LM galing|RBL sa|CCT labas|JJD .|PMP
"
225,"Nagpapalitan|VBTR na|RBI din|RBI siya|PRS ng|CCB damit|NNC bago|RBW matulog|VBW .|PMP  
"
226,"""|PMS Nanay|NNP ,|PMC tingnan|VBOF mo|PRS !|PMQ
"
227,"wala|VBN na|CCP akong|PRS_CCP kuto|NNC !|PMS
"
228,"Hindi|RBF na|CCP makati|JJD ang|DTC aking|PRSP_CCP ulo|NNC !|PMS  
"
229,"""|PMS masayang|JJD_CCP sabi|VBS ni|DTP Donna|NNP .|PMP  
"
230,"""|PMS Nanay|NNP ,|PMC gusto|VBS ko|PRS sanang|VBS_CCP piumunta|JJN sa|CCT plaza|FW mamayang|RBW_CCP hapon|RBW ,|PMC ""|PMS sabi|VBS ni|DTP Donna|NNP .|PMP  
"
231,"""|PMS Huo|NNP ,|PMC Nene|NNP .|PMP
"
232,"Huwag|RBF mo|PRS lang|RBI kalimutan|VBOF ang|DTC sinabi|VBTS_VBOF kong|PRS_CCP maging|VBW malinis|JJD sa|CCT ating|PRSP_CCP katawan|NNC !|PMS  
"
233,"""|PMS paalala|NNC ni|DTP nanay|NNC Mila|NNP .|PMP
"
234,"Bumalik|VBAF si|DTP Donna|NNP sa|CCT plaza|NNC kung|RBK saan|RBQ madalas|RBD siya|PRS ay|LM naglalaro|VBTR kasama|CCB ang|DTC kaniyang|PRSP_CCP mga|DTCP kabigan|NNC .|PMP  
"
235,"""|PMS Ang|DTC ganda|NNC ng|CCB iyong|PRSP_CCP buhok|NNC ,|PMC Donna|NNP !|PMS
"
236,"Kahit|CCT na|CCP maikli|JJD ,|PMC nandiyan|VBTS pa|RBI rin|RBI ang|DTC kapal|NNC at|CCA kinang|VBOF_CCP !|PMS  
"
237,"""|PMS sabi|VBS ng|CCB kaniyang|PRSP_CCP mga|DTCP kaibigan|NNC .|PMP
"
238,"Lunes|NNP ng|CCB umaga|RBW .|PMP
"
239,"Nagkakagulo|VBTR ang|DTC mga|DTCP tao|NNC sa|CCT bakuran|NNC ni|DTP Aling|PRQ_CCP Sitang|NNC .|PMP
"
240,"Walang|VBN_CCP tigil|NNC ang|DTC pagsasalita|NNC at|CCA pagsisigaw|NNC ng|CCB mga|DTCP kabarangay|NNC na|CCP pagbuksan|VBW sila|PRP ni|DTP Aling|PRQ_CCP Sitang|NNC_CCP upang|CCB makapasok|VBW sila|PRP sa|CCT kaniyang|PRSP_CCP bakuran|NNC .|PMP
"
241,"Palaging|RBD_CCP ganito|PRC ang|DTC kaganapan|NNC bawat|PRI araw|NNC sa|CCT bakuran|NNC ni|DTP Aling|PRQ_CCP Sitang|NNC .|PMP
"
242,"Magkakapit|NNP -|PMS bahay|NNC kami|PRP nila|PRP Aling|PRQ_CCP Sitang|RBS ,|PMC dalawang|JJN_CCP bahay|NNC lamang|RBI ang|DTC pagitan|NNC ng|CCB aming|PRSP_CCP tahanan|NNC sa|CCT kaniyang|PRSP_CCP bakuran|NNC .|PMP
"
243,"Araw|NNP –|CDB araw|NNC na|CCP may|VBH mga|DTCP nakapilang|JJD_CCP tao|NNC sa|CCT harap|NNC ng|CCB kanilang|PRSP_CCP bahay|NNC ,|PMC bitbit|JJD ang|DTC kanilang|PRSP_CCP mga|DTCP bayong|NNC na|CCP gawa|VBS sa|CCT hinabing|JJD_CCP dahon|NNC ng|CCB niyog|NNC ,|PMC na|CCP siya|PRS rin|RBI ginagamit|VBTR ni|DTP nanay|NNC sa|CCT pamimili|NNC sa|CCT aming|PRSP_CCP Bayan|NNP .|PMP  
"
244,"""|PMS Aling|PRQ_CCP Sitang|NNC_CCP …|PMS Aling|PRQ_CCP Sitang|NNC_CCP .|PMP .|PMP
"
245,"kami|PRP ay|LM inyo|PRSP pong|PRO_CCP pagbuksan|NNC .|PMP .|PMP
"
246,"upang|CCB kami|PRP ay|LM makapasok|VBW sa|CCT mahiwaga|JJD mong|PRS_CCP bakuran|NNC ...|PMS ""|PMS ang|DTC sigaw|NNC ni|DTP Mang|NNP Mando|NNP sa|CCT isang|PRI_CCP mambubukid|NNC .|PMP
"
247,"Dumungaw|NNP naman|RBI si|DTP Aling|PRQ_CCP Sitang|NNC sa|CCT bintana|NNC ""|PMS Buksan|VBOF ninyo|PRP ang|DTC kawayan|NNC ng|CCB kayo|PRP ay|LM makapasok|VBW sa|CCT aking|PRSP_CCP bakuran|NNC ""|PMS ang|DTC tugon|NNC naman|RBI ni|DTP Aling|PRQ_CCP Sitang|NNC .|PMP
"
248,"Binuksan|VBTS naman|RBI ito|PRO ni|DTP Mang|NNP Mando|NNP upang|CCB sila|PRP ay|LM tuluyang|RBD_CCP pumasok|VBAF ,|PMC habang|RBW sila|PRP ay|LM naglalakad|VBTR tila|RBM may|VBH nakita|VBTS akong|PRS_CCP kakaiba|JJD sa|CCT mukha|NNC ng|CCB aking|PRSP_CCP mga|DTCP kabarangay|NNC ,|PMC hindi|RBF maipaliwanag|VBW ang|DTC kanilang|PRSP_CCP ngiti|NNC na|CCP siyang|PRS_CCP nakikita|VBTR sa|CCT kanilang|PRSP_CCP mga|DTCP labi|NNC na|CCP tila|RBM nagniningning|VBTS ng|CCB sabik|JJD at|CCA galak|JJD .|PMP
"
249,"Ako|PRS ay|LM labis|JJCS na|CCP nagtataka|VBTR sa|CCT aking|PRSP_CCP mga|DTCP nakikita|VBTR ,|PMC at|CCA bigla|JJD na|CCP lamang|RBI akong|PRS_CCP kinalabit|VBOF ni|DTP Nanay|NNP para|CCT kunin|VBOF ang|DTC aking|PRSP_CCP baon|NNC pagpasok|NNC sa|CCT eskuwela|NNC .|PMP  
"
250,"""|PMS O|NNP …|NNP Ana|NNP kunin|VBOF mo|PRS na|RBI ang|DTC baon|NNC mo|PRS sa|CCT mesa|NNC ,|PMC ito|PRO ’|PMS y|FW nakahanda|VBTS na|RBI ,|PMC tiyak|RBT ika|JJN ’|FW y|FW sisigla|VBTF dahil|CCR sa|CCT mahiwagang|JJD_CCP bakuran|NNC ni|DTP Aling|PRQ_CCP Sitang|NNC_CCP ko|PRS ito|PRO kinuha|VBOF ""|PMS ang|DTC palaging|JJD_CCP bilin|NNC ni|DTP Nanay|NNP sa|CCT akin|PRSP .|PMP
"
251,"Agad|RBW ko|PRS naman|RBI itong|PRO_CCP kinuha|VBOF at|CCA hinalikan|VBOF si|DTP nanay|NNC sa|CCT pisngi|NNC at|CCA naglakad|VBTS papasok|RBD sa|CCT eskuwela|NNC .|PMP
"
252,"Palagi|NNP ako|PRS pinagluluto|VBRF ni|DTP Nanay|NNP ng|CCB meryenda|NNC pagpasok|NNC sa|CCT eskuwela|NNC ,|PMC at|CCA sa|CCT oras|NNC na|CCP ng|CCB meryenda|NNC ako|PRS ’|PMS y|FW nagtataka|VBTR ano|PRQ ang|DTC mayroon|VBH sa|CCT bakuran|NNC ni|DTP Aling|PRQ_CCP Sitang|NNC_CCP at|CCA palagi|RBW nila|PRP itong|PRO_CCP tinatawag|VBTR na|CCP mahiwaga|JJD .|PMP
"
253,"Pag|CCR -|PMS uwi|VBS ko|PRS galing|RBL sa|CCT eskuwela|NNC ,|PMC nadadaanan|VBTR ko|PRS ang|DTC bahay|NNC nila|PRP Aling|PRQ_CCP Sitang|NNC_CCP at|CCA palagi|RBW sa|CCT oras|NNC na|CCP iyon|PRO nakikita|VBTR kong|PRS_CCP nakasara|VBTS na|CCP ang|DTC bakuran|NNC ni|DTP Aling|PRQ_CCP Sitang|NNC ,|PMC kaya|CCR hindi|RBF ko|PRS man|RBI lang|RBI masulyapan|VBW kung|RBK anong|RBQ_CCP hiwaga|JJD ang|DTC nakatago|VBTS sa|CCT kaniyang|PRSP_CCP bakuran|NNC .|PMP
"
254,"Habang|RBW ako|PRS ’|PMS y|FW nagsusulat|VBTR ng|CCB aking|PRSP_CCP takdang|JJD_CCP aralin|VBOF sa|CCT aming|PRSP_CCP balkonahe|NNC ,|PMC nakita|VBTS ko|PRS si|DTP Aling|PRQ_CCP Sitang|NNC ,|PMC padaan|NNC sa|CCT aming|PRSP_CCP bakuran|NNC ,|PMC ""|PMS Magandang|JJD_CCP hapon|RBW po|RBS Aling|PRQ_CCP Sitang|NNC_CCP ""|PMS ang|DTC aking|PRSP_CCP bati|NNC .|PMP  
"
255,"""|PMS O.|NNPA .|PMP
"
256,"Ana|NNP magandang|JJD_CCP hapon|NNC din|RBI anak|NNC ,|PMC magaling|JJD at|CCA masipag|JJD na|CCP bata|NNC ,|PMC palaging|RBD_CCP nagbabasa|VBTR at|CCA gumagawa|VBTR_VBAF ng|CCB kaniyang|PRSP_CCP takdang|JJD_CCP –|PMS aralin|VBOF ""|PMS ang|DTC tugon|NNC ni|DTP Aling|PRQ_CCP Sitang|NNC .|PMP
"
257,"Lumabas|VBAF ako|PRS sa|CCT aming|PRSP_CCP bakuran|NNC at|CCA nilapitan|VBTS sa|CCT Aling|PRQ_CCP Sitang|NNC ,|PMC nakita|VBTS ko|PRS na|CCP hawak|JJD niya|PRS ang|DTC isang|PRI_CCP timbang|NNC punong|JJD_CCP -|PMS puno|NNC ng|CCB itim|JJD na|CCP lupa|NNC .|PMP  
"
258,"""|PMS Aling|PRQ_CCP Sitang|NNC_CCP ano|PRQ po|RBS ang|DTC inyong|PRSP_CCP hawak|NNC ?|PMQ  
"
259,"""|PMS tanong|NNC ko|PRS ,|PMC ""|PMS A.|NNPA .|PMP
"
260,"eto|FW ba|FW anak|NNC ?|PMQ
"
261,"ito|PRO ay|LM lupa|NNC na|CCP mula|RBL sa|CCT mga|DTCP tuyong|JJD_CCP dahon|NNC at|CCA balat|NNC ng|CCB mga|DTCP prutas|NNC o|CCT mas|JJCC kilala|JJD sa|CCT tawag|NNC na|CCP ganagan|NNC (|PMS Iluko|NNC )|PMS o|CCT fertilizer|FW (|PMS Ingles|NNP )|PMS ng|CCB mga|DTCP mambubukid|NNC ,|PMC isa|PRI itong|PRO_CCP pampasustansiya|NNC sa|CCT aking|PRSP_CCP bakuran|NNC ""|PMS ang|DTC sagot|NNC niya|PRS .|PMP  
"
262,"""|PMS Aling|PRQ_CCP Sitang|NNC_CCP ano|PRQ po|RBS ba|RBI ang|DTC hiwagang|NNC_CCP nakatago|VBTS sa|CCT inyong|PRSP_CCP bakuran|NNC ,|PMC at|CCA bawat|PRI araw|NNC maingay|JJD ang|DTC ating|PRSP_CCP mga|DTCP kabarangay|NNC sa|CCT harap|NNC ng|CCB iyong|PRSP_CCP bakuran|NNC tuwing|RBW umaga|RBW ?|PMQ  
"
263,"""|PMS tanong|NNC ulit|RBW ni|DTP Ana|NNP .|PMP  
"
264,"""|PMS Gusto|VBS mo|PRS makita|VBW ,|PMC anak|NNC …|PMS halika|NNC at|CCA ipapasyal|JJD kita|NNC ""|PMS sabi|VBS ni|DTP Aling|PRQ_CCP Sitang|NNC .|PMP
"
265,"Habang|RBW kami|PRP ay|LM naglalakad|VBTR patungo|RBL sa|CCT bakuran|NNC ni|DTP Aling|PRQ_CCP Sitang|RBS ,|PMC ako|PRS ’|PMS y|FW nananabik|VBTR na|CCP makita|VBW ang|DTC mahiwagang|JJD_CCP bakuran|NNC na|CCP sinasabi|VBTR ng|CCB mga|DTCP tao|NNC sa|CCT aming|PRSP_CCP barangay|NNC .|PMP
"
266,"Sa|CCT aming|PRSP_CCP pagpasok|NNC tila|RBM nanlamig|VBTS ang|DTC aking|PRSP_CCP pakiramdam|NNC na|CCP sinabayan|VBOF pa|RBI ng|CCB isang|PRI_CCP malamig|JJD na|CCP ihip|NNC ng|CCB hangin|NNC .|PMP
"
267,"Nakita|VBTS ko|PRS ang|DTC isang|PRI_CCP luntiang|JJD_CCP hardin|NNC ni|DTP Aling|PRQ_CCP Sitang|NNC na|CCP may|VBH iba|PRI ’|PMS t|NNCA ibang|PRI_CCP kulay|NNC at|CCA anyo|NNC ng|CCB mga|DTCP prutas|NNC at|CCA gulay|NNC .|PMP
"
268,"Totoong|RBT_CCP mahiwaga|JJD ang|DTC bakurang|NNC_CCP ito|PRO ,|PMC dahil|CCR matataba|VBTF ang|DTC mga|DTCP pananim|NNC dito|PRL ,|PMC ang|DTC kaniyang|PRSP_CCP lumalambiting|VBTR_VBAF_CCP mahahaba|JJD at|CCA matatabang|JJD_CCP ampalaya|NNC na|CCP nakapulupot|VBTS sa|CCT isang|PRI_CCP sanga|NNC ng|CCB kawayan|NNC ,|PMC ang|DTC nagkukulay|VBTS dalandan|NNC na|CCP hinog|NNC na|CCP papaya|NNC ,|PMC berdeng|JJD_CCP -|PMS berdeng|JJD_CCP sili|NNC ,|PMC petchay|NNC at|CCA mga|DTCP sitaw|NNC na|CCP kasinghaba|JJCC ng|CCB isang|PRI_CCP latigo|NNC .|PMP
"
269,"Mabibilog|NNP at|CCA malulusog|JJD na|CCP pakwan|NNC ,|PMC kalabasa|NNC at|CCA rambutan|NNC at|CCA marami|PRI pang|RBI_CCP iba|PRI ’|PMS t|NNCA ibang|PRI_CCP uri|NNC ng|CCB gulay|NNC at|CCA prutas|NNC na|CCP parang|CCT lahat|PRI nito|PRO ay|LM matatagpuan|VBTF sa|CCT awiting|NNC_CCP bahay|NNC -|PMS kubo|NNC .|PMP
"
270,"Nasaksihan|VBTS ng|CCB aking|PRSP_CCP dalawang|JJN_CCP mata|NNC ang|DTC tunay|JJD na|CCP hiwaga|NNC ng|CCB bakuran|NNC ni|DTP Aling|PRQ_CCP Sitang|RBS ,|PMC talaga|RBT namang|RBI_CCP matatawag|VBTF itong|PRO_CCP mahiwaga|JJD dahil|CCR dala|JJD nito|PRO ’|PMS y|FW karangalan|NNC sa|CCT aming|PRSP_CCP munting|JJD_CCP barangay|NNC .|PMP
"
271,"Sa|CCT susunod|JJD na|CCP linggo|NNC ,|PMC bibigyan|VBTF ng|CCB parangal|NNC ang|DTC aming|PRSP_CCP munting|JJD_CCP barangay|NNC dahil|CCR sa|CCT mahiwagang|JJD_CCP bakuran|NNC ni|DTP Aling|PRQ_CCP Sitang|NNC na|CCP modelo|NNC ng|CCB masustansiyang|JJD_CCP bayan|NNC sa|CCT aming|PRSP_CCP lalawigan|NNC .|PMP
"
272,"""|PMS Kokoy|NNC ,|PMC kung|CCR hindi|RBF ka|PRS iidlip|VBTF ,|PMC kukunin|VBTF_VBOF ka|PRS ni|DTP Kurakog|NNP ,|PMC ang|DTC higante|RBD na|CCP nakatira|VBTS sa|CCT Bundok|NNP Isarog|NNP .|PMP  
"
273,"""|PMS Iyan|VBTS_VBOF ang|DTC sinasabi|VBTR ng|CCB matatanda|NNC para|CCT matakot|VBW ako|PRS .|PMP
"
274,"Malaking|JJD_CCP nilalang|NNC si|DTP Kurakog|NNP .|PMP
"
275,"Kaya|CCR ka|PRS niyang|PRS_CCP durugin|VBOF na|CCP parang|CCT insekto|NNC .|PMP
"
276,"Yumuyugyog|NNP ang|DTC mga|DTCP puno|NNC ng|CCB niyog|NNC kapag|CCR siya|PRS ay|LM naglalakad|VBTR .|PMP
"
277,"Nakakabingi|VBTR ang|DTC boses|NNC niya|PRS .|PMP
"
278,"Kapag|CCR siya|PRS ay|LM umiiyak|VBTR_VBAF ,|PMC ang|DTC kanyang|PRSP_CCP mga|DTCP luha|NNC ay|LM maaaring|RBM punan|VBOF ang|DTC ilog|NNC ng|CCB tubig|NNC .|PMP
"
279,"Ang|DTC kanyang|PRSP_CCP hininga|NNC ay|LM kayang|RBD_CCP pagalawin|VBOF ang|DTC Bundok|NNP Isarog|NNP at|CCA Bulkang|NNP_CCP Mayon|NNP .|PMP
"
280,"Si|DTP Kurakog|NNP ay|LM isang|PRI_CCP nakakatakot|RBD na|CCP nilalang|NNC .|PMP
"
281,"Kukunin|NNP ako|PRS ni|DTP Kurakog|NNP .|PMP
"
282,"Iyan|NNP ang|DTC sasabihin|VBTF sa|CCT akin|PRSP ng|CCB mga|DTCP matatanda|NNC kung|RBK hindi|RBF ako|PRS umidlip|VBTR sa|CCT hapon|RBW .|PMP
"
283,"Ngunit|CCT nagbago|VBTS ang|DTC kwento|NNC nila|PRP nang|RBW niligtas|VBTS ni|DTP Kurakog|NNP ang|DTC Kamaligan|NNP ,|PMC ang|DTC aming|PRSP_CCP nayon|NNC .|PMP
"
284,"Ang|DTC dating|JJD_CCP kinakatakutan|VBTR na|CCP higante|RBD ay|LM naging|VBTS kaibigan|NNC .|PMP
"
285,"Napakalaki|JJCS_JJD ng|CCB buwan|NNC nang|RBW gabing|RBW_CCP iyon|PRO .|PMP
"
286,"Napakaliwanag|VBTS nito|PRO na|CCP parang|CCT Araw|NNP sa|CCT umaga|RBW .|PMP
"
287,"Napakalapit|VBTS din|RBI nito|PRO na|CCP parang|CCT nasa|RBL tuktok|NNC ng|CCB Bundok|NNP Isarog|NNP .|PMP
"
288,"Namangha|VBTS ang|DTC mga|DTCP taong|NNC_CCP bayan|NNC ng|CCB Kamaligan|NNP .|PMP
"
289,"Nagdiwang|VBTS ang|DTC mga|DTCP tao|NNC .|PMP  
"
290,"""|PMS Ang|DTC buwan|NNC !|PMS
"
291,"Ang|DTC buwan|NNC !|PMS
"
292,"Hindi|RBF na|CCP muling|RBW_CCP magdidilim|VBTF !|PMS  
"
293,"""|PMS Nagtipon|VBTS ang|DTC lahat|PRI at|CCA nagbigay|VBTS pasasalamat|RBS .|PMP
"
294,"Nag|NNP -|PMS alay|NNC sila|PRP ng|CCB mga|DTCP prutas|NNC at|CCA mga|DTCP gulay|NNC .|PMP
"
295,"Nagsayaw|VBTS sila|PRP hanggang|RBW hatinggabi|RBW at|CCA kumanta|VBAF .|PMP
"
296,"May|VBH tumugtog|VBAF ng|CCB gitara|NNC .|PMP
"
297,"May|VBH pumalo|VBAF ng|CCB tambol|NNC .|PMP
"
298,"May|VBH sumipol|VBAF .|PMP
"
299,"Kinabukasan|RBW ,|PMC hindi|RBF lumitaw|VBAF ang|DTC Araw|NNP .|PMP
"
300,"Lumipas|VBAF ang|DTC gabi|NNC ,|PMC at|CCA nanatili|VBTS ang|DTC Buwan|NNP .|PMP
"
301,"Muling|RBW_CCP natulog|VBTS ang|DTC mga|DTCP taga|JJD -|PMS Kamaligan|NNP at|CCA naghintay|VBTS ng|CCB umaga|RBW .|PMP
"
302,"Ngunit|CCT kinabukasan|RBW ,|PMC hindi|RBF muling|RBW_CCP nagpakita|VBTS ang|DTC Araw|NNP .|PMP
"
303,"Pagkatapos|VBW ay|LM nagsimulang|RBD_CCP matuyo|VBW ang|DTC mga|DTCP halaman|NNC .|PMP
"
304,"Hindi|RBF na|CCP namumunga|VBTR ang|DTC mga|DTCP pananim|NNC ng|CCB mga|DTCP magsasaka|NNC .|PMP
"
305,"Naging|VBTS malungkot|JJD ang|DTC mga|DTCP pananim|NNC na|CCP gulay|NNC at|CCA prutas|NNC .|PMP
"
306,"Nagsimulang|VBTS_CCP umapaw|VBAF ang|DTC ilog|NNC .|PMP
"
307,"Lagi|RBW na|CCP ngayong|RBW_CCP binabaha|VBTR ang|DTC nayon|NNC ng|CCB Kamaligan|NNP .|PMP
"
308,"Sama|NNP -|PMS samang|NNC_CCP nagmakaawa|VBTS ang|DTC sambayanan|NNC sa|CCT buwan|NNC .|PMP
"
309,"Na|CCP ito|PRO ’|PMS y|FW magpahinga|VBW muna|RBI nang|RBW masilayan|VBW muna|RBI nila|PRP ang|DTC araw|NNC .|PMP
"
310,"Muli|RBW silang|PRP_CCP nag|NNCA -|PMS alay|NNC ng|CCB mga|DTCP prutas|NNC at|CCA gulay|NNC ngunit|CCT ito|PRO ’|PMS y|FW lanta|FW na|CCP .|PMP
"
311,"Nagmakaawa|VBTS ang|DTC sambayanan|NNC ""|PMS O|NNPA aming|PRSP_CCP buwan|NNC napakaganda|JJCS_JJD mong|PRS_CCP tunay|RBT ngunit|CCT kailangan|VBS rin|RBI namin|PRP ang|DTC sinag|NNC ng|CCB araw|NNC !|PMS  
"
312,"""|PMS Subalit|CCT ayaw|RBF pa|RBI rin|RBI magpahinga|VBW ng|CCB Buwan|NNP .|PMP
"
313,"Maligaya|JJD lang|RBI itong|PRO_CCP nakatitig|VBTS sa|CCT kalangitan|NNC .|PMP
"
314,"Nagpasya|VBTS ang|DTC matatanda|NNC na|CCP humingi|VBAF ng|CCB tulong|NNC kay|DTP Kurakog|NNP .|PMP
"
315,"Nakiusap|VBTS silang|PRP_CCP harangan|VBOF ang|DTC Buwan|NNP at|CCA imbitahang|RBD_CCP bumalik|VBAF ang|DTC Araw|NNP .|PMP  
"
316,"""|PMS Kurakog|NNP !|PMS
"
317,"Kurakog|NNP !|PMS
"
318,"Tulungan|VBOF mo|PRS kami|PRP ,|PMC ""|PMS pakiusap|NNC ng|CCB matanda|JJD .|PMP  
"
319,"""|PMS Ano|PRQ ang|DTC maitutulong|JJD_CCP ko|PRS ?|PMQ  
"
320,"""|PMS sagot|NNC ni|DTP Kurakog|NNP .|PMP  
"
321,"""|PMS Lagi|RBW namang|RBI_CCP gabi|RBW ,|PMC hindi|RBF na|RBI tumutubo|VBTR_VBAF ang|DTC mga|DTCP pananim|NNC .|PMP
"
322,"Laging|RBD_CCP umaapaw|VBTR ang|DTC ilog|NNC ,|PMC ""|PMS paliwanag|NNC ng|CCB matanda|JJD .|PMP  
"
323,"""|PMS Sige|NNP ,|PMC tutulong|VBTF ako|PRS ,|PMC ""|PMS sabi|VBS ni|DTP Kurakog|NNP .|PMP
"
324,"Dahan|NNP -|PMS dahang|NNC_CCP bumangon|VBAF si|DTP Kurakog|NNP .|PMP
"
325,"Maingat|RBD siyang|PRS_CCP gumalaw|VBAF .|PMP
"
326,"Itinago|VBTS ni|DTP Kurakog|NNP ang|DTC Buwan|NNP sa|CCT likod|NNC niya|PRS .|PMP
"
327,"Napuno|VBTS ng|CCB dilim|NNC ang|DTC buong|PRI_CCP nayon|NNC ng|CCB Kamaligan|NNP .|PMP
"
328,"Naging|VBTS malungkot|JJD ang|DTC mga|DTCP tao|NNC .|PMP
"
329,"Pagkatapos|VBW ay|LM inanyayahan|VBTS ni|DTP Kurakog|NNP ang|DTC Araw|NNP pabalik|RBD .|PMP
"
330,"Nakita|VBTS muli|RBW ang|DTC kagandahan|NNC ng|CCB Kamaligan|NNP .|PMP
"
331,"Naging|VBTS mapayapa|RBD ang|DTC ilog|NNC ,|PMC tulad|JJC ng|CCB natutulog|VBTR na|CCP sanggol|NNC .|PMP
"
332,"Masaya|NNP din|RBI si|DTP Kurakog|NNP .|PMP
"
333,"Ngunit|CCT nagmakaawa|VBTS ang|DTC Buwan|NNP kay|DTP Kurakog|NNP na|CCP hayaan|VBOF siyang|PRS_CCP makita|VBW ang|DTC mga|DTCP ulap|NNC at|CCA mga|DTCP bituin|NNC .|PMP  
"
334,"""|PMS Sige|NNP ,|PMC ""|PMS sabi|VBS ni|DTP Kurakog|NNP .|PMP  
"
335,"""|PMS Hanggang|RBW hawak|JJD kita|NNC ,|PMC pwede|VBS kang|PRS_CCP sumilip|VBAF sa|CCT kalangitan|NNC .|PMP
"
336,"Papayagan|VBTF din|RBI kitang|RBD_CCP makita|VBW ang|DTC mga|DTCP ulap|NNC .|PMP  
"
337,"""|PMS Masaya|NNP ang|DTC mga|DTCP taong|NNC_CCP bayan|NNC ng|CCB Kamaligan|NNP .|PMP
"
338,"Parating|RBD_CCP nariyan|VBTS si|DTP Kurakog|NNP ,|PMC palagi|RBW kaming|PRP_CCP prinoprotektahan|VBTR .|PMP
"
339,"Ngayon|RBW may|VBH mga|DTCP gabing|RBW_CCP ang|DTC Buwan|NNP ay|LM mukhang|RBM buo|JJD at|CCA bilog|JJD dahil|CCR hawak|JJD ito|PRO ni|DTP Kurakog|NNP nang|RBW malapitan|RBD .|PMP
"
340,"May|VBH mga|DTCP gabing|RBW_CCP kalahati|PRI lamang|RBI ng|CCB Buwan|NNP ang|DTC makikita|VBTF dahil|CCR natatakpan|VBTR ito|PRO ng|CCB mga|DTCP kamay|NNC niya|PRS .|PMP
"
341,"Kapag|CCR wala|VBN ang|DTC Buwan|NNP sa|CCT kalangitan|NNC ,|PMC nasa|RBL Bundok|NNP Isarog|VBOF si|DTP Kurakog|NNP ,|PMC natutulog|VBTR .|PMP
"
342,"Si|DTP Kurakog|NNP ,|PMC na|CCP dating|JJD_CCP kinakatakutan|VBTR sa|CCT kwento|NNC ng|CCB mga|DTCP matatanda|NNC ,|PMC ay|LM kaibigan|NNC na|CCP ngayon|RBW ng|CCB mga|DTCP taong|NNC_CCP bayan|NNC ng|CCB Kamaligan|NNP —|CDB lalo|JJCC na|RBI ng|CCB mga|DTCP bata|NNC na|CCP kailangang|VBS_CCP umidlip|VBAF tuwing|RBW hapon|RBW .|PMP  
"
343,"""|PMS Kokoy|NNP ,|PMC si|DTP Kurakog|NNP ay|LM mananatili|VBTR sa|CCT iyo|PRSP upang|CCB makatulog|VBW ka|PRS ,|PMC ""|PMS ang|DTC sabi|VBS sa|CCT akin|PRSP ng|CCB mga|DTCP matatanda|NNC ngayon|RBW .|PMP
"
344,"Ang|DTC aklat|NNC na|CCP ito|PRO ay|LM binuo|VBTS bilang|CCT bahagi|NNC ng|CCB ABC|NNPA +|PMS :|PMS Advancing|NNP Basic|NNP Education|NNP in|NNP the|FW Philippines|NNP project|FW .|PMP
"
345,"ABC|NNPA +|PMS is|FW a|FW partnership|FW of|FW USAID|NNPA and|FW the|FW Department|NNP of|FW Education|NNP (|PMS DepEd|FW )|PMS ,|PMC implemented|FW by|FW RTI|PMS International|NNP together|FW with|FW the|FW Asia|NNP Foundation|NNP ,|PMC SIL|NNPA LEAD|NNPA ,|PMC and|FW Florida|NNP State|NNP University|NNP .|PMP
"
346,"Ang|DTC mga|DTCP workshop|NNC at|CCA propesyonal|JJD na|CCP pagpapaunlad|NNC ,|PMC kasama|CCB ang|DTC pag|CCR -|PMS edit|NNC at|CCA disenyo|NNC ng|CCB aklat|NNC na|CCP ito|PRO ,|PMC ay|LM isinagawa|VBTS sa|CCT suporta|NNC ng|CCB Parasurat|NNP Bikolnon|NNP .|PMP
"
347,"Ang|DTC aklat|NNC ay|LM nirepaso|VBTS ng|CCB Kagawaran|NNP ng|CCB Edukasyon|NNP —|PMS Rehiyon|NNP V|CDB para|CCT sa|CCT katiyakan|NNC ng|CCB kalidad|NNC .|PMP
"
348,"Kung|CCR kokopyahin|NNC at|CCA ipamamahagi|VBTF mo|PRS ang|DTC gawaing|NNC_CCP ito|PRO sa|CCT kabuuan|PRI nito|PRO ,|PMC nang|RBD hindi|RBF gumagawa|VBTR_VBAF ng|CCB mga|DTCP pagbabago|NNC sa|CCT
"
349,"Si|DTP Pia|NNP ay|LM umuuwi|VBTR_VBAF sa|CCT tabi|NNC ng|CCB dagat|NNC ng|CCB Baryo|NNP Lamawan|NNP kasama|CCB sina|DTPP Nanay|NNP Lisa|NNP at|CCA Manong|NNP Jessie|NNP .|PMP
"
350,"Mahilig|RBD siyang|PRS_CCP maghukay|VBAF ng|CCB buhangin|NNC ,|PMC maglakad|VBAF sa|CCT pampang|NNC ,|PMC at|CCA manood|VBW ng|CCB mga|DTCP isda|NNC sa|CCT mga|DTCP bato|NNC .|PMP  
"
351,"""|PMS Nanay|NNP ,|PMC maglalaro|VBTF muna|RBI ako|PRS sa|CCT dagat|NNC ,|PMC ""|PMS sabi|VBS ni|DTP Pia|NNP .|PMP  
"
352,"""|PMS Pia|NNP ,|PMC umuwi|VBAF ka|PRS bago|RBW dumilim|VBAF ,|PMC ha|NNCA ?|PMQ  
"
353,"""|PMS bilin|NNC ng|CCB kaniyang|PRSP_CCP Nanay|NNC .|PMP  
"
354,"""|PMS Oo|RBT ,|PMC Nanay|NNC !|PMS  
"
355,"""|PMS sabi|VBS ni|DTP Pia|NNP .|PMP  
"
356,"""|PMS Nang|RBW malapit|JJD na|CCP siya|PRS sa|CCT pampang|NNC ay|LM may|VBH nakita|VBTS siyang|PRS_CCP aso|NNC na|CCP may|VBH dala|JJD -|PMS dalang|JJD_CCP itlog|NNC .|PMP  
"
357,"""|PMS Aso|NNC ,|PMC saan|PRQ nanggaling|VBTS ang|DTC dala|JJD -|PMS dala|JJD mong|PRS_CCP itlog|NNC ?|PMQ  
"
358,"""|PMS tanong|NNC ni|DTP Pia|NNP .|PMP
"
359,"Tiningnan|VBOF at|CCA dinaanan|VBOF lang|RBI siya|PRS ng|CCB aso|NNC .|PMP  
"
360,"""|PMS Saan|PRQ kaya|CCR nanggaling|VBTS ang|DTC itlog|NNC ?|PMQ  
"
361,"""|PMS ang|DTC palaisipan|NNC ni|DTP Pia|NNP .|PMP
"
362,"Sinundan|VBTS niya|PRS ang|DTC marka|NNC ng|CCB mga|DTCP paa|NNC ng|CCB aso|NNC .|PMP
"
363,"Papunta|VBW ito|PRO sa|CCT ilalim|JJD ng|CCB kahoy|NNC na|CCP Pandan|NNP .|PMP
"
364,"Doon|PRL ,|PMC nakita|VBTS niya|PRS ang|DTC dalawang|JJN_CCP batang|JJD_CCP naghuhukay|VBTR ng|CCB buhangin|NNC .|PMP  
"
365,"""|PMS Ano|PRQ iyang|VBTS_CCP hinuhukay|RBD ninyo|PRP ?|PMQ  
"
366,"""|PMS tanong|NNC ni|DTP Pia|NNP .|PMP  
"
367,"""|PMS Wala|VBN ,|PMC umalis|VBAF ka|PRS dito|PRL !|PMS  
"
368,"""|PMS sagot|NNC ng|CCB isa|PRI .|PMP
"
369,"Lumaki|VBAF ang|DTC mga|DTCP mata|NNC ni|DTP Pia|NNP nang|RBW makita|VBW na|CCP may|VBH laman|NNC ang|DTC butas|NNC na|CCP hinuhukay|VBTS nila|PRP .|PMP  
"
370,"""|PMS Psst|NNP !|PMS
"
371,"Ano|PRQ ang|DTC kinukuha|VBTR ninyo|PRP dyan|RBD ?|PMQ  
"
372,"""|PMS tanong|NNC ng|CCB malaking|JJD_CCP boses|NNC .|PMP
"
373,"Tumakas|VBAF ang|DTC dalawang|JJN_CCP mga|DTCP bata|NNC pagdating|VBW ni|DTP Jessie|NNP ,|PMC ang|DTC kuya|NNC ni|DTP Pia|NNP .|PMP
"
374,"Isa|PRI si|DTP Jessie|NNP sa|CCT mga|DTCP taong|NNC_CCP nag|CDB -|PMS aalaga|NNC sa|CCT lugar|NNC ng|CCB mga|DTCP Pawikan|NNC sa|CCT kanilang|PRSP_CCP baryo|NNC .|PMP  
"
375,"""|PMS Manong|NNP ,|PMC bago|RBW lang|RBI ako|PRS dito|PRL .|PMP
"
376,"Nakita|VBTS ko|PRS ang|DTC aso|NNC na|CCP may|VBH dalang|JJD_CCP itlog|NNC galing|RBL dito|PRL .|PMP
"
377,"Pagdating|VBW ko|PRS ,|PMC nadatnan|VBTS ko|PRS na|CCP may|VBH hinuhukay|VBTS sila|PRP na|CCP butas|NNC ,|PMC ""|PMS sabi|VBS ni|DTP Pia|NNP .|PMP  
"
378,"""|PMS Ito|PRO talaga|RBT ang|DTC sinasabi|VBTR ko|PRS .|PMP
"
379,"Mauubos|VBTF ang|DTC mga|DTCP itlog|NNC kung|RBK hindi|RBF ito|PRO lalagyan|VBTF ng|CCB bakod|NNC ,|PMC ""|PMS pagkabahala|NNC na|CCP sabi|VBS ni|DTP Jessie|NNP .|PMP
"
380,"Tiningnan|VBOF ni|DTP Jessie|NNP ang|DTC buong|PRI_CCP paligid|NNC ng|CCB butas|NNC .|PMP
"
381,"Tinuro|VBTS niya|PRS kay|DTP Pia|NNP ang|DTC marami|PRI pang|RBI_CCP mga|DTCP itlog|NNC na|CCP parang|CCT mga|DTCP bato|NNC -|PMS bantiling|FW na|CCP pumuputi|VBTR_VBAF kapag|CCR tinatamaan|VBTR ng|CCB sinag|NNC ng|CCB araw|NNC .|PMP  
"
382,"""|PMS Itlog|NNC ng|CCB ano|PRQ ito|PRO ,|PMC Manong|VBTF ?|PMQ  
"
383,"""|PMS tanong|NNC ni|DTP Pia|NNP habang|RBW tinatanaw|VBTR ang|DTC butas|NNC na|CCP hanggang|RBW baywang|NNC ang|DTC lalim|NNC .|PMP  
"
384,"""|PMS Ito|PRO ay|LM mga|DTCP itlog|NNC ng|CCB pawikan|NNC ,|PMC ""|PMS pagpapaliwang|NNC ni|DTP Jessie|NNP .|PMP  
"
385,"""|PMS Pawikan|NNP ?|PMQ
"
386,"Saan|PRQ ang|DTC nanay|NNC ng|CCB Pawikan|NNC ?|PMQ  
"
387,"""|PMS tanong|NNC ni|DTP Pia|NNP .|PMP
"
388,"Hinanap|VBOF ni|DTP Pia|NNP ang|DTC nangitlog|VBTS na|CCP Pawikan|NNC .|PMP  
"
389,"""|PMS Wala|VBN na|CCP rito|PRL .|PMP
"
390,"Lumuluwas|NNP lamang|RBI ang|DTC nanay|NNC ng|CCB pawikan|NNC kapag|CCR gabi|RBW o|CCT hindi|RBF kaya|CCR ay|LM kapag|CCR madaling|RBD_CCP -|PMS araw|NNC para|CCT mangitlog|VBW .|PMP
"
391,"Marami|PRI ang|DTC kanilang|PRSP_CCP mga|DTCP itlog|NNC ,|PMC kaya|CCR malalim|JJD ang|DTC kanilang|PRSP_CCP ginagawang|VBTR_CCP butas|NNC ,|PMC ""|PMS paliwanag|NNC ni|DTP Jessie|NNP .|PMP  
"
392,"""|PMS Ilan|PRQ ang|DTC mga|DTCP itlog|NNC sa|CCT pugad|NNC ,|PMC Manong|VBTF ?|PMQ  
"
393,"""|PMS tanong|NNC ni|DTP Pia|NNP .|PMP
"
394,"Nakatutok|JJD si|DTP Pia|NNP kay|DTP Manong|NNP Jessie|NNP na|CCP inaayos|VBTR at|CCA binibilang|VBTR ang|DTC mga|DTCP itlog|NNC .|PMP  
"
395,"""|PMS Isang|PRI_CCP daan|NNC !|PMS
"
396,"Minsan|RBW ,|PMC sobra|JJCS pa|RBI .|PMP
"
397,"Ang|DTC mangingitlog|JJD na|CCP pawikan|NNC ay|LM makahuhukay|VBW ng|CCB lima|CDB hanggang|RBW pitong|JJN_CCP mga|DTCP butas|NNC .|PMP
"
398,"Ilang|PRQ_CCP beses|NNC din|RBI itong|PRO_CCP pabalik|RBD -|PMS balik|NNC upang|CCB mangitlog|VBW ,|PMC ""|PMS paliwanang|NNC_CCP ni|DTP Jessie|NNP .|PMP  
"
399,"""|PMS Paano|PRQ napipisa|VBTS ang|DTC mga|DTCP itlog|NNC kung|CCR wala|VBN ang|DTC nanay|NNC ?|PMQ  
"
400,"""|PMS tanong|NNC ni|DTP Pia|NNP .|PMP  
"
401,"""|PMS Ang|DTC init|NNC ng|CCB panahon|NNC at|CCA buhangin|NNC ang|DTC maaring|VBS_CCP makapagpisa|VBW sa|CCT mga|DTCP itlog|NNC .|PMP
"
402,"Kung|CCR napipisa|VBTS na|RBI ang|DTC mga|DTCP itlog|NNC ,|PMC umaakyat|VBTR_VBAF ang|DTC mga|DTCP maliliit|JJD na|CCP pawikan|NNC at|CCA lalabas|VBTF sa|CCT butas|NNC papunta|VBW sa|CCT dagat|NNC .|PMP
"
403,"Kailangang|VBS_CCP nandito|VBTS tayo|PRP para|CCT matulungan|VBW sila|PRP na|CCP makapunta|VBW sa|CCT tubig|NNC ,|PMC ""|PMS sagot|NNC ni|DTP Jessie|NNP .|PMP
"
404,"Nakangiti|VBTS si|DTP Jessie|NNP sa|CCT nakababatang|JJD_CCP kapatid|NNC nito|PRO na|CCP nahumaling|VBTS sa|CCT mga|DTCP pawikan|NNC .|PMP  
"
405,"""|PMS Kailan|PRI mapipisa|VBW ang|DTC mga|DTCP itlog|NNC ng|CCB pawikan|NNC ?|PMQ  
"
406,"""|PMS tanong|NNC ni|DTP Pia|NNP .|PMP  
"
407,"""|PMS Mga|DTCP dalawang|JJN_CCP buwan|NNC ang|DTC hinihintay|VBTR ,|PMC ""|PMS tantiya|JJD ni|DTP Jessie|NNP .|PMP  
"
408,"""|PMS Nagagandahan|VBTR ba|RBI sila|PRP rito|PRL sa|CCT atin|PRSP ?|PMQ  
"
409,"""|PMS tanong|NNC ni|DTP Pia|NNP .|PMP  
"
410,"""|PMS At|CCA dito|PRL sila|PRP nangingitlog|VBTR !|PMQ ""|PMS  
"
411,"""|PMS Palagi|RBW silang|PRP_CCP bumabalik|VBTR_VBAF sa|CCT lugar|NNC kung|RBK saan|RBQ sila|PRP napisa|VBTS ,|PMC kahit|CCT na|CCP malayo|JJD pa|RBI ang|DTC kanilang|PRSP_CCP lalanguyin|VBTF ,|PMC ""|PMS paliwanag|NNC ni|DTP Jessie|NNP .|PMP  
"
412,"""|PMS Kaunti|PRI nalang|VBTS ang|DTC mga|DTCP Pawikan|NNC sa|CCT ating|PRSP_CCP mundo|NNC .|PMP
"
413,"Namamatay|VBTR pa|RBI sila|PRP kapag|CCR nakakakain|VBTR ng|CCB mga|DTCP basura|NNC sa|CCT dagat|NNC .|PMP
"
414,"Kung|CCR maraming|PRI_CCP mga|DTCP pantalan|NNC at|CCA bahay|NNC ang|DTC napapatayo|VBTR sa|CCT mga|DTCP tabing|NNC -|PMS dagat|NNC ,|PMC nawawalan|VBTR din|RBI sila|PRP ng|CCB mga|DTCP lugar|NNC na|CCP maaring|RBM mapangitlogan|VBW .|PMP
"
415,"Kinakain|VBTR ang|DTC mga|DTCP maliliit|JJD na|CCP pawikan|NNC ng|CCB mga|DTCP ibon|NNC at|CCA isda|NNC ,|PMC ""|PMS kuwento|NNC ni|DTP Jessie|NNP .|PMP
"
416,"Tinatabunan|VBTS ni|DTP Jessie|NNP ng|CCB buhangin|NNC ang|DTC mga|DTCP itlog|NNC .|PMP
"
417,"Tumulong|VBAF din|RBI si|DTP Pia|NNP .|PMP  
"
418,"""|PMS Kailangan|VBS palang|NNC_CCP pakaingatan|JJD ang|DTC mga|DTCP itlog|NNC na|CCP ito|PRO ,|PMC ""|PMS sabi|VBS ni|DTP Pia|NNP .|PMP  
"
419,"""|PMS Kung|CCR kaya|CCR ay|LM kailangan|VBS nating|PRP_CCP bakuran|VBOF ito|PRO .|PMP
"
420,"Puwede|NNP mo|PRS bang|RBI_CCP hawakan|VBOF ito|PRO ,|PMC Pia|NNP ,|PMC ""|PMS sabi|VBS ni|DTP Jessie|NNP .|PMP
"
421,"Ibinaon|VBTS ni|DTP Jessie|NNP sa|CCT buhangin|NNC at|CCA itinali|VBTS ang|DTC dalawang|JJN_CCP poste|NNC sa|CCT kahoy|NNC ng|CCB pandan|NNC .|PMP  
"
422,"""|PMS Manong|NNP ,|PMC sabihan|VBOF mo|PRS ako|PRS kung|RBK lalabas|VBTF na|RBI sa|CCT butas|NNC ang|DTC mga|DTCP anak|NNC ng|CCB pawikan|NNC ,|PMC ha|NNCA ?|PMQ
"
423,"Tutulong|VBTF ako|PRS sa|CCT pagbabalik|NNC sa|CCT kanila|PRSP sa|CCT dagat|NNC ,|PMC ""|PMS habilin|NNC ni|DTP Pia|NNP .|PMP  
"
424,"""|PMS Oo|RBT ,|PMC Pia|NNP .|PMP
"
425,"Pero|CCT sa|CCT ngayon|RBW umuwi|VBAF na|CCP muna|RBI tayo|PRP .|PMP
"
426,"Madilim|JJD na|CCP ,|PMC ""|PMS sabi|VBS ni|DTP Jessie|NNP .|PMP
"
427,"Saka|CCA niya|PRS hinawakan|VBOF ang|DTC kamay|NNC ng|CCB nakababatang|JJD_CCP kapatid|NNC at|CCA sabay|RBD silang|PRP_CCP umuwi|VBAF sa|CCT bahay|NNC .|PMP
"
428,"Mahilig|JJD si|DTP Pia|NNP na|CCP maglaro|VBAF sa|CCT tabing|NNC -|PMS dagat|NNC ng|CCB Baryo|NNP Lamawan|NNP .|PMP
"
429,"Isang|PRI_CCP araw|NNC ay|LM may|VBH nakita|VBTS siyang|PRS_CCP dalawang|JJN_CCP mga|DTCP bata|NNC na|CCP naghuhukay|VBTS sa|CCT ilalim|JJD ng|CCB Pandan|NNP .|PMP
"
430,"Dumating|VBAF si|DTP Kuya|NNP Jessie|NNP at|CCA agad|RBD na|CCP umalis|VBAF ang|DTC mga|DTCP bata|NNC .|PMP
"
431,"Ano|PRQ kaya|CCR ang|DTC matutuklasan|VBTF ni|DTP Pia|NNP sa|CCT inuuwian|VBTR ng|CCB mga|DTCP pawikan|NNC kasama|CCB si|DTP Jessie|NNP ?|PMQ
"
432,"Parang|CCT hihilahin|VBOF na|CCP ni|DTP Manang|NNP Amanda|NNP si|DTP Epi|NNP galing|RBL sa|CCT eskwelahan|NNC papuntang|RBL_CCP tindahan|NNC ni|DTP Pe|NNP Hua|NNP .|PMP  
"
433,"""|PMS Epi|NNP ,|PMC gustong|VBS_CCP -|PMS gusto|VBS ko|PRS talaga|RBT ang|DTC manika|NNC na|CCP yan|PRO ,|PMC ""|PMS turo|NNC ni|DTP Amanda|NNP sa|CCT manika|NNC na|CCP may|VBH maningning|JJD na|CCP damit|NNC ,|PMC mahabang|JJD_CCP buhok|NNC ,|PMC at|CCA magandang|JJD_CCP mata|NNC .|PMP  
"
434,"""|PMS Sabihan|VBOF ko|PRS nga|RBI si|DTP Nanay|NNP na|CCP bilhan|VBOF niya|PRS ako|PRS niyan|PRO .|PMP ""|PMS  
"
435,"""|PMS Bilis|NNP ,|PMC Manang|NNC_CCP Amanda|NNP .|PMP
"
436,"Baka|NNP bumuhos|VBAF na|CCP ang|DTC malakas|JJD na|CCP ulan|NNC !|PMS  
"
437,"""|PMS sabi|VBS ni|DTP Epi|NNP sa|CCT kaniyang|PRSP_CCP nakatatandang|JJD_CCP kapatid|NNC .|PMP  
"
438,"""|PMS Wala|VBN kasi|CCR tayong|PRP_CCP payong|PRO_CCP !|PMS  
"
439,"""|PMS Hinila|VBOF ni|DTP Epi|NNP si|DTP Manang|NNP Amanda|NNP at|CCA nagmadali|VBTS silang|PRP_CCP umuwi|VBAF .|PMP
"
440,"Pagdating|VBW sa|CCT kanilang|PRSP_CCP bahay|NNC ,|PMC ay|LM siya|PRS ring|RBI_CCP pagbagsak|NNC ng|CCB malakas|JJD na|CCP ulan|NNC .|PMP
"
441,"Dumiretso|VBAF ang|DTC naghahabol|VBTR hiningang|NNC_CCP si|DTP Manang|NNP Amanda|NNP sa|CCT kaniyang|PRSP_CCP nanay|NNC .|PMP  
"
442,"""|PMS Nanay|NNP ,|PMC sabi|VBS mo|PRS sa|CCT akin|PRSP bibilhan|VBTF mo|PRS ako|PRS ng|CCB bagong|JJD_CCP manika|NNC ?|PMQ
"
443,"May|VBH nakita|VBTS akong|PRS_CCP napakagandang|JJCS_JJD_CCP manika|NNC sa|CCT tindahan|NNC ni|DTP Pe|NNP Hua|NNP .|PMP
"
444,"At|CCA saka|CCA ,|PMC Nanay|NNC magmula|VBW noon|RBW hindi|RBF pa|RBI ako|PRS nabilhan|VBTS ng|CCB manika|NNC .|PMP ""|PMS  
"
445,"""|PMS Nanay|NNP ,|PMC bilhan|CCT mo|PRS naman|RBI ako|PRS ng|CCB bagong|JJD_CCP payong|NNC at|CCA bota|NNC !|PMS
"
446,"Palaging|RBD_CCP umuulan|VBTR at|CCA palagi|RBW rin|RBI akong|PRS_CCP basa|JJD pagdating|VBW sa|CCT bahay|NNC .|PMP
"
447,"Buti|NNP nalang|VBTS_CCP hindi|RBF kami|PRP naabutan|VBTR ng|CCB ulan|NNC kanina|RBW .|PMP
"
448,"Kung|CCR sakali|CCR ,|PMC baka|RBM magkakasakit|VBTF kami|PRP ,|PMC ""|PMS sabi|VBS naman|RBI ni|DTP Epi|NNP .|PMP  
"
449,"""|PMS Plano|NNP ko|PRS naman|RBI talaga|RBT na|CCP bilhan|NNC kayo|PRP ,|PMC mga|DTCP Pangga|NNP .|PMP  
"
450,"""|PMS Binuksan|VBOF ng|CCB Nanay|NNC ang|DTC kaniyang|PRSP_CCP pitaka|NNC at|CCA binigyan|VBOF ng|CCB pera|NNC ang|DTC mga|DTCP bata|NNC .|PMP  
"
451,"""|PMS Kayo|NNP na|CCP ang|DTC bahalang|NNC_CCP bumili|VBAF kay|DTP Pe|NNP Hua|NNP .|PMP
"
452,"Huwag|RBF lang|RBI maghangad|VBW ng|CCB mamahalin|NNC .|PMP
"
453,"Pakaingatan|RBD ninyo|PRP lagi|RBW para|CCT hindi|RBF masira|VBW .|PMP  
"
454,"""|PMS Pagkatapos|VBW ng|CCB klase|NNC ay|LM agad|RBD na|CCP bumalik|VBAF sina|DTPP Manang|NNP Amanda|NNP at|CCA Epi|NNP sa|CCT tindahan|NNC ni|DTP Pe|NNP Hua|NNP .|PMP
"
455,"Si|DTP Manang|NNP Amanda|NNP ay|LM dumiretso|VBAF sa|CCT kinalalagyan|VBTR ng|CCB magandang|JJD_CCP manika|NNC .|PMP
"
456,"Si|DTP Epi|NNP naman|RBI ay|LM dumiretso|VBAF sa|CCT mga|DTCP payong|NNC at|CCA bota|NNC .|PMP  
"
457,"""|PMS Ito|PRO yung|PRO sa|CCT akin|PRSP ,|PMC Tatay|NNC Pe|NNP Hua|NNP ,|PMC ""|PMS sabi|VBS ni|DTP Manang|NNP Amanda|NNP ,|PMC sabay|RBD lagay|NNC ng|CCB manika|NNC at|CCA pera|NNC sa|CCT counter|FW .|PMP  
"
458,"""|PMS Ito|PRO naman|RBI ang|DTC sa|CCT akin|PRSP ,|PMC Tatay|NNC Pe|NNP Hua|NNP ,|PMC ""|PMS sabi|VBS ni|DTP Epi|NNP ,|PMC at|CCA inilagay|VBTS ang|DTC payong|NNC ,|PMC bota|NNC ,|PMC at|CCA pera|NNC sa|CCT counter|FW .|PMP
"
459,"Binilang|VBTS ni|DTP Pe|NNP Hua|NNP ang|DTC pera|NNC ng|CCB dalawang|JJN_CCP bata|NNC .|PMP  
"
460,"""|PMS Kulang|JJD ang|DTC iyong|PRSP_CCP pambayad|JJD sa|CCT manika|NNC ,|PMC Inday|NNC .|PMP  
"
461,"""|PMS Nanghina|VBTS at|CCA mangiyak|NNC -|PMS iyak|NNC si|DTP Manang|NNP Amanda|NNP .|PMP
"
462,"Bigla|RBD siyang|PRS_CCP nakaramdam|VBTS ng|CCB lungkot|NNC .|PMP  
"
463,"""|PMS Manang|NNP Amanda|NNP ,|PMC sa|CCT iyo|PRSP nalang|VBTS itong|PRO_CCP pera|NNC ko|PRS ,|PMC ""|PMS sabi|VBS ni|DTP Epi|NNP .|PMP
"
464,"Magmula|VBAF noon|RBW ay|LM puro|RBT manikang|VBW_CCP papel|NNC lang|RBI ang|DTC nilalaro|VBTR ng|CCB kaniyang|PRSP_CCP ate|NNC .|PMP  
"
465,"""|PMS Tatakbo|VBTF nalang|VBTS_CCP tayo|PRP ulit|RBW pauwi|VBW !|PMS  
"
466,"""|PMS sabi|VBS ni|DTP Epi|NNP habang|RBW nakatingala|VBTS sa|CCT makulimlim|JJD na|CCP langit|NNC .|PMP  
"
467,"""|PMS Talaga|NNP ,|PMC Epi|NNP ?|PMQ
"
468,"Salamat|RBS talaga|RBT ,|PMC Pangga|NNP !|PMS  
"
469,"""|PMS sigaw|NNC ni|DTP Manang|NNP Amanda|NNP .|PMP
"
470,"Mabibibli|NNP na|CCP niya|PRS ang|DTC kaniyang|PRSP_CCP ninanais|VBTR na|CCP manika|NNC .|PMP  
"
471,"""|PMS Hintayin|VBOF mo|PRS nalang|VBTS_CCP ako|PRS doon|PRL .|PMP ""|PMS  
"
472,"""|PMS Ay|NNP ,|PMC Manang|NNC_CCP Amanda|NNP ,|PMC akala|VBS ko|PRS manika|NNC ang|DTC bibilhin|VBTF mo|PRS ?|PMQ
"
473,"Bakit|PRQ meron|VBH kang|PRS_CCP hawak|JJD na|CCP payong|NNC ?|PMQ  
"
474,"""|PMS tanong|NNC ni|DTP Epi|NNP .|PMP  
"
475,"""|PMS Mas|JJCC mahalaga|JJD ang|DTC payong|NNC para|CCT hindi|RBF tayo|PRP mabasa|VBW ng|CCB ulan|NNC ,|PMC ""|PMS paliwanag|NNC ni|DTP Manang|NNP Amanda|NNP sa|CCT kaniyang|PRSP_CCP nakababatang|JJD_CCP kapatid|NNC habang|RBW binubuksan|VBTR ang|DTC malaking|JJD_CCP payong|NNC .|PMP  
"
476,"""|PMS Baka|NNP magkasakit|VBW tayo|PRP dahil|CCR sa|CCT ulan|NNC .|PMP
"
477,"Hayaan|VBOF mo|PRS na|RBI ang|DTC manika|NNC dahil|CCR hindi|RBF naman|RBI nilalagnat|VBTR at|CCA inuubo|VBTR yan|PRO .|PMP
"
478,"Nagbubukas|NNP -|PMS sara|NNC lang|RBI ang|DTC mata|NNC niyan|PRO !|PMS  
"
479,"""|PMS Nagsitawa|VBTS ang|DTC dalawa|CDB .|PMP
"
480,"Nakaakbay|VBTS sa|CCT isa|PRI ’|PMS t|NNCA isa|PRI ang|DTC dalawa|JJN habang|RBW pauwi|JJD sa|CCT kanilang|PRSP_CCP bahay|NNC .|PMP
"
481,"Bumuhos|VBAF ang|DTC ulan|NNC pero|CCT hindi|RBF sila|PRP nababasa|VBTS dahil|CCR sa|CCT malaking|JJD_CCP payong|NNC .|PMP
"
482,"Naaliw|VBTS sila|PRP sa|CCT tilamsik|NNC ng|CCB tubig|NNC at|CCA daloy|NNC ng|CCB ulan|NNC sa|CCT gilid|JJD ng|CCB payong|NNC .|PMP  
"
483,"""|PMS Ano|PRQ kaya|CCR ang|DTC miryenda|NNC sa|CCT bahay|NNC ?|PMQ  
"
484,"""|PMS tanong|NNC ni|DTP Epi|NNP .|PMP  
"
485,"""|PMS Parang|CCT alam|VBS ko|PRS na|CCP kung|RBK ano|RBQ .|PMP  
"
486,"""|PMS At|CCA dali|JJD -|PMS dali|JJD silang|PRP_CCP umuwi|VBAF .|PMP  
"
487,"""|PMS Nanay|NNC ,|PMC andito|NNC na|CCP kami|PRP !|PMS  
"
488,"""|PMS Isinara|VBOF ni|DTP Manang|NNP Amanda|NNP ang|DTC kaniyang|PRSP_CCP payong|NNC at|CCA isinabit|VBTS ito|PRO sa|CCT pader|NNC .|PMP
"
489,"Labis|JJCS ang|DTC tuwa|NNC niya|PRS sa|CCT bagong|JJD_CCP payong|NNC .|PMP  
"
490,"""|PMS Totoo|RBT nga|RBI ,|PMC alam|VBS ko|PRS na|CCP saging|NNC ang|DTC miryenda|NNC natin|PRP !|PMS  
"
491,"""|PMS Naamoy|VBTS agad|RBW ni|DTP Epi|NNP ang|DTC nag|PRSP_CCP -|PMS aasong|NNC_CCP nilaga|JJD na|CCP saba|NNC sa|CCT lamesa|NNC .|PMP  
"
492,"""|PMS Nanay|NNC ,|PMC hindi|RBF na|RBI bumili|VBAF si|DTP Manang|NNP Amanda|NNP ng|CCB manika|NNC dahil|CCR kulang|JJD na|CCP po|RBS ang|DTC aming|PRSP_CCP pera|NNC !|PMS ""|PMS  
"
493,"""|PMS Talaga|NNP Epi|NNP ?|PMQ
"
494,"Mabuti|JJD kung|CCR ganoon|PRC !|PMQ
"
495,"Salamat|RBS sa|CCT Diyos|NNP ,|PMC hindi|RBF kayo|PRP nabasa|VBTS ng|CCB ulan|NNC .|PMP  
"
496,"""|PMS Hinawakan|VBOF ng|CCB Nanay|NNC ang|DTC ulo|NNC ng|CCB mga|DTCP anak|NNC .|PMP
"
497,"Nakapasa|VBTS sila|PRP sa|CCT hamong|NNC_CCP ibinigay|VBTS sa|CCT kanila|PRSP .|PMP
"
498,"Gustong|VBS_CCP -|PMS gusto|VBS ni|DTP Manang|NNP Amanda|NNP ang|DTC magandang|JJD_CCP manika|NNC .|PMP
"
499,"Kahit|CCT ang|DTC kapatid|NNC niya|PRS na|CCP si|DTP Epi|NNP ay|LM gusto|VBS rin|RBI ang|DTC manika|NNC para|CCT sa|CCT kaniyang|PRSP_CCP ate|NNC .|PMP
"
500,"Kahit|CCT si|DTP Epi|NNP ay|LM may|VBH gusto|VBS ring|RBI_CCP bilhin|VBOF pero|CCT kulang|JJD ang|DTC kanilang|PRSP_CCP pambili|JJD .|PMP
"
501,"Ano|PRQ kaya|CCR ang|DTC gagawin|VBTF ng|CCB magkapatid|NNC ?|PMQ
"
502,"Si|DTP Ningning|NNP ay|LM isang|PRI_CCP batang|JJD_CCP papel|NNC na|CCP hindi|RBF ngumingiti|VBTR .|PMP
"
503,"Anak|NNP -|PMS anakan|NNC siya|PRS ni|DTP Marie|NNP .|PMP
"
504,"Pinapabihisan|VBTR siya|PRS ni|DTP Marie|NNP araw|RBW -|PMS gabi|RBW .|PMP
"
505,"Iba|PRI -|PMS iba|PRI ang|DTC kulay|NNC ng|CCB kaniyang|PRSP_CCP damit|NNC na|CCP yari|VBS sa|CCT papel|NNC .|PMP
"
506,"Meron|VBH siyang|PRS_CCP damit|NNC na|CCP naka|RBD -|PMS ayon|RBR sa|CCT iba|PRI ’|PMS t|NNCA ibang|PRI_CCP okasyon|NNC .|PMP
"
507,"Nang|RBW pumasok|VBAF na|CCP sa|CCT eskwelahan|NNC si|DTP Marie|NNP ay|LM nagbago|VBTS na|CCP ang|DTC pagturing|VBW nito|PRO sa|CCT batang|JJD_CCP papel|NNC .|PMP
"
508,"Marami|PRI nang|RBW pinagkakaabalahan|VBTR_VBRF si|DTP Marie|NNP .|PMP
"
509,"Sa|CCT kaniyang|PRSP_CCP pag|CCR -|PMS iisa|JJD sa|CCT gabi|RBW ,|PMC tinatanaw|VBTR niya|PRS si|DTP Bituon|NNP .|PMP  
"
510,"""|PMS Gusto|VBS kong|PRS_CCP makangiti|VBW .|PMP
"
511,"Gusto|VBS kong|PRS_CCP maging|VBW masaya|JJD si|DTP Marie|NNP habang|RBW naglalaro|VBTR kami|PRP .|PMP
"
512,"Gusto|VBS kong|PRS_CCP hindi|RBF niya|PRS makalimutan|VBW ang|DTC aking|PRSP_CCP ngiti|NNC kahit|CCT na|CCP marami|PRI na|CCP siyang|PRS_CCP pinagkakaabalahan|VBTR_VBRF .|PMP  
"
513,"""|PMS Narinig|VBTS ni|DTP Bituon|NNP ang|DTC hiling|NNC ni|DTP Ningning|NNP .|PMP
"
514,"Isang|PRI_CCP gabi|RBW ay|LM nagpakita|VBTS ito|PRO kay|DTP Ningning|NNP ""|PMS Ibibigay|VBOF ko|PRS ang|DTC hinihiling|VBTR mo|PRS ,|PMC pero|CCT bago|RBW kita|NNC bigyan|VBOF ng|CCB ngiti|NNC ay|LM gagawin|VBTF muna|RBI kitang|RBD_CCP isang|PRI_CCP totoong|RBT_CCP bata|NNC ,|PMC ""|PMS sabi|VBS ni|DTP Bituon|NNP .|PMP
"
515,"Binalot|VBOF ng|CCB liwanang|NNC_CCP si|DTP Ningning|NNP .|PMP
"
516,"Naramdaman|VBTS niyang|PRS_CCP nagbabago|VBTR ang|DTC kaniyang|PRSP_CCP katawan|NNC .|PMP
"
517,"Lumaki|VBAF at|CCA bumigat|VBAF na|CCP siya|PRS .|PMP
"
518,"Nang|RBW buksan|VBOF niya|PRS ang|DTC kaniyang|PRSP_CCP mga|DTCP mata|NNC ay|LM nakita|VBTS niya|PRS sa|CCT salamin|NNC na|CCP siya|PRS ay|LM isa|PRI nang|RBD ganap|RBD na|CCP bata|JJD .|PMP
"
519,"Nasiyahan|VBTS si|DTP Ningning|NNP .|PMP
"
520,"Makakasama|VBTF na|CCP ito|PRO kay|DTP Marie|NNP .|PMP
"
521,"Ngingiti|NNP sana|VBS siya|PRS ngunit|CCT hindi|RBF niya|PRS magawa|VBW .|PMP
"
522,"Nahihirapan|VBTR siyang|PRS_CCP ngumiti|VBAF !|PMS  
"
523,"""|PMS Bituon|NNP ,|PMC bakit|PRQ hindi|RBF ako|PRS makangiti|VBW ?|PMQ  
"
524,"""|PMS Bago|RBW pa|RBI makasagot|VBW si|DTP Bituon|NNP ay|LM dahan|NNC -|PMS dahan|NNC na|CCP itong|PRO_CCP nawawalan|VBTR ng|CCB liwanag|NNC .|PMP
"
525,"Dagling|NNP_CCP kislap|NNC lamang|RBI at|CCA tuluyan|RBD na|CCP siyang|PRS_CCP nawalan|VBTS ng|CCB liwanag|NNC .|PMP  
"
526,"""|PMS Paumanhin|RBS ,|PMC Ningning|VBTS .|PMP
"
527,"Naubusan|VBTS na|CCP ako|PRS ng|CCB liwanag|NNC .|PMP
"
528,"Hindi|RBF kita|NNC mabibigyan|VBW ng|CCB ngiti|NNC .|PMP ""|PMS  
"
529,"""|PMS Gusto|VBS kong|PRS_CCP ngumiti|VBAF at|CCA tumawa|VBAF .|PMP
"
530,"Bituon|NNP ,|PMC ano|PRQ ang|DTC puwede|RBT kong|PRS_CCP gawin|VBOF ?|PMQ  
"
531,"""|PMS Isinalaysay|VBTS ni|DTP Bituon|NNP ang|DTC nangyari|VBTS dalawang|JJN_CCP gabi|RBW na|CCP ang|DTC nakalipas|VBTS .|PMP  
"
532,"""|PMS Dumating|VBAF si|DTP Balabaw|NNP .|PMP
"
533,"Kinakailangan|VBTR niya|PRS raw|RBI ng|CCB liwanag|NNC upang|CCB gumaling|VBAF ang|DTC kaniyang|PRSP_CCP sakit|NNC .|PMP
"
534,"Nang|RBW maipasok|VBW na|CCP niya|PRS ang|DTC liwanag|NNC sa|CCT loob|NNC ng|CCB bote|NNC ,|PMC inihayag|VBTS pangloloko|JJD lamang|RBI iyon|PRO ,|PMC at|CCA wala|VBN talaga|RBT siyang|PRS_CCP sakit|NNC .|PMP
"
535,"Kinuha|VBOF niya|PRS ang|DTC bote|NNC at|CCA agad|RBD na|CCP tumakbo|VBAF palayo|RBD .|PMP
"
536,"Narinig|VBTS ni|DTP Marie|NNP ang|DTC pag|CCR -|PMS uusap|NNC nina|DTPP Ningning|NNP at|CCA Bituon|NNP .|PMP  
"
537,"""|PMS Gusto|VBS kong|PRS_CCP makalaro|VBW pa|RBI si|DTP Ningning|NNP .|PMP
"
538,"Gusto|VBS ko|PRS siyang|PRS_CCP makita|VBW na|CCP nakangiti|JJD at|CCA tumatawa|VBTR_VBAF .|PMP
"
539,"Tutulong|VBTF ako|PRS .|PMP
"
540,"Ibabalik|VBTF natin|PRP ang|DTC liwanag|NNC mo|PRS ,|PMC Bituon|NNP ,|PMC ""|PMS pahayag|NNC ni|DTP Marie|NNP .|PMP
"
541,"Nang|RBW sumunod|VBAF na|CCP gabi|RBW ay|LM nagsimulang|RBD_CCP maghanap|RBD sina|DTPP Marie|NNP ,|PMC Ningning|NNP ,|PMC at|CCA Bituon|NNP .|PMP
"
542,"Hinagilap|NNP nila|PRP si|DTP Balabaw|NNP .|PMP
"
543,"Sa|CCT kanilang|PRSP_CCP paglalakad|NNC ay|LM may|VBH nakita|VBTS silang|PRP_CCP isang|PRI_CCP butas|NNC sa|CCT lupa|NNC .|PMP
"
544,"Para|CCT makapasok|VBW sa|CCT butas|NNC ,|PMC ginamit|VBOF ni|DTP Bituon|NNP ang|DTC kaniyang|PRSP_CCP natitirang|VBTR_CCP liwanag|NNC upang|CCB sila|PRP ay|LM maging|VBW maliit|JJD .|PMP
"
545,"Sa|CCT kanilang|PRSP_CCP paglalakad|NNC ay|LM may|VBH nakita|VBTS silang|PRP_CCP isang|PRI_CCP butas|NNC sa|CCT lupa|NNC .|PMP
"
546,"Para|CCT makapasok|VBW sa|CCT butas|NNC ,|PMC ginamit|VBOF ni|DTP Bituon|NNP ang|DTC kaniyang|PRSP_CCP natitirang|VBTR_CCP liwanag|NNC upang|CCB sila|PRP ay|LM maging|VBW maliit|JJD .|PMP
"
547,"Makalipas|VBW ang|DTC ilang|PRQ_CCP sandali|NNC ay|LM nakakita|VBTS sina|DTPP Ningning|NNP ,|PMC Marie|NNP ,|PMC at|CCA Bituon|NNP ng|CCB isang|PRI_CCP pares|NNC ng|CCB matang|NNC_CCP lumiliwanag|VBTR_VBAF sa|CCT dilim|NNC .|PMP  
"
548,"""|PMS Si|DTP Balabaw|NNP !|PMS  
"
549,"""|PMS sigaw|NNC ng|CCB tatlong|JJN_CCP magkakaibigan|VBTF .|PMP
"
550,"Tumakbo|VBAF papalayo|RBD si|DTP Balabaw|NNP .|PMP
"
551,"Hinabol|VBOF nila|PRP ito|PRO hanggang|RBW sa|CCT makarating|VBW sila|PRP sa|CCT pinaglalagyan|VBRF niya|PRS ng|CCB kaniyang|PRSP_CCP mga|DTCP ninakaw|VBTS —|PMS isang|PRI_CCP kutsara|NNC ,|PMC dalawang|JJN_CCP butones|NNC ,|PMC tatlong|JJN_CCP plato|NNC ,|PMC at|CCA isang|PRI_CCP tumpok|NNC ng|CCB palay|NNC .|PMP
"
552,"Sa|CCT taas|NNC ng|CCB bato|NNC ay|LM naroon|PRL ang|DTC isang|PRI_CCP bote|NNC na|CCP lumiliwanag|VBTR_VBAF .|PMP
"
553,"Bago|RBW pa|RBI ito|PRO makuha|VBW ni|DTP Ningning|NNP ay|LM inunahan|VBTS na|CCP ito|PRO ni|DTP Balabaw|NNP .|PMP  
"
554,"""|PMS Balabaw|NNP ,|PMC ibalik|VBOF mo|PRS sa|CCT amin|PRSP ang|DTC ninakaw|VBTS mong|PRS_CCP liwanag|NNC !|PMS  
"
555,"""|PMS sigaw|NNC ni|DTP Ningning|NNP .|PMP  
"
556,"""|PMS Binigay|VBOF ito|PRO sa|CCT akin|PRSP ni|DTP Bituon|NNP .|PMP
"
557,"Hindi|RBF ko|PRS ito|PRO ninakaw|VBTS .|PMP ""|PMS  
"
558,"""|PMS Niloko|NNP mo|PRS ako|PRS Balabaw|NNP .|PMP
"
559,"Sabi|VBS mo|PRS ay|LM kailangan|VBS mo|PRS ng|CCB liwanag|NNC para|CCT gumaling|VBAF ang|DTC sakit|NNC mo.|NNCA .|PMP
"
560,"Hindi|RBF pala|NNC totoong|RBT_CCP may|VBH sakit|NNC ka|PRS ,|PMC ""|PMS sabi|VBS ni|DTP Bituon|NNP .|PMP  
"
561,"""|PMS Hahaha|NNP !|PMS
"
562,"Kasalanan|CCR ko|PRS ba|RBI kung|CCR mabilis|JJD kang|PRS_CCP mapapaniwala|VBW ,|PMC Bituon|NNP ?|PMQ ""|PMS  
"
563,"""|PMS Ibalik|VBOF mo|PRS ang|DTC liwanag|NNC ni|DTP Bituon|NNP .|PMP
"
564,"Marami|PRI pang|RBI_CCP nilalang|NNC ang|DTC puwedeng|RBT_CCP matulungan|VBW nito|PRO kung|CCR ibabalik|VBTF mo|PRS ang|DTC liwanag|NNC na|CCP nasa|RBL bote|NNC ,|PMC ""|PMS sabi|VBS ni|DTP Ningning|NNP .|PMP  
"
565,"""|PMS Ayaw|RBF ko|PRS ,|PMC ""|PMS pagmamatigas|VBW ni|DTP Balabaw|NNP .|PMP  
"
566,"""|PMS Pagsisisihan|NNP mo|PRS ang|DTC iyong|PRSP_CCP panloloko|NNC at|CCA pagkasakim|NNC ,|PMC ""|PMS sabi|VBS ni|DTP Marie|NNP .|PMP
"
567,"Biglang|RBD_CCP nahulog|VBTS sa|CCT lupa|NNC si|DTP Bituon|NNP .|PMP
"
568,"Dahan|NNP -|PMS dahang|NNC_CCP nawala|VBTS ang|DTC liwanag|NNC sa|CCT kaniyang|PRSP_CCP katawan|NNC .|PMP  
"
569,"""|PMS Bituon|NNP !|PMS  
"
570,"""|PMS sabay|JJD na|CCP sigaw|NNC nina|DTPP Marie|NNP at|CCA Ningning|NNP .|PMP  
"
571,"""|PMS Ipagpaumanhin|NNP mo|PRS ,|PMC Ningning|VBTS .|PMP
"
572,"Hindi|RBF na|CCP kita|NNC mabibigyan|VBTF ng|CCB ngiti|NNC ,|PMC ""|PMS sabi|VBS ng|CCB nag|PRSP_CCP -|PMS aagaw|FW buhay|NNC na|CCP si|DTP Bituon|NNP .|PMP  
"
573,"""|PMS Mas|JJCC pipiliin|VBTF ko|PRS pang|RBI_CCP hindi|RBF nalang|RBD_CCP magkaroon|VBW ng|CCB ngiti|NNC basta|CCT mabuhay|VBW ka|PRS lang|RBI ,|PMC Bituon|NNP ,|PMC ""|PMS sabi|VBS ni|DTP Ningning|NNP .|PMP
"
574,"Tumango|NNP -|PMS tango|JJD si|DTP Marie|NNP habang|RBW nakikinig|VBTR .|PMP  
"
575,"""|PMS Ningning|NNP ,|PMC kahit|CCT na|CCP hindi|RBF ka|PRS makangiti|VBW ,|PMC ikaw|PRS parin|VBOF ang|DTC matalik|JJD kong|PRS_CCP kaibigan|NNC ,|PMC ""|PMS sabi|VBS ni|DTP Marie|NNP .|PMP  
"
576,"""|PMS Maraming|PRI_CCP salamat|RBS ,|PMC Marie|NNP .|PMP
"
577,"Kahit|CCT hindi|RBF ako|PRS makangiti|VBW ay|LM may|VBH isang|PRI_CCP tao|NNC na|CCP handang|RBD_CCP tumanggap|VBAF sa|CCT akin|PRSP .|PMP  
"
578,"""|PMS Pumatak|VBAF ang|DTC mga|DTCP butil|NNC ng|CCB luha|NNC sa|CCT mga|DTCP mata|NNC nina|DTPP Marie|NNP at|CCA Ningning|NNP .|PMP
"
579,"Nasaksihan|VBTS ni|DTP Balabaw|NNP ang|DTC totoong|RBT_CCP pagkakaibigan|NNC nina|DTPP Ningning|NNP ,|PMC Marie|NNP ,|PMC at|CCA Bituon|NNP .|PMP
"
580,"At|CCA nagkonsensiya|VBTS ito|PRO .|PMP
"
581,"Pumunta|VBAF siya|PRS kay|DTP Bituon|NNP .|PMP
"
582,"Ibinalik|VBTS niyang|PRS_CCP muli|RBW kay|DTP Bituon|NNP ang|DTC liwanag|NNC na|CCP nasa|RBL bote|NNC .|PMP
"
583,"Unti|NNP -|PMS unting|FW lumiwanag|VBTS_VBAF si|DTP Bituon|NNP .|PMP  
"
584,"""|PMS Bumalik|VBAF ang|DTC iyong|PRSP_CCP liwanag|NNC ,|PMC Bituon|NNP ,|PMC ""|PMS sigaw|NNC ni|DTP Marie|NNP at|CCA Ningning|NNP ,|PMC at|CCA bigla|RBD nilang|PRP_CCP niyakap|VBOF si|DTP Bituon|NNP .|PMP  
"
585,"""|PMS Ipagpaumanhin|VBOB ninyo|PRP ang|DTC ginawa|VBOF ko|PRS ,|PMC Bituon|NNP .|PMP
"
586,"Paumanhin|RBS ,|PMC Marie|NNP at|CCA Ningning|NNP ,|PMC ""|PMS pagmamakaawa|NNC ni|DTP Balabaw|NNP .|PMP  
"
587,"""|PMS Pinapatawad|VBTR ka|PRS namin|PRP ,|PMC Balabaw|NNC ,|PMC ""|PMS sagot|NNC ni|DTP Bituon|NNP ,|PMC habang|RBW nakatingin|RBD kina|DTPP Marie|NNP at|CCA Ningning|NNP na|CCP tumango|VBAF rin|RBI bilang|CCT pagsang|NNC -|PMS ayon|RBR .|PMP
"
588,"Pinatawag|VBOF ni|DTP Bituon|NNP ang|DTC mga|DTCP tutubi|NNC .|PMP
"
589,"Sa|CCT isang|PRI_CCP iglap|FW lang|RBI ay|LM nagsiliparan|VBTS ang|DTC mga|DTCP tutubi|NNC sa|CCT paligid|NNC .|PMP
"
590,"Lumaki|VBAF ang|DTC mga|DTCP mata|NNC nina|DTPP Marie|NNP ,|PMC Ningning|NNP ,|PMC at|CCA Balabaw|NNP .|PMP
"
591,"Naging|VBTS maliwanag|JJD ang|DTC lugar|NNC ni|DTP Balabaw|NNP .|PMP  
"
592,"""|PMS Maraming|PRI_CCP salamat|RBS ,|PMC Bituon|NNP .|PMP
"
593,"Salamat|RBS ,|PMC Marie|NNP at|CCA Ningning|NNP ,|PMC ""|PMS sagot|NNC ni|DTP Balabaw|NNP .|PMP
"
594,"Laking|JJD_CCP tuwa|NNC ang|DTC naramdaman|VBTS ni|DTP Ningning|NNP nang|RBW may|VBH dumapong|VBTR_VBAF_CCP tutubi|NNC sa|CCT kaniyang|PRSP_CCP ilong|NNC .|PMP
"
595,"Masaya|NNP siya|PRS dahil|CCR nabuhay|VBTS si|DTP Bituon|NNP at|CCA nakita|VBTS niya|PRS ang|DTC matamis|JJD na|CCP ngiti|NNC ni|DTP Marie|NNP .|PMP
"
596,"Mas|JJCC lalong|JJCC_CCP naging|VBTS masaya|JJD siya|PRS dahil|CCR nagbago|VBTS na|RBI ang|DTC ugali|NNC ni|DTP Balabaw|NNP .|PMP
"
597,"Sa|CCT sobrang|JJCS_CCP kasiyahan|NNC ni|DTP Ningning|NNP ,|PMC may|VBH gumuhit|VBAF na|CCP ngiti|NNC sa|CCT kaniyang|PRSP_CCP mga|DTCP labi|NNC .|PMP
"
598,"Talasalitaan|NNP :|PMS Bituon|NNP -|PMS bituin|NNC Balabaw|NNP -|PMS daga|NNC
"
599,"""|PMS Krrrrrrrrrrrring|FW !|PMS  
"
600,"""|PMS Ganito|PRC ang|DTC nangyayari|VBTR bago|RBW matapos|VBW ang|DTC klase|NNC nina|DTPP Islaw|NNP at|CCA Luna|NNP :|PMS palilinyahin|RBD sila|PRP sa|CCT dalawang|JJN_CCP linya|NNC ,|PMC isa|PRI -|PMS isang|PRI_CCP tatawagin|NNC ,|PMC at|CCA tatatakan|VBTF sa|CCT kamay|NNC ng|CCB pulang|JJD_CCP star|FW .|PMP  
"
601,"""|PMS Three|NNP stars|FW ""|PMS ""|PMS Two|NNP stars|FW ""|PMS ""|PMS One|NNP star|FW ""|PMS ""|PMS Two|NNP stars|FW ""|PMS ""|PMS One|NNP star|FW ""|PMS ""|PMS Two|NNP stars|FW ""|PMS ""|PMS Two|NNP stars|FW ""|PMS ""|PMS Islaw|VBOF ?|PMQ ""|PMS  
"
602,"""|PMS Ano|PRQ po|RBS ,|PMC Teacher|NNP Yolly|NNP ?|PMQ ""|PMS  
"
603,"""|PMS One|NNP star|FW ""|PMS Habang|RBW naglalakad|VBTR pauwi|NNC ,|PMC ipinapakita|VBTR ni|DTP Luna|NNP kay|DTP Islaw|NNP ang|DTC kaniyang|PRSP_CCP kamay|NNC na|CCP may|VBH markang|NNC_CCP pulang|JJD_CCP three|FW stars|FW .|PMP  
"
604,"""|PMS Hmp|NNP .|PMP
"
605,"Akala|NNP mo|PRS ,|PMC Luna|NNP ,|PMC ha|NNCA .|PMP
"
606,"Magkakaroon|VBTF din|RBI ako|PRS ng|CCB three|FW stars|FW .|PMP ""|PMS  
"
607,"""|PMS Hahaha|NNP !|PMS
"
608,"Kailan|NNP kaya|CCR iyan|PRO ,|PMC Islaw|NNP ?|PMQ  
"
609,"""|PMS Matagal|RBD nang|RBW hindi|RBF nakakakuha|VBTR ng|CCB markang|NNC_CCP three|FW stars|FW si|DTP Islaw|NNP .|PMP
"
610,"Naaalala|VBTR pa|RBI niya|PRS ang|DTC unang|JJN_CCP three|FW stars|FW na|CCP nakuha|VBTS niya|PRS nang|RBW naisulay|VBTS niyang|PRS_CCP maayos|JJD ang|DTC kumpleto|JJD niyang|PRS_CCP pangalan|NNC .|PMP
"
611,"Nang|RBW gabing|RBW_CCP iyon|PRO ,|PMC naupo|VBTS ang|DTC magkaibigan|NNC sa|CCT tabing|FW dagat|NNC .|PMP
"
612,"Tahimik|RBD si|DTP Islaw|NNP habang|RBW naglalaro|VBTR sa|CCT kaniyang|PRSP_CCP cellphone|FW .|PMP
"
613,"Pinapanood|VBTR naman|RBI ni|DTP Luna|NNP ang|DTC kumikislap|NNC -|PMS kislap|NNC na|CCP mga|DTCP bituin|NNC sa|CCT langit|NNC .|PMP  
"
614,"""|PMS Luna|NNP ,|PMC bakit|PRQ ka|PRS palaging|RBD_CCP nakakakuha|VBTR ng|CCB three|FW stars|FW ?|FW ""|PMS  
"
615,"""|PMS Hehehe|NNP .|PMP
"
616,"Gusto|VBS mong|PRS_CCP malaman|VBW ?|PMQ ""|PMS  
"
617,"""|PMS Sige|NNP na|CCP ,|PMC Luna|NNP ,|PMC sabihin|VBOF mo|PRS na|CCP !|PMS  
"
618,"""|PMS Tumigil|VBAF muna|RBI si|DTP Islaw|NNP sa|CCT paglalaro|NNC upang|CCB makinig|VBW kay|DTP Luna|NNP .|PMP  
"
619,"""|PMS Madali|RBD lang|RBI ,|PMC Islaw|NNP .|PMP
"
620,"Tuwing|RBW gabi|RBW ,|PMC nag|VBTS -|PMS aabang|VBTF ako|PRS ng|CCB bulalakaw|NNC .|PMP ""|PMS  
"
621,"""|PMS Sabi|VBS ni|DTP Nanay|NNP ,|PMC pag|CCR nakakita|VBTS ka|PRS raw|RBI ng|CCB guhit|NNC ng|CCB liwanag|NNC na|CCP tila|RBM babagsak|VBTF sa|CCT lupa|NNC ,|PMC ipikit|VBOF mo|PRS raw|RBI ang|DTC iyong|PRSP_CCP mga|DTCP mata|NNC at|CCA sabihin|VBOF sa|CCT sarili|NNC ang|DTC gusto|VBS mo.|NNCA ""|PMS Napatingala|VBTS sa|CCT langit|NNC si|DTP Islaw|NNP habang|RBW nagsasalita|VBTR si|DTP Luna|NNP .|PMP
"
622,"Di|RBF nagtagal|VBTS ,|PMC umuwi|VBAF na|CCP si|DTP Luna|NNP .|PMP
"
623,"Nagpaiwan|VBTS sa|CCT tabing|NNC -|PMS dagat|NNC si|DTP Islaw|NNP .|PMP
"
624,"Nagpatuloy|VBTS sa|CCT pagmamasid|NNC sa|CCT langit|NNC si|DTP Islaw|NNP .|PMP
"
625,"Naghintay|VBTS siya|PRS kung|CCR may|VBH susulpot|JJD na|CCP bulalakaw|NNC .|PMP
"
626,"Ngunit|CCT wala|VBN siyang|PRS_CCP nakita|VBTS ni|DTP isang|PRI_CCP guhit|NNC ng|CCB liwanag|NNC .|PMP
"
627,"Naisip|VBTS niyang|PRS_CCP maghintay|VBW na|CCP lamang|RBI sa|CCT susunod|VBTF na|CCP gabi|RBW .|PMP
"
628,"Gabi|RBW -|PMS gabing|RBW_CCP nag|CDB -|PMS abang|JJD_CCP ng|CCB bulalakaw|NNC si|DTP Islaw|NNP .|PMP
"
629,"Kapag|CCR masama|JJD ang|DTC panahon|NNC o|CCT kung|CCR maulan|JJD sa|CCT Balatan|NNC ,|PMC sumasama|VBTR_VBAF siya|PRS sa|CCT kaniyang|PRSP_CCP ama|NNC sa|CCT Iriga|NNP .|PMP
"
630,"Sabi|VBS kasi|CCR ng|CCB tatay|NNC niya|PRS ,|PMC mas|JJCC marami|PRI raw|RBI bituin|NNC o|CCT bulalakaw|NNC sa|CCT tuktok|NNC ng|CCB Bundok|NNP Iriga|NNP .|PMP
"
631,"Ngunit|CCT hindi|RBF pa|RBI rin|RBI nakatagpo|VBTS ng|CCB bulalakaw|NNC si|DTP Islaw|NNP .|PMP
"
632,"Naniwala|VBTS rin|RBI siya|PRS sa|CCT sabi|NNC ng|CCB Nanay|NNC niya|PRS na|CCP mas|JJCC maraming|JJD_CCP bituin|NNC sa|CCT gabi|RBW kapag|CCR malapit|JJD sa|CCT lawa|NNC .|PMP
"
633,"Kung|CCR kaya|CCR ,|PMC nang|RBW sumunod|VBAF na|CCP Sabado|NNP ,|PMC pumunta|VBAF sila|PRP sa|CCT bayan|NNC ng|CCB kaniyang|PRSP_CCP Lola|NNC .|PMP
"
634,"Doon|PRL matatagpuan|VBTF ang|DTC Lawa|NNP ng|CCB Buhi|NNP .|PMP
"
635,"Ngunit|CCT hindi|RBF pa|RBI rin|RBI nakakita|VBTS ng|CCB bulalakaw|NNC si|DTP Islaw|NNP .|PMP
"
636,"Nalungkot|VBTS si|DTP Islaw|NNP .|PMP
"
637,"Wala|VBN siyang|PRS_CCP mahagilap|JJD na|CCP bulalakaw|NNC saan|PRQ man|RBI siya|PRS pumunta|VBAF .|PMP
"
638,"Naisip|VBTS niyang|PRS_CCP sabihan|VBOF si|DTP Luna|NNP na|CCP wala|VBN namang|RBI_CCP bulalakaw|NNC na|CCP nahuhulog|VBTR mula|RBL sa|CCT langit|NNC kung|CCR gabi|RBW .|PMP
"
639,"Isang|PRI_CCP gabi|RBW ,|PMC inabangan|VBTS niya|PRS si|DTP Luna|NNP sa|CCT labas|NNC ng|CCB bahay|NNC nila|PRP .|PMP
"
640,"Gusto|VBS niyang|PRS_CCP malaman|VBW kung|RBK saan|RBQ naghihintay|VBTR ng|CCB bulalakaw|NNC si|DTP Luna|NNP .|PMP
"
641,"Ngunit|CCT halos|JJD tatlong|JJN_CCP gabi|RBW nang|RBW hindi|RBF lumalabas|VBTR_VBAF si|DTP Luna|NNP ,|PMC kaya|CCR ’|PMS t|NNCA napagpasiyahan|VBTS niya|PRS na|CCP pumunta|VBAF sa|CCT bahay|NNC nila|PRP .|PMP  
"
642,"""|PMS Luna|NNP ?|PMQ
"
643,"Luna|NNP ?|PMQ ""|PMS  
"
644,"""|PMS Manay|NNP Belen|NNP ,|PMC nandiyan|VBTS po|RBS ba|RBI si|DTP Luna|NNP ?|PMQ  
"
645,"""|PMS Nakailang|VBTS tawag|NNC na|CCP si|DTP Islaw|NNP ngunit|CCT walang|VBN_CCP sumasagot|VBTR_VBAF ,|PMC kaya|CCR ’|PMS t|NNCA sinilip|VBTS ni|DTP Islaw|NNP ang|DTC loob|NNC ng|CCB bahay|NNC nina|DTPP Luna|NNP .|PMP
"
646,"Dito|PRL niya|PRS nakita|VBTS kung|RBK ano|RBQ ang|DTC ginagawa|VBTR ni|DTP Luna|NNP sa|CCT gabi|RBW …|CDB ""|PMS Hmm|FW …|PMS kaya|CCR pala|NNC hindi|RBF siya|PRS lumalabas|VBTR ,|PMC ""|PMS sambit|NNC ni|DTP Islaw|NNP habang|RBW pinapanood|VBTR si|DTP Luna|NNP na|CCP nagbabasa|VBTR ng|CCB libro|NNC at|CCA gumagawa|VBTR_VBAF ng|CCB assignment|FW kasama|CCB ang|DTC kaniyang|PRSP_CCP Nanay|NNC .|PMP
"
647,"Natigilan|VBTS si|DTP Islaw|NNP sa|CCT kaniyang|PRSP_CCP nakita|VBTS ,|PMC pagdaka|VBW ’|PMS y|FW dahan|FW -|PMS dahang|NNC_CCP naglakad|VBTS palayo|RBD sa|CCT bahay|NNC nina|DTPP Luna|NNP .|PMP
"
648,"Habang|RBW naglalakad|VBTR si|DTP Islaw|NNP sa|CCT tabing|NNC -|PMS dagat|NNC pauwi|NNC sa|CCT kanilang|PRSP_CCP tahanan|NNC ,|PMC muli|RBW siyang|PRS_CCP napatingala|VBTS sa|CCT langit|NNC .|PMP
"
649,"Napansin|VBTS niya|PRS ang|DTC mabituing|JJD_CCP gabi|RBW .|PMP
"
650,"Tila|RBM mga|DTCP alitaptap|NNC na|CCP kumukutikutitap|VBTR_VBAF sa|CCT dilim|NNC .|PMP
"
651,"Nang|RBW marating|VBW ni|DTP Islaw|NNP ang|DTC kanilang|PRSP_CCP bahay|NNC ,|PMC tumungo|VBAF siya|PRS sa|CCT kaniyang|PRSP_CCP silid|NNC .|PMP
"
652,"Naalala|VBTS niya|PRS ang|DTC ginagawa|VBTR ni|DTP Luna|NNP .|PMP
"
653,"Inilabas|VBTS niya|PRS rin|RBI mula|RBL sa|CCT bag|FW ang|DTC kaniyang|PRSP_CCP mga|DTCP libro|NNC .|PMP
"
654,"Tatlong|JJN_CCP gabing|RBW_CCP hindi|RBF lumabas|VBAF ng|CCB bahay|NNC si|DTP Islaw|NNP .|PMP  
"
655,"""|PMS Krrrrrrrrrring|NNP !!!|CDB ""|PMS
"
656,"Tulad|JJC ng|CCB nakagawian|VBTS ,|PMC pagkatapos|VBW marinig|VBW ng|CCB klase|NNC ang|DTC kuliling|NNC ,|PMC hinati|VBOF sila|PRP ni|DTP Teacher|NNP Yolly|NNP sa|CCT dalawang|JJN_CCP linya|NNC ,|PMC at|CCA isa|PRI -|PMS isang|PRI_CCP tinawag|VBOF :|PMS ""|PMS Three|NNP stars|FW ""|PMS ""|PMS One|NNP star|FW ""|PMS ""|PMS Three|NNP stars|FW ""|PMS ""|PMS Two|NNP stars|FW ""|PMS ""|PMS Three|NNP stars|FW ""|PMS ""|PMS Three|NNP stars|FW ""|PMS ""|PMS Two|NNP stars|FW ""|PMS ""|PMS Islaw|VBOF ?|PMQ  
"
657,"""|PMS nakangiting|RBD_CCP tinawag|VBOF ni|DTP Teacher|NNP Yolly|NNP si|DTP Islaw|NNP .|PMP  
"
658,"""|PMS Ano|PRQ po|RBS ,|PMC Teacher|NNP Yolly|NNP ?|PMQ ""|PMS  
"
659,"""|PMS Three|NNP stars|FW ""|PMS
"
660,"Si|DTP Mina|NNP at|CCA Manay|NNP ay|LM nakauwi|VBTS na|CCP galing|RBL sa|CCT Zoo|NNP .|PMP
"
661,"Ako|PRS ay|LM unggoy|NNC ngayon|RBW .|PMP
"
662,"Ako|PRS ay|LM pagong|NNC ngayon|RBW .|PMP
"
663,"Ako|PRS ay|LM elepante|NNC ngayon|RBW .|PMP
"
664,"Isa|PRI akong|PRS_CCP ibon|NNC ngayon|RBW .|PMP
"
665,"Isa|PRI akong|PRS_CCP rhino|NNC ngayon|RBW .|PMP
"
666,"Isa|PRI akong|PRS_CCP kuneho|NNC ngayon|RBW .|PMP
"
667,"Isa|PRI akong|PRS_CCP tigre|NNC ngayon|RBW .|PMP
"
668,"Oras|NNP na|CCP para|CCT matulog|VBW .|PMP
"
669,"Dumating|VBAF si|DTP nanay|NNC para|CCT patayin|VBOF ang|DTC ilaw|NNC .|PMP
"
670,"Iminulat|VBTS ni|DTP Mina|NNP ang|DTC kaniyang|PRSP_CCP mga|DTCP mata|NNC at|CCA sinabing|VBTS ,|PMC ""|PMS Ngayon|RBW ,|PMC Isa|PRI akong|PRS_CCP kuwago|NNC .|PMP  
"
671,"""|PMS Signer|NNP :|PMS Dinesh|NNP Maharjan|NNP .|PMP
"
672,"May|VBH nakita|VBTS si|DTP Muning|NNP na|CCP bagay|NNC na|CCP pagulong|NNC -|PMS gulong|NNC sa|CCT sahig|NNC .|PMP
"
673,"Bilog|JJD ito|PRO .|PMP
"
674,"Pula|NNP ang|DTC kulay|NNC .|PMP
"
675,"Pinulot|VBOF ni|DTP Muning|NNP ang|DTC pulang|JJD_CCP bilog|NNC at|CCA pinagulong|VBRF_CCP -|PMS gulong|NNC sa|CCT sahig|NNC .|PMP
"
676,"Hinila|VBOF niya|PRS ang|DTC buntot|NNC .|PMP
"
677,"Ay|NNP !|PMS
"
678,"Ang|DTC haba|NNC pala|NNC ng|CCB buntot|NNC ng|CCB pulang|JJD_CCP bilog|NNC !|PMS
"
679,"Kinagat|VBTS ni|DTP Muning|NNP ang|DTC buntot|NNC ng|CCB pulang|JJD_CCP bilog|NNC at|CCA umikot|VBAF -|PMS ikot|NNC siya|PRS .|PMP
"
680,"Ay|NNP !|PMS
"
681,"Napuluputan|VBTS si|DTP Muning|NNP !|PMS  
"
682,"""|PMS Muning|NNP ,|PMC rolyo|NNC ito|PRO ng|CCB sinulid|NNC .|PMP
"
683,"Mag|NNP -|PMS ingat|NNC ka|PRS sa|CCT paggamit|NNC nito|PRO .|PMP
"
684,"Tingnan|VBOF mo|PRS ang|DTC nangyari|VBTS .|PMP
"
685,"Napuluputan|VBTR ka|PRS ,|PMC ""|PMS sabi|VBS ni|DTP Ben|NNP .|PMP
"
686,"Lumabas|VBAF sa|CCT balkonahe|NNC si|DTP Muning|NNP .|PMP
"
687,"Nagpahangin|VBTS siya|PRS sa|CCT pasamano|NNC .|PMP  
"
688,"""|PMS Hmmm|NNP ,|PMC ang|DTC presko|JJD dito|PRL !|PMS  
"
689,"""|PMS May|VBH tumahol|VBAF kay|DTP Muning|NNP .|PMP  
"
690,"""|PMS Aw|NNP ,|PMC aw|NNCA ,|PMC aw|NNCA !|PMQ
"
691,"Grrrrr|NNP !|PMS  
"
692,"""|PMS Natakot|VBTS si|DTP Muning|NNP .|PMP
"
693,"Tumakbo|VBAF siya|PRS papasok|RBD .|PMP  
"
694,"""|PMS Ano|PRQ ba|RBI yun|PRO ?|PMQ
"
695,"Grabe|NNP ang|DTC kaba|NNC ko|PRS !|PMS  
"
696,"""|PMS humihingal|VBTR_VBAF na|CCP sabi|VBS ni|DTP Muning|NNP Lumabas|VBAF si|DTP Muning|NNP at|CCA kinausap|VBOF ang|DTC aso|NNC ,|PMC ""|PMS Ako|PRS si|DTP Muning|NNP ,|PMC Anong|PRQ_CCP pangalan|NNC mo|PRS ?|PMQ ""|PMS  
"
697,"""|PMS Ako|PRS si|DTP Edu|NNP .|PMP
"
698,"May|VBH dalawang|JJN_CCP malalaking|JJD_CCP pusa|NNC dito|PRL sa|CCT bahay|NNC .|PMP
"
699,"Kaano|NNP -|PMS ano|PRQ mo|PRS sila|PRP ?|PMQ  
"
700,"""|PMS Baka|NNP nanay|NNC at|CCA tatay|NNC ko|PRS yun|PRO ,|PMC ""|PMS sabi|VBS ni|DTP Muning|NNP .|PMP  
"
701,"""|PMS Lagi|RBW ko|PRS silang|PRP_CCP hinahabol|VBTR kapag|CCR kinukuha|VBTR nila|PRP ang|DTC ulam|NNC ko|PRS ,|PMC ""|PMS sumbong|VBAF ni|DTP Edu|NNP .|PMP  
"
702,"""|PMS Pasensya|NNP ka|PRS na|CCP ,|PMC Edu|NNP .|PMP
"
703,"Salamat|RBS at|CCA hindi|RBF mo|PRS ako|PRS hinabol|VBOF .|PMP ""|PMS  
"
704,"""|PMS Ganyan|NNP nga|RBI ,|PMC Muning|NNP at|CCA Edu|NNP ,|PMC ""|PMS sabi|VBS ni|DTP Ben|NNP .|PMP  
"
705,"""|PMS Dapat|VBS magkaibigan|NNC kayo|PRP dahil|CCR mga|DTCP alaga|NNC ko|PRS kayo|PRP .|PMP  
"
706,"""|PMS May|VBH narinig|VBTS na|CCP boses|NNC si|DTP Muning|NNP .|PMP  
"
707,"""|PMS Tulong|NNC !|PMS
"
708,"Tulong|NNC !|PMS  
"
709,"""|PMS sabi|VBS ng|CCB boses|NNC .|PMP
"
710,"Nakita|VBTS ni|DTP Muning|NNP na|CCP may|VBH naipit|VBTS na|CCP daga|NNC sa|CCT bitag|NNC .|PMP
"
711,"Lumapit|VBAF si|DTP Muning|NNP .|PMP
"
712,"Umikot|NNP -|PMS ikot|NNC sa|CCT bitag|NNC .|PMP
"
713,"Kinain|VBOF pala|NNC ng|CCB daga|NNC ang|DTC keso|NNC sa|CCT bitag|NNC .|PMP
"
714,"Naipit|VBTS ito|PRO at|CCA nasugatan|VBTS .|PMP
"
715,"Natakot|VBTS ang|DTC daga|NNC nang|RBW lumapit|VBAF si|DTP Muning|NNP .|PMP
"
716,"Alam|VBS niyang|PRS_CCP pusa|NNC si|DTP Muning|NNP .|PMP
"
717,"Ngunit|CCT sa|CCT tingin|NNC niya|PRS ay|LM mabait|JJD naman|RBI ito|PRO .|PMP  
"
718,"""|PMS Ako|PRS si|DTP Mikoy|NNP .|PMP
"
719,"Maawa|VBTF ka|PRS ,|PMC huwag|RBF mo|PRS akong|PRS_CCP kainin|VBOF .|PMP ""|PMS  
"
720,"""|PMS Huwag|RBF kang|PRS_CCP matakot|VBW ,|PMC Mikoy|NNP .|PMP
"
721,"Ako|PRS si|DTP Muning|NNP .|PMP
"
722,"Nandito|VBTS ako|PRS para|CCT tulungan|VBTF_VBOF ka|PRS .|PMP  
"
723,"""|PMS Nagpagulong|VBTS -|PMS gulong|NNC si|DTP Muning|NNP sa|CCT damuhan|NNC .|PMP
"
724,"Tumalon|NNP -|PMS talon|NNC sa|CCT mga|DTCP bulaklak|NNC .|PMP
"
725,"Ay|NNP !|PMS
"
726,"May|VBH naapakan|VBTS siya|PRS !|PMQ
"
727,"Maliit|JJD na|CCP ibon|NNC .|PMP
"
728,"Inamoy|VBTS niya|PRS .|PMP  
"
729,"""|PMS Naku|NNP ,|PMC parang|CCT patay|JJD na|CCP !|PMS  
"
730,"""|PMS Pinulot|VBTS niya|PRS ito|PRO at|CCA dinala|VBTS sa|CCT bahay|NNC .|PMP  
"
731,"""|PMS Huwag|RBF !|PMS
"
732,"Huwag|RBF mo|PRS akong|PRS_CCP kainin|VBOF !|PMS  
"
733,"""|PMS sabi|VBS ng|CCB ibon|NNC nang|RBW magkamalay|VBW ito|PRO .|PMP  
"
734,"""|PMS Payat|JJD ako|PRS ,|PMC matitinik|JJD o|CCT mabubulunan|VBTF ka|PRS lang|RBI .|PMP ""|PMS  
"
735,"""|PMS Hindi|RBF kita|NNC kakainin|VBTF .|PMP
"
736,"Ako|PRS si|DTP Muning|NNP .|PMP
"
737,"Anong|PRQ_CCP pangalan|NNC mo|PRS ?|PMQ  
"
738,"""|PMS tanong|NNC ni|DTP Muning|NNP .|PMP  
"
739,"""|PMS A|NNPA -|PMS ako|PRS si|DTP T|NNPA -|PMS tamsi|FW ,|PMC ""|PMS nanginginig|VBTR na|CCP sagot|NNC ng|CCB ibon|NNC .|PMP  
"
740,"""|PMS Akala|VBS ko|PRS patay|JJD ka|PRS na|CCP ,|PMC ""|PMS sabi|VBS ni|DTP Muning|NNP .|PMP  
"
741,"""|PMS Nawalan|VBTS ako|PRS ng|CCB malay|NNC dahil|CCR nabangga|VBTR ako|PRS sa|CCT puno|NNC at|CCA nahulog|VBTS .|PMP
"
742,"Sandali|RBW lang|RBI ,|PMC nasaan|JJD ako|PRS ?|PMQ ""|PMS  
"
743,"""|PMS Nandito|VBTS ka|PRS sa|CCT aming|PRSP_CCP bahay|NNC .|PMP
"
744,"Sige|NNP ,|PMC Magpahinga|VBW ka|PRS muna|RBI ,|PMC ""|PMS sagot|NNC ni|DTP Muning|NNP .|PMP
"
745,"Isang|PRI_CCP araw|NNC ,|PMC namasyal|VBTS si|DTP Muning|NNP sa|CCT katabing|JJD_CCP bakuran|NNC .|PMP
"
746,"Nakakita|VBTS siya|PRS ng|CCB isang|PRI_CCP mahabang|JJD_CCP bagay|NNC .|PMP
"
747,"Gumagapang|NNP_CCP ito|PRO sa|CCT damuhan|NNC .|PMP  
"
748,"""|PMS Sssss|NNP ...|PMS Sssss|NNP ...|PMS ""|PMS ang|DTC tunog|NNC ng|CCB hayop|NNC ,|PMC iyon|PRO pala|NNC ahas|NNC !|PMS
"
749,"Sinundan|VBTS ni|DTP Muning|NNP ang|DTC ahas|NNC .|PMP
"
750,"Pumunta|VBAF ito|PRO sa|CCT kahoy|NNC .|PMP
"
751,"Gumapang|NNP_CCP pataas|NNC ng|CCB puno|NNC .|PMP
"
752,"Inakyat|VBTS din|RBI ni|DTP Muning|NNP ang|DTC puno|NNC .|PMP
"
753,"May|VBH pugad|NNC dito|PRL .|PMP
"
754,"Dahan|NNP -|PMS dahang|NNC_CCP pinasok|VBOF ng|CCB ahas|NNC ang|DTC pugad|NNC .|PMP  
"
755,"""|PMS Hoy|NNP !|PMS
"
756,"Anong|PRQ_CCP ginagawa|VBTR_VBOF mo|PRS diyan|PRL ?|PMQ  
"
757,"""|PMS sigaw|NNC ni|DTP Muning|NNP .|PMP  
"
758,"""|PMS Wala|VBN kang|PRS_CCP pakialam|NNC dito|PRL ,|PMC pusa|NNC .|PMP
"
759,"Umalis|VBAF ka|PRS na|CCP baka|RBM ikaw|PRS pa|RBI ang|DTC puluputan|NNC ko|PRS ,|PMC ""|PMS sagot|NNC ng|CCB ahas|NNC .|PMP  
"
760,"""|PMS Maawa|VBTF ka|PRS sa|CCT may|VBH -|PMS ari|NNC ng|CCB pugad|NNC .|PMP
"
761,"Baka|NNP may|VBH mga|DTCP inakay|VBTS o|CCT itlog|NNC diyan|PRL ,|PMC ""|PMS pagmamakaawa|NNC ni|DTP Muning|NNP .|PMP  
"
762,"""|PMS Wala|VBN kang|PRS_CCP magagawa|VBTF dahil|CCR nagugutom|VBTR ako|PRS ,|PMC ""|PMS sabi|VBS ng|CCB ahas|NNC .|PMP  
"
763,"""|PMS Punta|NNP ka|PRS nalang|VBTS sa|CCT aming|PRSP_CCP bahay|NNC ,|PMC may|VBH pagkain|NNC kaming|PRP_CCP masasarap|VBW ,|PMC ""|PMS pag|CCR -|PMS aaya|NNC ni|DTP Muning|NNP .|PMP  
"
764,"""|PMS Sssss|NNP ...|PMS talaga|RBT ba|RBI ?|PMQ
"
765,"Hindi|RBF ako|PRS aayaw|VBTF ,|PMC ""|PMS sabi|VBS ng|CCB ahas|NNC .|PMP
"
766,"Sa|CCT isip|NNC niya|PRS ’|PMS y|FW ,|PMC ""|PMS Hmmm|FW ,|PMC mas|JJCC masarap|JJD ang|DTC pusa|NNC kesa|NNC sa|CCT itlog|NNC ,|PMC hihihi|NNC .|PMP  
"
767,"""|PMS Pagpasok|NNC nila|PRP ng|CCB bahay|NNC ay|LM pupuluputan|RBD na|CCP sana|VBS ng|CCB ahas|NNC si|DTP Muning|NNP .|PMP
"
768,"Dumating|VBAF ang|DTC dagang|NNC_CCP si|DTP Mikoy|NNP .|PMP
"
769,"Kinagat|VBTS nito|PRO ang|DTC buntot|NNC ng|CCB ahas|NNC at|CCA tumakbo|VBAF palabas|NNC .|PMP
"
770,"Galit|JJD na|CCP sumunod|VBAF ang|DTC ahas|NNC .|PMP
"
771,"Naabutan|VBTR ng|CCB ahas|NNC si|DTP Mikoy|NNP sa|CCT kabilang|JJD_CCP bakuran|NNC .|PMP  
"
772,"""|PMS Kawawa|NNP ka|PRS ngayon|RBW ,|PMC daga|NNC .|PMP
"
773,"Hindi|RBF ka|PRS na|CCP makakawala|VBW ,|PMC ""|PMS sabi|VBS ng|CCB ahas|NNC .|PMP
"
774,"Dumating|VBAF si|DTP Edu|NNP at|CCA Muning|NNP !|PMS
"
775,"Dala|VBS -|PMS dala|JJD ni|DTP Muning|NNP ang|DTC pulang|JJD_CCP sinulid|NNC .|PMP  
"
776,"""|PMS Dali|NNP ,|PMC Edu|NNP !|PMS
"
777,"Itali|NNP natin|PRP ang|DTC ahas|NNC para|CCT di|RBF siya|PRS makagalaw|VBTF !|PMS  
"
778,"""|PMS sigaw|NNC ni|DTP Muning|NNP sa|CCT aso|NNC .|PMP
"
779,"Ihinagis|VBTS ni|DTP Muning|NNP ang|DTC sinulid|NNC pataas|NNC .|PMP
"
780,"Tinuka|VBOF ni|DTP Tamsi|NNP ang|DTC dulo|NNC ng|CCB sinulid|NNC .|PMP
"
781,"Ipinasa|VBOF naman|RBI nito|PRO ang|DTC sinulid|NNC kay|DTP Edu|NNP .|PMP
"
782,"Sinalo|VBOF ni|DTP Edu|NNP at|CCA umikot|VBAF -|PMS ikot|NNC sa|CCT ahas|NNC upang|CCB mapuluputan|VBW ito|PRO ng|CCB sinulid|NNC .|PMP
"
783,"Muntik|JJD pang|RBI_CCP makawala|VBW ang|DTC ahas|NNC ,|PMC ngunit|CCT kinagat|VBOF at|CCA hinigpitan|VBOF pa|RBI ni|DTP Mikoy|NNP ang|DTC sinulid|NNC sa|CCT kaniyang|PRSP_CCP katawan|NNC .|PMP
"
784,"Hanggang|RBW sa|CCT di|RBF na|CCP makagalaw|JJD ang|DTC ahas|NNC .|PMP
"
785,"Mula|RBW sa|CCT bintana|NNC ay|LM natanaw|VBTS ni|DTP Ben|NNP ang|DTC mga|DTCP nangyari|VBTS .|PMP
"
786,"Kumuha|VBAF siya|PRS agad|RBW ng|CCB sako|NNC at|CCA dali|NNC -|PMS daling|RBD_CCP tumungo|VBAF sa|CCT kabilang|JJD_CCP bakuran|NNC .|PMP
"
787,"Hinawakan|VBOF niya|PRS ang|DTC ahas|NNC na|CCP pinuluputan|VBTR ng|CCB sinulid|NNC at|CCA maingat|RBD na|CCP ipinasok|VBOF sa|CCT sako|NNC .|PMP  
"
788,"""|PMS Kawawa|NNP ka|PRS naman|RBI ,|PMC ""|PMS sabi|VBS ni|DTP Ben|NNP sa|CCT ahas|NNC .|PMP  
"
789,"""|PMS Dadalhin|VBTF kita|NNC sa|CCT animal|FW rescue|FW center|FW .|PMP  
"
790,"""|PMS Nagdiwang|VBTS si|DTP Muning|NNP at|CCA ang|DTC mga|DTCP kaibigang|NNC_CCP hayop|NNC .|PMP
"
791,"Napalitan|VBTS ng|CCB saya|NNC ang|DTC nakakatakot|VBTR na|CCP kaganapan|NNC kanina|RBW .|PMP
"
792,"Nagpasalamat|VBTR sila|PRP na|CCP walang|VBN_CCP nakain|VBTS ang|DTC ahas|NNC na|CCP sinuman|PRQ sa|CCT kanila|PRSP .|PMP
"
793,"Nagising|VBTS si|DTP Budang|NNP sa|CCT mabangong|JJD_CCP amoy|NNC ng|CCB niluluto|VBTR ni|DTP Nanay|NNP Isay|NNP .|PMP
"
794,"Pagkatapos|VBW niyang|PRS_CCP bumangon|VBAF ay|LM agad|RBD -|PMS agad|RBD siyang|PRS_CCP dumiretso|VBAF sa|CCT kusina|NNC .|PMP  
"
795,"""|PMS Ano|PRQ ang|DTC niluluto|VBTR mo|PRS ,|PMC Nanay|NNC ?|PMQ ""|PMS  
"
796,"""|PMS A|NNPA !|PMS
"
797,"Sinaing|NNP iyan|PRO na|CCP may|VBH dahon|NNC ng|CCB pandan|NNC ,|PMC ""|PMS sagot|NNC ni|DTP Nanay|NNP Isay|NNP .|PMP  
"
798,"""|PMS Daing|NNP at|CCA kamatis|NNC ang|DTC ulam|NNC natin|PRP ?|PMQ
"
799,"Mapaparami|NNP na|CCP naman|RBI ang|DTC kain|NNC ko|PRS nito|PRO ,|PMC lalo|JJCC pa|RBI at|CCA ikaw|PRS ang|DTC nagluto|VBTS ,|PMC Nanay|NNC !|PMS ""|PMS  
"
800,"""|PMS Oo|RBT .|PMP
"
801,"Kumuha|VBAF ka|PRS na|CCP ng|CCB mga|DTCP plato|NNC ,|PMC kutsara|NNC ,|PMC at|CCA tinidor|NNC .|PMP
"
802,"Tawagin|VBTF_VBOF mo|PRS na|RBI rin|RBI ang|DTC Tatay|NNC mo|PRS at|CCA mag|VBW -|PMS almusal|FW na|CCP tayo|PRP .|PMP ""|PMS  
"
803,"""|PMS Budang|NNP ,|PMC pag|CCR -|PMS aralan|NNC mo|PRS na|CCP kung|RBK paano|RBQ magsaing|VBW .|PMP
"
804,"Kung|CCR wala|VBN kami|PRP dito|PRL ng|CCB Nanay|NNC mo|PRS sa|CCT bahay|NNC ,|PMC ay|LM dapat|VBS marunong|JJD ka|PRS nang|RBW magluto|VBW ng|CCB iyong|PRSP_CCP pagkain|NNC ,|PMC ""|PMS sabi|VBS ni|DTP Tatay|NNP Dodong|NNP .|PMP  
"
805,"""|PMS Gusto|VBS ko|PRS po|RBS talaga|RBT na|CCP matutunan|VBW ang|DTC pagsaing|NNC at|CCA pagluto|NNC !|PMS  
"
806,"""|PMS sagot|NNC ni|DTP Budang|NNP .|PMP
"
807,"Pagkatanghali|NNP ,|PMC pinaghanda|VBTR_VBRF ni|DTP Nanay|NNP Isay|NNP si|DTP Budang|NNP ng|CCB <I>|NNPA kararaw|NNC </I>|NNPA at|CCA kaldero|NNC .|PMP  
"
808,"""|PMS Kumuha|VBAF ka|PRS ng|CCB isang|PRI_CCP lata|NNC ng|CCB bigas|NNC at|CCA ilagay|VBOF mo|PRS ito|PRO sa|CCT kararaw|NNC .|PMP
"
809,"Tamang|JJD_CCP -|PMS tama|JJD lang|RBI ang|DTC isang|PRI_CCP latang|NNC_CCP bigas|NNC para|CCT sa|CCT ating|PRSP_CCP dalawa|CDB .|PMP
"
810,"Tahipan|NNP ang|DTC bigas|NNC sa|CCT pamamagitan|NNC ng|CCB paghagis|NNC ng|CCB bigas|NNC sa|CCT hangin|NNC at|CCA pagsalo|NNC gamit|VBS ang|DTC kararaw|NNC upang|CCB maihiwalay|VBW ang|DTC ipa|FW o|CCT binlid|FW ,|PMC at|CCA mga|DTCP maliliit|JJD na|CCP bato|NNC .|PMP  
"
811,"""|PMS Pinakita|VBTS niya|PRS kay|DTP Budang|NNP kung|RBK paano|RBQ ito|PRO gawin|VBOF .|PMP  
"
812,"""|PMS Ilipat|VBOF natin|PRP ang|DTC bigas|NNC sa|CCT kaldero|NNC at|CCA hugasan|VBOF ng|CCB tatlong|JJN_CCP beses|NNC ,|PMC para|CCT siguraduhing|NNC_CCP ito|PRO ay|LM malinis|JJD .|PMP  
"
813,"""|PMS Tinuruan|VBTS rin|RBI ni|DTP Nanay|NNP Isay|NNP si|DTP Budang|NNP kung|RBK paano|RBQ ang|DTC pagsukat|NNC ng|CCB tubig|NNC .|PMP  
"
814,"""|PMS Sukatin|VBOF mo|PRS ang|DTC tubig|NNC hanggang|RBW sa|CCT gitnang|JJD_CCP guhit|NNC ng|CCB iyong|PRSP_CCP hinlalaki|NNC .|PMP
"
815,"Kailangang|VBS_CCP sakto|JJD lang|RBI ang|DTC dami|NNC ng|CCB iyong|PRSP_CCP tubig|NNC para|CCT hindi|RBF maging|VBW mabasa|VBW ang|DTC iyong|PRSP_CCP sinaing|NNC .|PMP
"
816,"Paglagay|NNP mo|PRS sa|CCT kalan|NNC ay|LM siguraduhin|VBOF mong|PRS_CCP nakasarado|VBTS nang|RBD mabuti|RBD ang|DTC kaldero|NNC para|CCT mabilis|RBD itong|PRO_CCP maluto|VBW ,|PMC ""|PMS pagpatuloy|NNC niya|PRS .|PMP
"
817,"Habang|RBW naghihintay|VBTR na|CCP kumulo|VBTS_VBAF ang|DTC sinaing|FW ,|PMC inihanda|VBTS nila|PRP ang|DTC dahon|NNC ng|CCB malunggay|NNC na|CCP ilalagay|VBTF sa|CCT sinabawang|VBTS_CCP isda|NNC .|PMP
"
818,"Nang|RBW kumulo|CDB na|CCP ang|DTC tubig|NNC ng|CCB sinaing|FW ,|PMC binuksan|VBOF ni|DTP Nanay|NNP Isay|NNP ang|DTC kaldero|NNC para|CCT ito|PRO ay|LM pasingawin|RBD .|PMP  
"
819,"""|PMS Kung|CCR mawalan|VBW na|CCP ito|PRO ng|CCB tubig|NNC ,|PMC pahinaan|NNC mo|PRS lamang|RBI ang|DTC apoy|NNC para|CCT ito|PRO ay|LM maluto|VBW na|RBI ,|PMC ""|PMS pagpapaliwanag|NNC ni|DTP Nanay|NNP Isay|NNP .|PMP
"
820,"Pinasok|VBOF niya|PRS ang|DTC uling|NNC sa|CCT lata|NNC para|CCT magamit|VBW pa|RBI itong|PRO_CCP muli|RBW .|PMP  
"
821,"""|PMS Nakalimutan|RBD nating|PRP_CCP maglagay|VBAF ng|CCB dahon|NNC ng|CCB pandan|NNC ,|PMC Nanay|NNC !|PMS  
"
822,"""|PMS naalala|VBTS ni|DTP Budang|NNP .|PMP  
"
823,"""|PMS Ay|NNP ,|PMC oo|RBT nga|RBI .|PMP
"
824,"Sa|CCT susunod|VBTF nalang|VBTS_CCP natin|PRP ilagay|VBOL iyan|PRO .|PMP
"
825,"Hindi|RBF naman|RBI kailangan|VBS na|CCP palaging|RBD_CCP may|VBH dahon|NNC ng|CCB pandan|NNC ang|DTC sinaing|FW .|PMP  
"
826,"""|PMS Nang|RBW sumunod|VBAF na|CCP araw|NNC ,|PMC si|DTP Budang|NNP na|CCP ang|DTC nagsaing|VBTS para|CCT sa|CCT pananghalian|NNC .|PMP
"
827,"Sinunod|VBTS niya|PRS ang|DTC lahat|PRI ng|CCB sinabi|VBTS ni|DTP Nanay|NNP Isay|NNP .|PMP  
"
828,"""|PMS Ikaw|NNP na|CCP ang|DTC bahala|NNC riyan|NNC sa|CCT ating|PRSP_CCP kusina|NNC ,|PMC ha|NNCA .|PMP
"
829,"Hindi|RBF na|CCP tayo|PRP magluluto|VBW ng|CCB ulam|NNC dahil|CCR meron|VBH pang|RBI_CCP natira|VBTS kanina|RBW ,|PMC ""|PMS sabi|VBS ni|DTP Nanay|NNP Isay|NNP .|PMP
"
830,"Pinunasan|VBTS niya|PRS kaagad|RBW ang|DTC mga|DTCP bintana|NNC sa|CCT loob|NNC ng|CCB bahay|NNC .|PMP
"
831,"Habang|RBW nagbabantay|VBTS si|DTP Budang|NNP ,|PMC nakita|VBTS niyang|PRS_CCP nangunguha|VBTR ng|CCB aratiles|FW sina|DTPP Nene|NNP at|CCA Toto|NNP sa|CCT labas|NNC ng|CCB kanilang|PRSP_CCP bakuran|NNC .|PMP  
"
832,"""|PMS Nene|NNP !|PMS  
"
833,"""|PMS tawag|VBS ni|DTP Budang|NNP .|PMP  
"
834,"""|PMS Bigyan|VBOF ninyo|PRP ako|PRS ng|CCB aratiles|FW !|PMS  
"
835,"""|PMS Tumakbo|VBAF palabas|NNC si|DTP Budang|NNP at|CCA sumali|VBAF sa|CCT pamimitas|NNC !|PMS
"
836,"Pulang|NNP_CCP -|PMS pula|JJD ang|DTC mga|DTCP bunga|NNC at|CCA matatamis|VBTF pa|RBI !|PMS  
"
837,"""|PMS Mas|JJCC mabilis|JJD tayo|PRP kapag|CCR aakyatin|VBTF ko|PRS ang|DTC kahoy|NNC ,|PMC ""|PMS pagmamalaki|NNC ni|DTP Budang|NNP .|PMP
"
838,"Kinuha|VBOF niya|PRS ang|DTC kaniyang|PRSP_CCP tsinelas|NNC at|CCA saka|CCA umakyat|VBAF .|PMP  
"
839,"""|PMS Doon|PRL sa|CCT kabilang|JJD_CCP sanga|NNC .|PMP
"
840,"Madami|PRI pa|RBI doong|PRO_CCP mga|DTCP hinog|NNC na|CCP aratiles|FW !|PMS  
"
841,"""|PMS sigaw|NNC ni|DTP Nene|NNP .|PMP
"
842,"Maabot|VBW na|CCP sana|VBS ni|DTP Budang|NNP ang|DTC sanga|NNC nang|RBW maamoy|VBW niya|PRS ang|DTC sunog|NNC na|CCP sinaing|VBTS .|PMP
"
843,"Dali|NNP -|PMS dali|JJD siyang|PRS_CCP bumaba|VBAF at|CCA tumakbo|VBAF pabalik|RBD ng|CCB bahay|NNC !|PMS
"
844,"Pagdating|VBW niya|PRS sa|CCT kusina|NNC ,|PMC pinatay|VBTS na|RBI ni|DTP Nanay|NNP Isay|NNP ang|DTC apoy|NNC .|PMP  
"
845,"""|PMS Ay|NNP naku|NNP Budang|NNP !|PMS
"
846,"Nasunog|VBTS ang|DTC sinaing|FW mo|PRS !|PMQ
"
847,"Sayang|RBS naman|RBI ang|DTC kanin|NNC natin|PRP ,|PMC puro|JJD na|CCP sunog|NNC !|PMS  
"
848,"""|PMS Pag|CCR -|PMS uwi|NNC ni|DTP Tatay|NNP Dodong|NNP galing|RBL sa|CCT bukid|NNC ,|PMC mahinahon|JJD niyang|PRS_CCP sinabihan|VBOF si|DTP Budang|NNP .|PMP  
"
849,"""|PMS Kapag|CCR ikaw|PRS ay|LM nagluluto|VBTR ,|PMC Budang|NNP ,|PMC kailangang|VBS_CCP bantayan|VBOF mo|PRS ito|PRO .|PMP
"
850,"Naghihirap|VBTR kami|PRP sa|CCT pagtatanim|NNC at|CCA pag|CCR -|PMS aani|NNC ng|CCB palay|NNC para|CCT magkaroon|VBW tayo|PRP ng|CCB bigas|NNC .|PMP ""|PMS  
"
851,"""|PMS Pasensiya|NNP po|RBS ,|PMC Tatay|NNC .|PMP
"
852,"Babantayan|NNP ko|PRS na|CCP po|RBS lagi|RBW ang|DTC sinaing|NNC_CCP ko|PRS .|PMP ""|PMS  
"
853,"""|PMS Masarap|NNP ba|FW kumain|VBAF ng|CCB sunog|NNC na|CCP kanin|NNC ?|PMQ  
"
854,"""|PMS biro|NNC ni|DTP Tatay|NNP Dodong|NNP nang|RBW makita|VBW niya|PRS na|CCP malungkot|JJD si|DTP Budang|NNP .|PMP  
"
855,"""|PMS Hindi|RBF ,|PMC Tatay|NNC ,|PMC siyempre|RBT !|PMQ
"
856,"Mahirap|JJD ito|PRO nguyain|VBOF ,|PMC ""|PMS sagot|NNC niya|PRS .|PMP  
"
857,"""|PMS Bukas|JJD ,|PMC ikaw|PRS ulit|RBW ang|DTC magsasaing|VBW ,|PMC ha|NNCA .|PMP ""|PMS  
"
858,"""|PMS Opo|NNP ,|PMC Tatay|NNC .|PMP  
"
859,"""|PMS Maaga|JJD pang|RBI_CCP nagising|VBTS si|DTP Budang|NNP .|PMP
"
860,"Nagsaing|VBTS siya|PRS at|CCA binantayan|VBTS ito|PRO nang|RBD mabuti|RBD .|PMP
"
861,"Hindi|RBF sunog|NNC ,|PMC hindi|RBF hilaw|JJD ,|PMC at|CCA bagkus|CCT ,|PMC ay|LM amoy|NNC ang|DTC halimuyak|NNC ng|CCB dahon|NNC ng|CCB pandan|NNC sa|CCT sinaing|NNC ni|DTP Budang|NNP .|PMP
"
862,"Tumulong|VBAF pa|RBI siya|PRS kay|DTP Nanay|NNP Isay|NNP na|CCP magluto|VBW ng|CCB tortang|RBD talong|JJN_CCP .|PMP
"
863,"Pinuri|VBOF ng|CCB kaniyang|PRSP_CCP mga|DTCP magulang|NNC si|DTP Budang|NNP .|PMP
"
864,"Masayang|JJD_CCP kumain|VBAF ng|CCB masarap|JJD na|CCP almusal|NNC ang|DTC kanilang|PRSP_CCP pamilya|NNC .|PMP
"
865,"Tinuruan|VBOF ni|DTP Nanay|NNP Isay|NNP kung|RBK paano|RBQ magluto|VBW at|CCA magsaing|VBW si|DTP Budang|NNP .|PMP
"
866,"Madali|RBD lang|RBI naman|RBI pala|NNC ang|DTC mga|DTCP hakbang|NNC .|PMP
"
867,"Ngunit|CCT ,|PMC noong|RBW_CCP umuwi|VBAF si|DTP Tatay|NNP Dodong|NNP halin|NNC sa|CCT bukid|NNC ay|LM may|VBH paalala|NNC ito|PRO kay|DTP Budang|NNP .|PMP
"
868,"Gusto|VBS ko|PRS lang|RBI naman|RBI na|CCP may|VBH magmahal|VBW sa|CCT akin|PRSP .|PMP
"
869,"Pero|CCT paano|PRQ mangyayari|VBTF iyon|PRO kung|CCR palagi|RBW ako|PRS iniiwasan|VBTR ng|CCB mga|DTCP tao|NNC ?|PMQ
"
870,"Iyan|VBTR_VBOF ang|DTC palagi|RBW kong|PRS_CCP iniisip|VBTR .|PMP
"
871,"Dahil|CCR sunog|NNC ang|DTC kalahati|PRI ng|CCB aking|PRSP_CCP katawan|NNC ,|PMC walang|VBN_CCP buhok|NNC ,|PMC pangit|JJD at|CCA madaming|JJD_CCP peklat|NNC ,|PMC nag|RBD_CCP tingin|NNC nila|PRP may|VBH nakakahawa|VBTR akong|PRS_CCP sakit|NNC kaya|CCR ayaw|RBF din|RBI nila|PRP sa|CCT akin|PRSP .|PMP
"
872,"Gusto|VBS ko|PRS lang|RBI naman|RBI maka|VBW -|PMS kain|NNC ,|PMC maki|NNC -|PMS paglaro|VBW ,|PMC at|CCA mahalin|VBW ng|CCB mga|DTCP tao|NNC .|PMP
"
873,"Habang|RBW naghahanap|VBTR ako|PRS ng|CCB pagkain|NNC ,|PMC may|VBH mga|DTCP batang|JJD_CCP binato|VBOF ko|PRS ng|CCB mga|DTCP bato|NNC habang|RBW sumisigaw|VBTR_VBAF ,|PMC ""|PMS Nakakadiri|VBTR ka|PRS !|PMQ
"
874,"Alis|NNP !|PMS  
"
875,"""|PMS Hindi|RBF ko|PRS sila|PRP pinansin|VBOF at|CCA nagtuloy|VBTS lang|RBI ako|PRS sa|CCT paghahanap|NNC ng|CCB pagkain|NNC ngunit|CCT ,|PMC hindi|RBF sila|PRP tumigil|VBAF kaya|CCR umalis|VBAF na|RBI lang|RBI ako|PRS .|PMP
"
876,"Gusto|VBS ko|PRS lang|RBI alagaan|VBOF ,|PMC mahalin|VBW .|PMP
"
877,"Ngunit|CCT paano|PRQ ko|PRS mararamdaman|VBTF ang|DTC ganyan|NNC kung|CCR palaging|RBD_CCP masasakit|JJD na|CCP salita|NNC ang|DTC itinatapon|VBTR sa|CCT akin|PRSP saan|PRQ man|RBI ako|PRS magpunta|VBW ?|PMQ
"
878,"Mayroon|VBH ding|RBI_CCP mga|DTCP mabubuting|JJD_CCP tao|NNC na|CCP nagpapakain|VBTR sa|CCT akin|PRSP ,|PMC tulad|JJC ng|CCB bata|NNC sa|CCT panaderya|NNC na|CCP nagbigay|VBTS sa|CCT akin|PRSP ng|CCB tinapay|NNC .|PMP  
"
879,"""|PMS Salamat|RBS sa|CCT pagkain|NNC .|PMP
"
880,"Ano|PRQ ang|DTC pangalan|NNC mo|PRS ?|PMQ  
"
881,"""|PMS Itinanong|VBTS ko|PRS .|PMP  
"
882,"""|PMS Ako|PRS si|DTP Kiko|NNP .|PMP
"
883,"Ikaw|NNP ?|PMQ  
"
884,"""|PMS May|VBH sasabihin|VBTF pa|RBI sana|VBS ako|PRS ngunit|CCT napagpasyahan|VBTS kong|PRS_CCP umalis|VBAF nang|RBD mapansin|VBW ko|PRS ang|DTC dumaraming|JJD_CCP tao|NNC sa|CCT tabi|NNC ng|CCB panaderya|NNC .|PMP  
"
885,"""|PMS Paalam|NNP ,|PMC ""|PMS narinig|VBTS kong|PRS_CCP sabi|VBS ng|CCB bata|NNC .|PMP
"
886,"Maraming|PRI_CCP mga|DTCP tao|NNC tulad|JJC ng|CCB Kiko|NNC na|CCP nagpapakain|VBTR sa|CCT akin|PRSP ,|PMC ngunit|CCT mayroon|VBH ding|RBI_CCP ilang|PRQ_CCP na|CCP patuloy|RBD na|CCP itinataboy|VBTR ako|PRS .|PMP
"
887,"Isang|PRI_CCP araw|NNC ,|PMC habang|RBW naghahanap|VBTR ako|PRS ng|CCB makakain|VBW ,|PMC napadpad|VBTS ako|PRS sa|CCT isang|PRI_CCP bahay|NNC .|PMP
"
888,"Umakyat|VBAF ako|PRS sa|CCT bakod|NNC at|CCA nakita|VBTS ko|PRS si|DTP Kiko|NNP na|CCP nagdidilig|VBTR ng|CCB mga|DTCP halaman|NNC .|PMP
"
889,"Papunta|VBW na|CCP sana|VBS ako|PRS sa|CCT kanya|PRSP ,|PMC may|VBH nakita|VBTS akong|PRS_CCP ahas|NNC na|CCP sumisitsit|VBTR_VBAF sa|CCT likod|NNC niya|PRS .|PMP
"
890,"Mabilis|RBD ko|PRS itong|PRO_CCP inatake|VBTS gamit|VBS ang|DTC aking|PRSP_CCP mga|DTCP kuko|NNC .|PMP
"
891,"Hissssss|NNP ...|PMS ""|PMS Umalis|VBAF ka|PRS sa|CCT akin|PRSP !|PMQ
"
892,"Umalis|VBAF ka|PRS sa|CCT akin|PRSP !|PMS  
"
893,"""|PMS sabi|VBS ng|CCB ahas|NNC .|PMP  
"
894,"""|PMS Hindi|RBF ako|PRS papayag|VBTF na|CCP saktan|VBOF mo|PRS si|DTP Kiko|NNP !|PMS  
"
895,"""|PMS Sabi|VBS ko|PRS .|PMP
"
896,"Nang|RBW makita|VBW ni|DTP Kiko|NNP ang|DTC nangyayari|VBTR ,|PMC mabilis|RBD siyang|PRS_CCP tumakbo|VBAF papasok|RBD ng|CCB bahay|NNC ,|PMC sumigaw|VBAF ,|PMC ""|PMS Papa|NNP ,|PMC dali|JJD !|PMS
"
897,"May|VBH ahas|NNC sa|CCT damuhan|NNC natin|PRP !|PMS  
"
898,"""|PMS Nung|RBW_CCP wala|VBN pa|RBI ang|DTC ahas|NNC ,|PMC lumayo|VBAF ako|PRS .|PMP
"
899,"Mabilis|RBD na|CCP lumabas|VBAF si|DTP Kiko|NNP at|CCA ang|DTC kanyang|PRSP_CCP ama|NNC .|PMP
"
900,"Tinuro|VBOF ako|PRS ni|DTP Kiko|NNP .|PMP
"
901,"Nang|RBW makita|VBW ko|PRS ang|DTC kanyang|PRSP_CCP ama|NNC na|CCP may|VBH hawak|JJD na|CCP pala|NNC ,|PMC nakaramdam|VBTS ako|PRS ng|CCB takot|NNC .|PMP
"
902,"Sasaktan|VBOF niya|PRS ba|RBI ako|PRS ?|PMQ
"
903,"Ngunit|CCT nang|RBW makalapit|VBW siya|PRS ,|PMC dinampot|VBTS niya|PRS ang|DTC ahas|NNC at|CCA inilagay|VBTS sa|CCT loob|NNC ng|CCB sako|NNC .|PMP
"
904,"Lumapit|VBTS_VBAF palapit|JJD sakin|VBOF ang|DTC tatay|NNC ni|DTP Kiko|NNP .|PMP  
"
905,"""|PMS Kiko|NNP ang|DTC sasabihin|VBTF mo|PRS sa|CCT pusa|NNC ?|PMQ
"
906,"tanong|NNC nya|PRS .|PMP
"
907,"Aalis|NNP na|CCP sana|VBS ako|PRS ng|CCB magsalita|VBAF si|DTP Kiko|NNP ,|PMC ""|PMS Salamat|RBS !|PMS  
"
908,"""|PMS Lumapit|VBAF sya|PRS sa|CCT tabi|NNC ko|PRS at|CCA ako|PRS ay|LM niyakap|VBTS Hindi|RBF ko|PRS namalayan|VBTR na|CCP nakatulog|VBTS ako|PRS sa|CCT dibdib|NNC ni|DTP Kiko|NNP .|PMP  
"
909,"""|PMS Iko|NNP ,|PMC halika|NNC .|PMP
"
910,"Maglaro|VBAF tayo|PRP !|PMS  
"
911,"""|PMS Tawag|VBS ni|DTP Kiko|NNP .|PMP
"
912,"Inampon|VBOF nila|PRP ako|PRS .|PMP
"
913,"Binubusog|VBTR nila|PRP ako|PRS ng|CCB pagmamahal|NNC .|PMP
"
914,"Palagi|RBW akong|PRS_CCP nakikipaglaro|VBTR kay|DTP Kiko|NNP at|CCA natutulog|VBTR sa|CCT tabi|NNC niya|PRS .|PMP
"
915,"Sobrang|JJCS_CCP saya|VBS ko|PRS !|PMQ
"
916,"Narrator|NNP :|PMS Chirath|NNP Wickramaratne|FW .|PMP
"
917,"""|PMS Naaamoy|VBTS mo|PRS ’|PMS yon|PRO ?|PMQ  
"
918,"""|PMS tanong|NNC ni|DTP Anopol|NNP habang|RBW nakatingala|VBTS kay|DTP Tang|NNP -|PMS id|NNCA .|PMP  
"
919,"""|PMS Oo|RBT ,|PMC naaamoy|VBTR ko|PRS ,|PMC ""|PMS sagot|NNC ni|DTP Tang|NNP -|PMS id|NNCA na|CCP nakaharang|JJD kay|DTP Anopol|NNP .|PMP  
"
920,"""|PMS Mayroon|VBH na|CCP namang|RBI_CCP nagsusunog|VBTR ,|PMC ""|PMS sabi|VBS pa|RBI niya|PRS .|PMP
"
921,"Lumalapit|VBTR_VBAF at|CCA lumalawak|VBTR_VBAF lalo|JJCC ang|DTC mga|DTCP nagsusunog|VBTR dito|PRL sa|CCT kagubatan|NNC araw|NNC -|PMS araw|NNC ,|PMC ""|PMS nakatatakot|JJD na|CCP sabi|VBS ni|DTP Anopol|NNP .|PMP  
"
922,"""|PMS Paano|PRQ na|CCP kung|CCR narito|PRL na|CCP ’|PMS yan|PRO sa|CCT atin|PRSP bukas|JJD ?|PMQ  
"
923,"""|PMS tanong|NNC ni|DTP Anopol|NNP .|PMP  
"
924,"""|PMS Di|RBF ko|PRS rin|RBI alam|VBS ,|PMC Anopol|NNP ,|PMC ""|PMS nakatatakot|JJD naman|RBI na|CCP sagot|NNC ni|DTP Tang|NNP -|PMS id|NNCA .|PMP  
"
925,"""|PMS Nakikita|VBTR mo|PRS ’|PMS yon|PRO ?|PMQ  
"
926,"""|PMS tanong|NNC ni|DTP Anopol|NNP kay|DTP Tang|NNP -|PMS id|NNCA .|PMP  
"
927,"""|PMS Oo|RBT siyempre|RBT ,|PMC nakikita|VBTR ko|PRS ,|PMC ""|PMS sagot|NNC ni|DTP Tang|NNP -|PMS id|NNCA .|PMP  
"
928,"""|PMS Gumuguho|VBTR_VBAF na|CCP ang|DTC mga|DTCP bangin|NNC ,|PMC ""|PMS sabi|VBS pa|RBI niya|PRS .|PMP  
"
929,"""|PMS Dumadausdos|VBTR na|CCP ang|DTC mga|DTCP lupa|NNC doon|PRL sa|CCT itaas|JJD .|PMP
"
930,"Paano|PRQ na|CCP kung|CCR narito|PRL na|CCP ’|PMS yan|PRO sa|CCT atin|PRSP bukas|JJD ?|PMQ  
"
931,"""|PMS di|RBF -|PMS mapakaling|VBW_CCP tanong|NNC ni|DTP Anopol|NNP .|PMP  
"
932,"""|PMS Di|RBF ko|PRS rin|RBI alam|VBS ,|PMC ""|PMS nakatatakot|JJD naman|RBI na|CCP sagot|NNC ni|DTP Tang|NNP -|PMS id|NNCA .|PMP  
"
933,"""|PMS Naririnig|VBTR mo|PRS ’|PMS yon|PRO ?|PMQ  
"
934,"""|PMS tanong|NNC ni|DTP Anopol|NNP kay|DTP Tang|NNP -|PMS id|NNCA .|PMP  
"
935,"""|PMS Naririnig|VBTR ko|PRS ,|PMC ""|PMS sagot|NNC ni|DTP Tang|NNP -|PMS id|NNCA .|PMP  
"
936,"""|PMS Meron|VBH na|CCP naman|RBI !|PMQ ""|PMS  
"
937,"""|PMS Araw|NNP -|PMS araw|NNC na|CCP lang|RBI ay|LM may|VBH lumalagabog|VBTR_VBAF na|CCP kahoy|NNC ,|PMC ""|PMS balisang|JJD_CCP sabi|VBS ni|DTP Anopol|NNP .|PMP  
"
938,"""|PMS Paano|PRQ na|CCP kung|CCR narito|PRL na|CCP ’|PMS yan|PRO sa|CCT atin|PRSP bukas|JJD ?|PMQ  
"
939,"""|PMS tanong|NNC ni|DTP Anopol|NNP .|PMP  
"
940,"""|PMS Di|RBF ko|PRS rin|RBI alam|VBS ,|PMC Anopol|NNP ,|PMC ""|PMS nakatatakot|JJD na|CCP sagot|NNC ni|DTP Tang|NNP -|PMS id|NNCA .|PMP
"
941,"Di|RBF mapakali|VBW ang|DTC dalawa|JJN kahit|CCT namimilog|VBTR ang|DTC buwan|NNC .|PMP  
"
942,"""|PMS Ay|RBF tingnan|VBOF mo|PRS ,|PMC may|VBH maliit|JJD na|CCP Rafflesia|NNP ,|PMC ""|PMS sabi|VBS ng|CCB isang|PRI_CCP binatang|JJD_CCP kasama|CCB ng|CCB grupong|NNC_CCP Bantay|NNP Bukid|NNP na|CCP nangangalaga|VBTR sa|CCT kabundukan|NNC .|PMP  
"
943,"""|PMS Bulaklak|NNP ’|CDB yan|PRO na|CCP Anopol|NNP ,|PMC ""|PMS sabi|VBS ng|CCB Agtang|PRQ_CCP kasama|CCB nila|PRP .|PMP ""|PMS  
"
944,"""|PMS Matatagpuan|VBTF dito|PRL ang|DTC pinakamaliit|JJCS_JJD at|CCA pinakamalaking|JJCS_JJD_CCP mga|DTCP bulaklak|NNC sa|CCT buong|PRI_CCP mundo|NNC ,|PMC ""|PMS sabi|VBS ng|CCB binata|NNC .|PMP  
"
945,"""|PMS Meron|VBH pala|NNC niyan|PRO dito|PRL sa|CCT Mt.|NNPA Iriga|NNP ,|PMC ""|PMS masayang|JJD_CCP sabi|NNC niya|PRS .|PMP  
"
946,"""|PMS Sabi|VBW ng|CCB mga|DTCP matatanda|NNC ’|PMS yon|PRO nakilala|VBTS noon|RBW ang|DTC Iriga|NNP dahil|CCR dito|PRL kinukuha|VBTR ang|DTC mga|DTCP bulaklak|NNC na|CCP ginagawang|VBTR_CCP pabango|NNC sa|CCT Manila|NNP ,|PMC ""|PMS dagdag|JJD pa|RBI niya|PRS .|PMP  
"
947,"""|PMS Naaamoy|NNP mo|PRS ’|PMS yan|PRO ?|PMQ  
"
948,"""|PMS tanong|NNC ng|CCB binata|NNC doon|PRL na|CCP kasama|CCB niya|PRS .|PMP  
"
949,"""|PMS Oo|RBT ,|PMC may|VBH nagsusunog|VBTR na|CCP naman|RBI sa|CCT mga|DTCP talahiban|NNC ,|PMC ""|PMS sagot|NNC naman|RBI ng|CCB isa|PRI .|PMP  
"
950,"""|PMS Nakita|VBTS mo|PRS ’|PMS yong|PRO_CCP kaninang|NNC_CCP nadaanan|VBTS nating|PRP_CCP gumuguhong|VBTR_VBAF_CCP lupa|NNC doon|PRL sa|CCT bangin|NNC ?|PMQ  
"
951,"""|PMS tanong|NNC pa|RBI ng|CCB binata|NNC .|PMP  
"
952,"""|PMS Binuldoser|NNP dahil|CCR ipagbibili|VBOB ang|DTC lupa|NNC ,|PMC ""|PMS sabi|VBS naman|RBI ng|CCB isang|PRI_CCP Agta|NNP .|PMP  
"
953,"""|PMS Ang|DTC tunog|NNC ng|CCB chainsaw|NNC ,|PMC malapit|JJD lang|RBI yan|PRO dito|PRL ,|PMC ano|PRQ ?|PMQ  
"
954,"""|PMS sabi|VBS ulit|RBW ng|CCB binata|NNC .|PMP  
"
955,"""|PMS Kung|CCR magpapatuloy|VBTR_VBAF itong|PRO_CCP mga|DTCP kaingero|NNC ,|PMC mga|DTCP maghuhukay|VBTF_VBAF ng|CCB lupa|NNC ,|PMC at|CCA mga|DTCP mamumutol|NNC kahoy|NNC ,|PMC kawawa|JJD naman|RBI nitong|PRO_CCP Anopol|NNP at|CCA Tang|NNP -|PMS id|NNCA pati|CCA na|RBI rin|RBI ang|DTC iba|PRI pang|RBI_CCP mga|DTCP nabubuhay|VBTR dito|PRL sa|CCT bukid|NNC .|PMP
"
956,"Mauubos|VBTF silang|PRP_CCP lahat|PRI .|PMP ""|PMS  
"
957,"""|PMS Bukas|JJD ,|PMC bumalik|VBAF tayo|PRP upang|CCB hulihin|VBOF itong|PRO_CCP mga|DTCP naninira|VBTR nitong|PRO_CCP kabundukan|NNC ,|PMC ""|PMS sabi|VBS pa|RBI niya|PRS .|PMP
"
958,"Pag|CCR -|PMS alis|NNC ng|CCB mga|DTCP Bantay|NNP Bukid|NNP ,|PMC nakahinga|RBD -|PMS hinga|NNC ng|CCB malalim|JJD si|DTP Anopol|NNP at|CCA si|DTP Tang|NNP -|PMS id|NNCA .|PMP
"
959,"Alam|VBS nila|PRP ang|DTC kasagutan|NNC ng|CCB kinatatakutan|VBTR nila|PRP ,|PMC kaya|CCR noong|RBW_CCP gabi|RBW ,|PMC mapayapa|RBD nilang|PRP_CCP minasdan|VBOF ang|DTC buwan|NNC at|CCA mga|DTCP bituwin|NNC .|PMP
"
960,"May|VBH mga|DTCP naririnig|VBTR sila|PRP Anopol|NNP at|CCA Tang|NNP -|PMS id|FW sa|CCT kalagitnaan|RBW ng|CCB gabi|RBW .|PMP
"
961,"May|VBH naaamoy|VBTS silang|PRP_CCP usok|NNC sa|CCT di|RBF -|PMS kalayuan|NNC ,|PMC may|VBH nakikitang|VBTR_CCP dumadausdos|VBTR_VBAF na|CCP lupa|NNC galing|RBL sa|CCT itaas|JJD ng|CCB bukid|NNC .|PMP
"
962,"Saan|PRQ kaya|CCR ito|PRO galing|RBL ?|PMQ
"
963,"Aray|NNP !|PMS
"
964,"Ang|DTC Sakit|NNP !|PMS
"
965,"Bakasyon|NNP na|RBI .|PMP
"
966,"Wala|VBN nang|RBW pasok|NNC .|PMP
"
967,"Nagpaalam|VBTS si|DTP Carl|NNP na|CCP maglalaro|VBTF ng|CCB basketbol|NNC sa|CCT plasa|NNC .|PMP  
"
968,"""|PMS Carl|NNP !|PMS  
"
969,"""|PMS sigaw|NNC ng|CCB kanyang|PRSP_CCP kalaro|NNC sabay|JJD pasa|NNC ng|CCB bola|NNC .|PMP
"
970,"Mataas|JJD ang|DTC pagkakapasa|NNC kaya|CCR hindi|RBF niya|PRS ito|PRO naabot|VBTS .|PMP
"
971,"Naagaw|VBTS tuloy|JJD ng|CCB kabilang|JJD_CCP grupo|NNC at|CCA nakapuntos|VBTS .|PMP  
"
972,"""|PMS Sayang|RBS !|PMS
"
973,"Kung|CCR matangkad|JJD lang|RBI sana|VBS ako|PRS naabot|VBTS ko|PRS ang|DTC bola|NNC ,|PMC tayo|PRP sana|VBS ang|DTC nanalo|VBTS ,|PMC ""|PMS malungkot|JJD at|CCA nanghihinayang|VBTR na|CCP tugon|NNC ni|DTP Carl|NNP sa|CCT kaibigan|NNC .|PMP  
"
974,"""|PMS Ah|RBJ !|PMS
"
975,"Kaya|CCR di|RBF ka|PRS tumatangkad|VBTR_VBAF kasi|CCR di|RBF ka|PRS pa|RBI tuli|JJD ,|PMC talo|JJD ka|PRS tuloy|JJD !|PMS  
"
976,"""|PMS pang|RBI_CCP -|PMS aasar|FW ng|CCB mga|DTCP bata|NNC sa|CCT kabilang|JJD_CCP grupo|NNC sabay|JJD lakad|NNC palayo|RBD .|PMP  
"
977,"""|PMS Okay|NNP lang|RBI yan|PRO !|PMQ
"
978,"Tatangkad|NNP ka|PRS rin|RBI kapag|CCR natuli|VBTS ka|PRS na|RBI .|PMP
"
979,"Sa|CCT susunod|JJD na|CCP taon|NNC ,|PMC pwede|VBS ka|PRS nang|RBW pumila|VBAF diyan|PRL sa|CCT Health|NNP Center|NNP para|CCT magpatuli|VBW ,|PMC ""|PMS sabi|VBS ni|DTP Pino|NNP sabay|RBD turo|NNC sa|CCT mga|DTCP batang|JJD_CCP nakapila|NNC para|CCT magpatuli|VBW .|PMP  
"
980,"""|PMS Masakit|JJD bang|RBM magpatuli|VBW ?|PMQ  
"
981,"""|PMS tanong|NNC ni|DTP Carl|NNP sa|CCT kanyang|PRSP_CCP kaibigan|NNC .|PMP  
"
982,"""|PMS Aray|NNP !|PMS
"
983,"Ang|DTC sakit|NNC !|PMS
"
984,"Yan|NNP ang|DTC sinabi|VBOF ko|PRS nung|RBW tinuli|VBTS_VBOF ako|PRS ,|PMC ""|PMS sabi|VBS ni|DTP Pino|NNP sabay|RBD paalam|RBD na|CCP uuwi|JJD na|CCP siya|PRS .|PMP
"
985,"Naglakad|VBTS na|CCP pauwi|NNC si|DTP Carl|NNP .|PMP
"
986,"Napatigil|VBTS siya|PRS sa|CCT tapat|JJD ng|CCB Health|NNP Center|NNP nang|RBW marinig|VBW niya|PRS ang|DTC sigaw|NNC ng|CCB mga|DTCP batang|JJD_CCP nagpapatuli|VBTR sa|CCT loob|NNC ,|PMC ""|PMS Aray|FW !|PMS
"
987,"Ang|DTC sakitt|FW !|PMQ ""|PMS  
"
988,"""|PMS Aray|NNP !|PMS
"
989,"Ang|DTC sakit|NNC -|PMS sakit|NNC talaga|RBT !|PMS  
"
990,"""|PMS halos|JJD di|RBF makalakad|VBW na|CCP sabi|VBS ng|CCB batang|JJD_CCP katatapos|VBW lang|RBI magpatuli|VBW .|PMP
"
991,"Di|RBF pa|RBI nakakalayo|VBTR si|DTP Carl|NNP nang|RBW makarinig|VBW ulit|RBW siya|PRS ng|CCB iyak|NNC at|CCA sigaw|NNC ng|CCB batang|JJD_CCP nasa|RBL loob|NNC ng|CCB Health|NNP Center|NNP .|PMP  
"
992,"""|PMS Aray|NNP !|PMS
"
993,"Ang|DTC sakit|NNC !|PMS
"
994,"Tumakbo|VBAF si|DTP Carl|NNP pauwi|RBD nang|RBD makasalubong|VBW niya|PRS si|DTP Tiyo|NNP Kokoy|NNP .|PMP  
"
995,"""|PMS Tito|NNP ,|PMC masakit|JJD po|RBS bang|RBM magpatuli|VBW ?|PMQ  
"
996,"""|PMS tanong|NNC ni|DTP Carl|NNP sa|CCT tiyuhin|NNC .|PMP  
"
997,"""|PMS Aray|NNP !|PMS
"
998,"Masakit|JJD yan|PRO !|PMQ
"
999,"Pinuputol|VBTR ng|CCB doktor|NNC ang|DTC kalahati|PRI at|CCA maiksi|JJD lang|RBI ang|DTC itinitira|VBTS ,|PMC ""|PMS pang|RBI_CCP -|PMS aasar|FW na|CCP sagot|NNC ng|CCB tiyuhin|NNC Tumakbo|VBAF si|DTP Carl|NNP pauwi|RBD sabay|RBD yakap|NNC sa|CCT ina|NNC .|PMP  
"
1000,"""|PMS O|NNPA ,|PMC anong|PRQ_CCP problema|NNC ,|PMC anak|NNC ?|PMQ  
"
1001,"""|PMS pag|CCR -|PMS aalalang|NNC_CCP tanong|NNC ni|DTP Nanay|NNP Sita|NNP .|PMP  
"
1002,"""|PMS Nay|NNP ,|PMC ayaw|RBF kong|PRS_CCP magpatuli|VBW ,|PMC ""|PMS wika|NNC ni|DTP Carl|NNP habang|RBW nakayakap|VBTS at|CCA umiiyak|VBTR_VBAF .|PMP  
"
1003,"""|PMS Anak|NNP ,|PMC halika|NNC ,|PMC ""|PMS sabi|VBS ni|DTP Tatay|NNP Aldo|NNP na|CCP naka|VBTS -|PMS uniporme|FW pang|RBI_CCP pang|RBI_CCP -|PMS nars|NNC habang|RBW nakaupo|VBTS sa|CCT sala|NNC .|PMP  
"
1004,"""|PMS Anak|NNP ,|PMC nakasanayan|VBTS na|RBI sa|CCT ating|PRSP_CCP lugar|NNC na|CCP magpatuli|VBW ang|DTC mga|DTCP batang|JJD_CCP lalaki|NNC na|CCP nasa|RBL edad|NNC sampu|JJN pataas|JJD .|PMP ""|PMS  
"
1005,"""|PMS Bakit|PRQ po|RBS kailangang|VBS_CCP magpatuli|VBW ang|DTC mga|DTCP lalaki|NNC ?|PMQ  
"
1006,"""|PMS tanong|NNC ni|DTP Carl|NNP .|PMP  
"
1007,"""|PMS Parte|NNC yan|PRO ng|CCB ating|PRSP_CCP tradisyon|NNC .|PMP
"
1008,"Para|CCT sa|CCT kalinisan|NNC ng|CCB katawan|NNC ang|DTC pagpapatuli|NNC .|PMP
"
1009,"Ginagawa|VBTR ito|PRO upang|CCB maiwasan|VBW ang|DTC impeksyon|NNC laban|NNC sa|CCT mga|DTCP bakterya|NNC ,|PMC ""|PMS pagpapaliwanag|NNC ng|CCB ama|NNC .|PMP  
"
1010,"""|PMS Totoo|RBT po|RBS ba|RBI ang|DTC sinabi|VBTS ni|DTP Tito|NNP Kokoy|NNP na|CCP pinuputol|VBTR ang|DTC kalahati|PRI at|CCA maiksi|JJD lang|RBI ang|DTC itinitira|VBTS pagkatapos|VBW tuliin|VBOF ?|PMQ  
"
1011,"""|PMS tanong|NNC ni|DTP Carl|NNP sa|CCT magulang|NNC .|PMP  
"
1012,"""|PMS Hindi|RBF yan|PRO totoo|RBT ,|PMC anak|NNC .|PMP
"
1013,"Nars|NNP ako|PRS ,|PMC katulong|NNC ng|CCB doktor|NNC sa|CCT pagtuli|NNC .|PMP
"
1014,"May|VBH anestisya|NNC para|CCT hindi|RBF makaramdam|VBW ng|CCB sakit|NNC ang|DTC batang|JJD_CCP tinutuli|VBTR .|PMP
"
1015,"Pagkatapos|VBW ,|PMC binibigyan|VBTR ng|CCB gamot|NNC sa|CCT sakit|NNC upang|CCB may|VBH mainom|VBW pagdating|VBW sa|CCT bahay|NNC ,|PMC ""|PMS sagot|NNC ni|DTP Tatay|NNP Aldo|NNP .|PMP  
"
1016,"""|PMS Anak|NNP ,|PMC andito|RBR kami|PRP para|CCT sayo|PRSP ,|PMC hindi|RBF ka|PRS namin|PRP pababayaan|RBD .|PMP
"
1017,"Ako|PRS ang|DTC mag|VBW -|PMS aalaga|VBTF sayo|PRSP pagkatapos|VBW mong|PRS_CCP matuli|VBW ,|PMC ""|PMS dagdag|JJD naman|RBI ni|DTP Nanay|NNP Sita|NNP .|PMP
"
1018,"Tatangkad|NNP na|CCP po|RBS ba|RBI ako|PRS kapag|CCR nagpatuli|VBTS na|RBI ?|PMQ  
"
1019,"""|PMS tanong|NNC ni|DTP Carl|NNP .|PMP  
"
1020,"""|PMS Kahit|CCT di|RBF ka|PRS pa|RBI tuli|RBW ,|PMC tatangkad|VBTF ka|PRS ,|PMC basta|CCT ’|PMS t|NNCA kumain|VBAF ka|PRS lang|RBI ng|CCB masusustansiyang|JJD_CCP pagkain|NNC ,|PMC uminom|VBAF ng|CCB gatas|NNC ,|PMC at|CCA laging|RBD_CCP matulog|VBW sa|CCT tamang|JJD_CCP oras|NNC ,|PMC ""|PMS sagot|NNC ni|DTP Tatay|NNP Aldo|NNP .|PMP  
"
1021,"""|PMS Alam|VBS kong|PRS_CCP pangarap|NNC mong|PRS_CCP maging|VBW sikat|JJD na|CCP basketbolista|NNC .|PMP
"
1022,"Mangyayari|VBTF yan|PRO kung|CCR palagi|RBW kang|PRS_CCP magpapraktis|VBW at|CCA susundin|VBTF mo|PRS ang|DTC mga|DTCP sinabi|VBTS namin|PRP ng|CCB tatay|NNC mo|PRS ,|PMC ""|PMS dagdag|JJD pa|RBI ni|DTP Nanay|NNP Sita|NNP .|PMP
"
1023,"Pinahid|VBTS ni|DTP Carl|NNP ang|DTC kanyang|PRSP_CCP mga|DTCP luha|NNC sabay|RBD yakap|NNC sa|CCT magulang|NNC .|PMP  
"
1024,"""|PMS Hindi|RBF na|CCP ako|PRS takot|NNC magpatuli|VBW ,|PMC Nay|NNCA ,|PMC Tay|NNC .|PMP
"
1025,"Pagsampung|JJN_CCP taong|NNC_CCP gulang|NNC na|CCP ako|PRS ,|PMC magpapatuli|VBTF ako|PRS para|CCT hindi|RBF na|CCP ako|PRS asarin|VBOF ng|CCB mga|DTCP kalaro|NNC ko|PRS sa|CCT basketbol|NNC .|PMP
"
1026,"Magpapraktis|NNP ako|PRS lagi|RBW para|CCT lalo|JJCC akong|PRS_CCP gumaling|VBAF .|PMP
"
1027,"Paglaki|VBW ko|PRS magiging|VBTF sikat|JJD akong|PRS_CCP basketbolista|NNC na|CCP may|VBH medalya|NNC at|CCA tropiyo|NNC ,|PMC ""|PMS masayang|JJD_CCP wika|NNC ni|DTP Carl|NNP .|PMP
"
1028,"Takot|NNP !|PMS
"
1029,"Sakit|NNP !|PMS
"
1030,"Yan|NNP ang|DTC nararamdaman|VBTR ng|CCB isang|PRI_CCP bata|NNC sa|CCT bagay|NNC na|CCP hindi|RBF pamilyar|JJD sa|CCT kanila|PRSP .|PMP  
"
1031,"""|PMS Aray|NNP !|PMS
"
1032,"masakit|JJD ,|PMC ""|PMS tanging|JJD_CCP nasasabi|VBTR nila|PRP kapag|CCR nakakarinig|VBTR ng|CCB mga|DTCP kwentong|NNC_CCP katulad|JJC nito|PRO .|PMP
"
1033,"Tara|NNP !|PMS
"
1034,"Samahan|NNP natin|PRP si|DTP Carl|NNP at|CCA alamin|VBOF kung|RBK ano|RBQ ang|DTC kanyang|PRSP_CCP kinatatakutan|VBTR .|PMP
"
1035,"Kapag|CCR aalis|VBTF kami|PRP ni|DTP Lolo|NNP Osito|NNP ,|PMC ang|DTC aking|PRSP_CCP hiling|NNC ay|LM masakyan|VBW ang|DTC habal|NNC -|PMS habal|NNC ni|DTP Hannibal|NNP .|PMP
"
1036,"Ayan|NNP na|CCP !|PMS
"
1037,"Ayan|NNP na|CCP !|PMS
"
1038,"Ayan|NNP na|CCP si|DTP Hannibal|NNP !|PMS
"
1039,"Ang|DTC habal|NNC -|PMS habal|NNC ni|DTP Hannibal|NNP ay|LM parang|CCT eroplano|NNC .|PMP
"
1040,"May|VBH dalawang|JJN_CCP pakpak|NNC :|PMS isa|PRI sa|CCT kanan|JJD ,|PMC isa|PRI sa|CCT kaliwa|JJD .|PMP
"
1041,"Kung|CCR sa|CCT motorsiklo|NNC isa|PRI lang|RBI ang|DTC pasahero|NNC ,|PMC sa|CCT habal|NNC -|PMS habal|NNC ni|DTP Hannibal|NNP ,|PMC anim|JJN ang|DTC pasahero|NNC !|PMS
"
1042,"May|VBH mga|DTCP upuang|CCB tabla|NNC para|CCT sa|CCT pasahero|NNC ;|PMSC dalawa|JJN sa|CCT kaliwa|JJD ,|PMC dalawa|CDB sa|CCT kanan|JJD .|PMP
"
1043,"May|VBH dalawa|CDB pa|RBI sa|CCT likod|NNC niya|PRS ,|PMC kaya|CCR anim|JJN ang|DTC pwedeng|RBT_CCP makasakay|VBW .|PMP
"
1044,"Hindi|RBF lamang|RBI tao|NNC ang|DTC naisasakay|VBTS ni|DTP Hannibal|NNP :|PMS may|VBH bigas|NNC ,|PMC kopra|NNC ,|PMC at|CCA minsan|RBW may|VBH karga|NNC pa|RBI siyang|PRS_CCP kambing|NNC at|CCA mga|DTCP itik|NNC .|PMP
"
1045,"Kapag|CCR dumadaan|VBTR_VBAF kami|PRP sa|CCT kagubatan|NNC na|CCP nababalot|VBTR ng|CCB mga|DTCP ulap|NNC ,|PMC para|CCT akong|PRS_CCP lumilipad|VBTR_VBAF sa|CCT langit|NNC !|PMS
"
1046,"Napapangiti|JJCS_JJD ako|PRS sa|CCT haplos|NNC ng|CCB hangin|NNC sa|CCT aking|PRSP_CCP mukha|NNC .|PMP
"
1047,"Parang|CCT musika|NNC sa|CCT aking|PRSP_CCP tainga|NNC ang|DTC ihip|VBTF ng|CCB hangin|NNC .|PMP
"
1048,"Si|DTP Hannibal|NNP parang|CCT piloto|NNC ;|PMSC mabilis|JJD ,|PMC alerto|JJD ,|PMC at|CCA maingat|RBD magmaneho|VBAF .|PMP
"
1049,"Kaya|CCR naman|RBI ang|DTC mga|DTCP tao|NNC gustong|VBS_CCP -|PMS gustong|VBS_CCP sumakay|VBAF sa|CCT habal|NNC -|PMS habal|NNC ni|DTP Hannibal|NNP .|PMP
"
1050,"Nakakarating|VBTR agad|RBW sa|CCT paroroonan|PRL sapagkat|CCR mabilis|JJD ang|DTC biyahe|NNC .|PMP
"
1051,"Gusto|VBS ko|PRS sanang|VBS_CCP umupo|VBAF sa|CCT pakpak|NNC na|CCP upuan|NNC ,|PMC ngunit|CCT sabi|VBS ni|DTP Hannibal|NNP baka|RBM daw|RBI ako|PRS mahulog|VBW at|CCA masugatan|VBW .|PMP
"
1052,"Matulungin|NNP din|RBI si|DTP Hannibal|NNP .|PMP
"
1053,"Minsan|RBW ,|PMC may|VBH motorsiklong|RBD_CCP nabaon|VBTS sa|CCT lubak|NNC na|CCP daan|NNC .|PMP
"
1054,"Hinila|VBOF ang|DTC motorsiklo|NNC ng|CCB habal|FW -|PMS habal|FW nya|PRS .|PMP  
"
1055,"""|PMS Tila|RBM isang|PRI_CCP kalabaw|NNC na|CCP may|VBH hilang|JJD_CCP karosa|NNC ang|DTC habal|NNC -|PMS habal|NNC ni|DTP Hannibal|NNP .|PMP  
"
1056,"""|PMS Kahit|CCT lubak|NNC ang|DTC daan|NNC ay|LM hindi|RBF sasakit|VBTF ang|DTC iyong|PRSP_CCP pwet|FW dahil|CCR may|VBH kutson|NNC ang|DTC upuan|NNC .|PMP  
"
1057,"""|PMS Hannibal|NNP !|PMS
"
1058,"Ang|DTC sarap|NNC sumakay|VBAF sa|CCT iyong|PRSP_CCP habal|NNC -|PMS habal|NNC ,|PMC para|CCT akong|PRS_CCP dinuduyan|VBTS_VBOF !|PMS  
"
1059,"""|PMS wika|NNC ni|DTP Carlos|NNP .|PMP
"
1060,"Kapag|CCR nasa|RBL maayos|JJD na|CCP daan|NNC ,|PMC napapasigaw|VBTR kami|PRP ni|DTP Nina|NNP sa|CCT saya|NNC .|PMP  
"
1061,"""|PMS Aba|NNP !|PMS
"
1062,"Hindi|RBF lang|RBI tayo|PRP nakasakay|VBTS sa|CCT habal|NNC -|PMS habal|NNC ,|PMC minsan|RBW sa|CCT eroplano|NNC ,|PMC minsan|RBW din|RBI sa|CCT kabayo|NNC !|PMS  
"
1063,"""|PMS Pagdating|VBW sa|CCT aming|PRSP_CCP destinasyon|NNC ay|LM malugod|JJD at|CCA may|VBH paggalang|NNC na|CCP nagpapaalam|VBTR si|DTP Hannibal|NNP sa|CCT amin|PRSP .|PMP  
"
1064,"""|PMS Mag|NNP -|PMS iingat|VBTF kayo|PRP ,|PMC ""|PMS lagi|RBD niyang|PRS_CCP sinasabi|VBTR sa|CCT amin|PRSP .|PMP
"
1065,"Hihintayin|NNP ko|PRS kayo|PRP mamayang|RBW_CCP hapon|NNC .|PMP  
"
1066,"""|PMS Ang|DTC aking|PRSP_CCP hiling|NNC sa|CCT aming|PRSP_CCP pag|CCR -|PMS uwi|FW ,|PMC ay|LM makasakay|VBW ulit|RBW sa|CCT habal|NNC -|PMS habal|NNC ni|DTP Hannibal|NNP .|PMP
"
1067,"Ang|DTC habal|NNC -|PMS habal|FW ay|LM motorsiklong|RBD_CCP inaarkelahan|VBTR ng|CCB mga|DTCP pasahero|NNC para|CCT magpahatid|VBW sa|CCT kani|NNC -|PMS kanilang|PRSP_CCP pupuntahan|NNC .|PMP
"
1068,"Ito|PRO ang|DTC sinasakyan|VBTR papunta|VBW sa|CCT mga|DTCP lugar|NNC na|CCP hindi|RBF kayang|RBD_CCP abutin|VBOF ng|CCB mga|DTCP traysikel|FW ,|PMC dyip|FW ,|PMC o|CCT bus|NNC .|PMP
"
1069,"Ako|PRS si|DTP Martin|NNP .|PMP
"
1070,"Ang|DTC pangalan|NNC ko|PRS ay|LM nagmula|VBTS kay|DTP Heneral|NNP Martin|NNP Delgado|NNP .|PMP
"
1071,"Ang|DTC sabi|VBS ni|DTP nanay|NNC ,|PMC si|DTP Martin|NNP Delgado|NNP daw|RBI ay|LM isang|PRI_CCP matapang|JJD na|CCP bayani|NNC .|PMP
"
1072,"Nakipaglaban|VBTS siya|PRS sa|CCT mga|DTCP Kastila|NNP .|PMP
"
1073,"Nakipaglaban|VBTS din|RBI siya|PRS sa|CCT mga|DTCP Amerikano|NNP .|PMP
"
1074,"Siya|PRS ang|DTC nagwagayway|VBTR ng|CCB watawat|NNC sa|CCT aming|PRSP_CCP bayan|NNC ,|PMC Santa|NNP Barbara|NNP ,|PMC Iloilo|CDB .|PMP
"
1075,"Pinanganak|VBOF siya|PRS noong|RBW_CCP ika|JJN -11|CDB ng|CCB Nobyembre|NNP ,|PMC katulad|JJC sa|CCT aking|PRSP_CCP kaarawan|NNC !|PMS
"
1076,"Ipinagmalaki|VBTS ko|PRS ang|DTC aking|PRSP_CCP tokayo|NNC na|CCP si|DTP Martin|NNP Delgado|NNP .|PMP
"
1077,"Inaanyayahan|VBOF ko|PRS ang|DTC aking|PRSP_CCP mga|DTCP kaibigan|NNC na|CCP dumaan|VBAF sa|CCT plaza|NNC para|CCT makita|VBW ang|DTC kanyang|PRSP_CCP monumento|NNC .|PMP
"
1078,"Sa|CCT paaralan|NNC ,|PMC ako|PRS ang|DTC may|VBH pinakamalaking|JJCS_JJD_CCP name|FW tag|FW sa|CCT buong|PRI_CCP Grade|NNP .|PMP
"
1079,"<span style=""color: rgb(,,); font-size: 16px; "">|JJN Pinagawa|VBTS ko|PRS ito|PRO kay|DTP nanay|NNC .|PMP
"
1080,"Nakasulat|VBTS dito|PRL ang|DTC napakalaking|JJCS_JJD_CCP sulat|NNC na|CCP MARTIN|NNPA .|PMP
"
1081,"Gusto|VBS kong|PRS_CCP malaman|VBW ng|CCB lahat|PRI ang|DTC aking|PRSP_CCP pangalan|NNC .|PMP
"
1082,"</span>|FW Subalit|CCT nagbago|VBTS ang|DTC lahat|PRI nang|RBW dumating|VBAF ang|DTC aking|PRSP_CCP Lola|NNC .|PMP  
"
1083,"""|PMS Martin|NNP ,|PMC andito|NNC na|CCP si|DTP Lola|NNP mo|PRS !|PMQ
"
1084,"tawag|VBS ni|DTP Nanay|NNP .|PMP  
"
1085,"""|PMS Sa|CCT atin|PRSP muna|RBI siya|PRS manantili|VBW .|PMP  
"
1086,"""|PMS Tiningnan|VBOF ko|PRS nang|RBW mabuti|RBD si|DTP Lola|NNP .|PMP
"
1087,"Manipis|JJD ang|DTC kanyang|PRSP_CCP buhok|NNC .|PMP
"
1088,"Marami|PRI ng|CCB puting|JJD_CCP buhok|NNC ang|DTC umuusbong|VBTR_VBAF .|PMP
"
1089,"Tinatali|VBTS niya|PRS ito|PRO na|CCP parang|CCT pandesal|JJD sa|CCT ulo|NNC .|PMP
"
1090,"Ang|DTC kanyang|PRSP_CCP balat|NNC ay|LM parang|CCT gusot|JJD na|CCP papel|NNC .|PMP
"
1091,"Ang|DTC kanyang|PRSP_CCP mata|NNC ay|LM malabo|JJD at|CCA basa|JJD ngunit|CCT parang|CCT kumikinang|JJD at|CCA umaapoy|VBTR_VBAF .|PMP
"
1092,"Kaunti|PRI na|RBI lang|RBI ang|DTC ngipin|NNC niya|PRS ,|PMC ngunit|CCT parating|RBW nakangiti|VBTS pa|RBI rin|RBI .|PMP  
"
1093,"""|PMS Ay|NNP ,|PMC pumunta|VBAF ka|PRS dito|PRL ,|PMC Pangga|NNP !|PMS  
"
1094,"""|PMS sabi|VBS ni|DTP Lola|NNP .|PMP
"
1095,"<span style=""color: rgb(,,); font-size: 16px;"" >|JJN </span>|FW <span style=""color: rgb(,,); font-size: 16px; "">|FW ""|PMS Sino|PRQ si|DTP Pangga|NNP ?|PMQ  
"
1096,"""|PMS nalitong|VBTS sagot|NNC ka|PRS habang|RBW kinakamot|VBTR ang|DTC aking|PRSP_CCP ulo|NNC .|PMP  
"
1097,"""|PMS Ako|PRS ?|PMQ  
"
1098,"""|PMS </span>|FW <span style=""color: rgb(,,); font-size: 16px;"" >|FW </span>|FW <span style=""color: rgb(,,); font-size: 16px;"" >|FW ""|PMS Oo|RBT ,|PMC Pangga|NNP !|PMS  
"
1099,"""|PMS sagot|NNC ni|DTP Lola|NNP .|PMP
"
1100,"</span>|RBR <span style=""color: rgb(,,); font-size: 16px;"" >|NNP </span>|NNP <span style=""color: rgb(,,); font-size: 16px; "">|NNP Napakunot|NNP lang|RBI ang|DTC noo|NNC ,|PMC at|CCA ako|PRS ay|LM nag|RBD sumimangot|VBTR_VBAF .|PMP
"
1101,"</span>|FW <span style=""color: rgb(,,); font-size: 16px;"" >|FW </span>|FW <span style=""color: rgb(,,); font-size: 16px; "">|JJN Wala|VBN akong|PRS_CCP magawa|VBW kung|RBK hindi|RBF lumapit|VBAF at|CCA magmano|VBAF .|PMP  
"
1102,"""|PMS Lola|NNP ,|PMC Martin|NNP ang|DTC aking|PRSP_CCP pangalan|NNC ,|PMC ""|PMS sabi|VBS ko|PRS .|PMP  
"
1103,"""|PMS Hindi|RBF ako|PRS si|DTP Pangga|NNP .|PMP  
"
1104,"""|PMS </span>|FW <span style=""color: rgb(,,); font-size: 16px;"" >|FW </span>|FW <span style=""color: rgb(,,); font-size: 16px;"" >|FW Ngunit|CCT parang|CCT walang|VBN_CCP may|VBH narinig|VBTS si|DTP Lola|NNP .|PMP
"
1105,"<|PMS /|PMS span|FW >|PMS <span style=""color: rgb(,,); font-size: 16px; "">|JJN Ngumiti|RBW lang|RBI siya|PRS .|PMP
"
1106,"Ang|DTC ngiti|NNC niya|PRS ay|LM abot|JJD hanggang|RBW tenga|NNC .|PMP
"
1107,"</span>|RBW Simula|RBW sa|CCT araw|NNC na|CCP iyon|PRO ,|PMC walang|VBN_CCP tigil|NNC niya|PRS na|CCP akong|PRS_CCP tinatawag|VBTR na|CCP Pangga|NNP .|PMP  
"
1108,"""|PMS Pangga|NNP ,|PMC punasin|VBOF ko|PRS ang|DTC likod|JJD mo.|NNCA ""|PMS ""|PMS Pangga|JJD ,|PMC ipagtimpla|VBOB kita|NNC ng|CCB gatas|NNC .|PMP ""|PMS  
"
1109,"""|PMS Pangga|NNP ,|PMC ipagluto|VBOB kita|NNC ng|CCB Pancit|NNP Molo|NNP .|PMP ""|PMS  
"
1110,"""|PMS Lola|NNP ,|PMC Martin|NNP ang|DTC aking|PRSP_CCP pangalan|NNC ,|PMC ""|PMS sabi|VBS ko|PRS .|PMP  
"
1111,"""|PMS Indi|RBF ako|PRS si|DTP Pangga|NNP .|PMP
"
1112,"Ngunit|CCT parang|CCT walang|VBN_CCP may|VBH narinig|VBTS si|DTP Lola|NNP .|PMP
"
1113,"Ngumiti|VBAF lang|RBI siya|PRS .|PMP
"
1114,"Ang|DTC ngiti|NNC niya|PRS ay|LM abot|JJD hanggang|RBW tenga|NNC .|PMP
"
1115,"Isang|PRI_CCP araw|NNC ,|PMC sinundo|VBTS ako|PRS ng|CCB aking|PRSP_CCP mga|DTCP kaibigan|NNC bago|RBW pumunta|VBAF ng|CCB paaralan|NNC .|PMP  
"
1116,"""|PMS Pangga|NNP ,|PMC andito|CDB na|CCP ang|DTC mga|DTCP kaibigan|NNC mo|PRS ,|PMC ""|PMS sabi|VBS ni|DTP Lola|NNP .|PMP
"
1117,"Lumabas|VBAF siya|PRS kusina|NNC bitbit|JJD ang|DTC aking|PRSP_CCP baunan|NNC .|PMP
"
1118,"Nagkatinginan|VBTS at|CCA ngumiti|VBAF ang|DTC aking|PRSP_CCP kaibigan|NNC .|PMP
"
1119,"Narinig|VBTS nila|PRP ang|DTC tawag|NNC sa|CCT akin|PRSP ng|CCB Lola|NNC .|PMP
"
1120,"Malakas|JJD at|CCA malinaw|JJD .|PMP  
"
1121,"""|PMS Ay|NNP ,|PMC ikaw|PRS pala|NNC si|DTP Pangga|NNP ?|PMQ  
"
1122,"""|PMS tukso|NNC ng|CCB isa|PRI kong|PRS_CCP kaibigan|NNC .|PMP  
"
1123,"""|PMS Nasaan|VBTS na|CCP si|DTP Martin|NNP ?|PMQ ""|PMS  
"
1124,"""|PMS Hindi|RBF na|CCP pala|NNC ikaw|PRS si|DTP Heneral|NNP Martin|NNP ,|PMC ""|PMS dagdag|JJD pa|RBI ng|CCB isa|PRI .|PMP  
"
1125,"""|PMS Ikaw|NNP na|CCP si|DTP Heneral|NNP Pangga|NNP !|PMS  
"
1126,"""|PMS Namula|VBTS ang|DTC aking|PRSP_CCP mukha|NNC .|PMP
"
1127,"Kumunot|NNP ang|DTC aking|PRSP_CCP noo|NNC .|PMP
"
1128,"Kinuha|VBOF ko|PRS ang|DTC aking|PRSP_CCP baunan|NNC kay|DTP Lola|NNP at|CCA sumigaw|VBAF ,|PMC ""|PMS Indi|RBF ako|PRS si|DTP Pangga|NNP !|PMS  
"
1129,"""|PMS Tumakbo|VBAF ako|PRS palabas|NNC ng|CCB bahay|NNC .|PMP
"
1130,"Sa|CCT paaralan|NNC ,|PMC parang|CCT apoy|NNC ng|CCB sunog|NNC sa|CCT bilis|NNC ng|CCB pagkalat|VBW ng|CCB tawag|NNC sa|CCT akin|PRSP ni|DTP Lola|NNP .|PMP
"
1131,"Tinatawag|VBTR ako|PRS ng|CCB aking|PRSP_CCP mga|DTCP kaklase|JJD na|CCP ""|PMS Pangga|NNP ""|PMS at|CCA hindi|RBF na|CCP Martin|NNP .|PMP
"
1132,"Tintukso|NNP nila|PRP ako|PRS ""|PMS Heneral|NNP Martin|NNP ""|PMS .|PMP
"
1133,"Dahil|CCR dito|PRL ,|PMC nahiya|VBTS na|CCP akong|PRS_CCP suotin|VBOF ang|DTC aking|PRSP_CCP name|FW tag|FW .|PMP
"
1134,"Pagdating|VBW ng|CCB bahay|NNC ,|PMC dumiretso|VBAF ako|PRS sa|CCT kuwarto|NNC para|CCT maiwasan|VBW si|DTP Lola|NNP .|PMP
"
1135,"Hindi|RBF ko|PRS siya|PRS gustong|VBS_CCP makita|VBW .|PMP
"
1136,"Hindi|RBF ko|PRS pinapunasan|VBTS ang|DTC basa|JJD kong|PRS_CCP likod|JJD .|PMP
"
1137,"Hindi|RBF ako|PRS nagpatimpla|VBTS ng|CCB gatas|NNC .|PMP
"
1138,"Hindi|RBF ko|PRS kinain|VBOF ang|DTC niluto|VBTS niyang|PRS_CCP Pancit|NNP Molo|NNP .|PMP
"
1139,"Pumasok|VBAF si|DTP Nanay|NNP si|DTP kuwarto|NNC .|PMP
"
1140,"Nagtataka|VBTR siya|PRS sa|CCT aking|PRSP_CCP ginawa|VBOF .|PMP  
"
1141,"""|PMS Martin|NNP ,|PMC nagtatampo|VBTR ka|PRS ba|RBI kay|DTP Lola|NNP mo|PRS ?|PMQ  
"
1142,"""|PMS tanong|NNC ni|DTP Nanay|NNP .|PMP  
"
1143,"""|PMS Hindi|RBF ako|PRS si|DTP Pangga|NNP ,|PMC ""|PMS sagot|NNC ko|PRS kay|DTP Nanay|NNP .|PMP
"
1144,"Ngumiti|VBAF si|DTP nanay|NNC .|PMP
"
1145,"Hinawakan|VBOF niya|PRS ang|DTC aking|PRSP_CCP mga|DTCP kamay|NNC at|CCA tiningnan|VBOF ako|PRS .|PMP  
"
1146,"""|PMS Alam|VBS mo|PRS ba|RBI kung|RBK bakit|RBQ Pangga|JJD ang|DTC tawag|NNC ng|CCB lola|NNC mo|PRS sa|CCT iyo|PRSP ?|PMQ  
"
1147,"""|PMS tanong|NNC ni|DTP Nanay|NNP .|PMP
"
1148,"Umiling|NNP ako|PRS .|PMP  
"
1149,"""|PMS Pangga|NNP ang|DTC tawag|NNC niya|PRS sa|CCT iyo|PRSP dahil|CCR ikaw|PRS ang|DTC kanyang|PRSP_CCP pinakamahal|JJCS_JJD .|PMP
"
1150,"Ang|DTC ibig|VBS sabihin|VBOF ng|CCB Pangga|NNP ay|LM mahal|JJD ,|PMC ""|PMS paliwanag|NNC ni|DTP Nanay|NNP .|PMP  
"
1151,"""|PMS Ikaw|NNP ang|DTC kanyang|PRSP_CCP pinakamamahal|JJCS_JJD na|CCP apo|NNC .|PMP  
"
1152,"""|PMS Inisip|VBTS ko|PRS ang|DTC lahat|PRI na|CCP ginawa|VBOF ng|CCB lola|NNC ko|PRS sa|CCT akin|PRSP .|PMP
"
1153,"Parati|RBD niyang|PRS_CCP pinupunasan|VBTS_VBOF ang|DTC likod|JJD ko|PRS para|CCT hindi|RBF matuyo|VBW ang|DTC mga|DTCP pawis|NNC .|PMP
"
1154,"Parati|RBW niya|PRS akong|PRS_CCP pinagtitimpla|VBTR_VBRF ng|CCB gatas|NNC .|PMP
"
1155,"Para|CCT niya|PRS akong|PRS_CCP pinagluluto|VBTR_VBRF ng|CCB paborito|NNC kong|PRS_CCP Pancit|NNP Molo|NNP .|PMP
"
1156,"Marami|PRI siyang|PRS_CCP parating|RBW_CCP ginagawa|VBTR para|CCT sa|CCT akin|PRSP dahil|CCR mahal|JJD niya|PRS ako|PRS .|PMP
"
1157,"Lumabas|VBAF ako|PRS ng|CCB kuwarto|NNC para|CCT puntahan|VBOF si|DTP Lola|NNP .|PMP
"
1158,"Nasakusina|VBTS siya|PRS .|PMP  
"
1159,"""|PMS Lola|NNP ,|PMC pasensya|NNC na|CCP sa|CCT pagtatampo|VBW ko|PRS sa|CCT iyo|PRSP kanina|RBW ,|PMC ""|PMS sabi|VBS ko|PRS .|PMP
"
1160,"Niyakap|NNP ko|PRS siya|PRS ng|CCB mahigpit|JJD .|PMP
"
1161,"Ngunit|CCT parang|CCT walang|VBN_CCP may|VBH narinig|VBTS si|DTP Lola|NNP .|PMP  
"
1162,"""|PMS Pangga|NNP ,|PMC punasan|RBW natin|PRP ang|DTC likod|JJD mo|PRS ,|PMC ""|PMS sagot|NNC ni|DTP lola|NNC .|PMP
"
1163,"Simula|RBW noon|RBW ,|PMC hindi|RBF na|RBI ako|PRS sumisimangot|VBTR_VBAF .|PMP
"
1164,"Hindi|RBF na|CCP namumula|VBTS ang|DTC aking|PRSP_CCP mukha|NNC .|PMP
"
1165,"Hindi|RBF na|CCP kumukunot|VBTR_VBAF ang|DTC aking|PRSP_CCP noo|NNC .|PMP
"
1166,"Maganda|JJD pala|NNC ang|DTC pangalang|NNC_CCP Pangga|NNP .|PMP
"
1167,"Hindi|RBF ko|PRS dapat|VBS ikahiya|VBOF ang|DTC pangalang|NNC_CCP Pangga|NNP .|PMP
"
1168,"Ang|DTC ibig|VBS sabihin|VBOF ng|CCB panggalang|NNC_CCP Pangga|NNP ay|LM mahal|RBD ako|PRS .|PMP
"
1169,"Ngumiti|VBAF ako|PRS at|CCA sumagot|VBAF ,|PMC ""|PMS Oo|RBT ,|PMC Lola|NNC .|PMP
"
1170,"Ako|PRS si|DTP Pangga|NNP ,|PMC at|CCA ako|PRS rin|RBI si|DTP Martin|NNP .|PMP  
"
1171,"""|PMS Nagtatampo|VBTS ako|PRS kay|DTP nanay|NNC .|PMP
"
1172,"Nagmumukha|VBTR siyang|PRS_CCP <I>|NNPA ninja|FW </I>|FW sa|CCT pag|CCR -|PMS alis|NNC at|CCA pagbalik|NNC ng|CCB bahay|NNC .|PMP
"
1173,"Lunes|NNP ,|PMC hindi|RBF niya|PRS ako|PRS hinalikan|VBOF .|PMP
"
1174,"Paglalampaso|NNP ng|CCB sahig|NNC ang|DTC kaniyang|PRSP_CCP ginagawa|VBTR .|PMP
"
1175,"Martes|NNP ,|PMC hindi|RBF niya|PRS ako|PRS niyakap|VBOF .|PMP
"
1176,"Bumili|VBTS_VBAF siya|PRS ng|CCB ulam|NNC sa|CCT tindahan|NNC .|PMP
"
1177,"Miyerkules|NNP ,|PMC pinagbawalan|VBRF niya|PRS akong|PRS_CCP mamasyal|VBW .|PMP
"
1178,"Napabalita|VBTS sa|CCT radyo|NNC ang|DTC Covid|NNP virus|FW .|PMP
"
1179,"Huwebes|NNP ,|PMC namili|VBTS siya|PRS ng|CCB <I>|NNPA alcohol|FW </I>|FW .|PMP
"
1180,"<I>|NNPA Facemask|NNP </I>|NNPA sa|CCT akin|PRSP ay|LM pinasuot|VBOF .|PMP
"
1181,"Biyernes|NNP ,|PMC ""|PMS Nanay|NNC ,|PMC wala|VBN ka|PRS nang|RBW panahon|NNC sa|CCT akin|PRSP .|PMP ""|PMS  
"
1182,"""|PMS Ang|DTC lahat|PRI ng|CCB ito|PRO ay|LM para|CCT sa|CCT iyong|PRSP_CCP ikabubuti|VBTF .|PMP ""|PMS  
"
1183,"""|PMS Maglinis|VBW at|CCA mag|VBW -|PMS alcohol|FW para|CCT mawala|VBW ang|DTC virus|FW .|PMP
"
1184,"Masustansiyang|NNP_CCP pagkain|NNC para|CCT ikaw|PRS ay|LM lumusog|VBAF .|PMP ""|PMS  
"
1185,"""|PMS E|NNP ,|PMC sa|CCT Sabado|NNP puwede|RBT ba|RBI tayong|PRP_CCP maglaro|VBAF ?|PMQ ""|PMS  
"
1186,"""|PMS Madami|PRI pang|RBI_CCP gawain|NNC sa|CCT ospital|NNC ,|PMC Anak|NNC .|PMP ""|PMS  
"
1187,"""|PMS Sa|CCT Linggo|NNP ,|PMC sabay|RBD tayong|PRP_CCP magdasal|VBW na|CCP puksain|VBOF nawa|VBTS ng|CCB Diyos|NNP ang|DTC <I>|NNPA virus|FW </I>|FW .|PMP ""|PMS  
"
1188,"""|PMS Dito|PRL ka|PRS lang|RBI sa|CCT bahay|NNC .|PMP
"
1189,"Kayo|NNP nina|DTPP Lolo|NNP at|CCA Lola|NNP ang|DTC magkakasama|VBTF .|PMP ""|PMS  
"
1190,"""|PMS Hindi|RBF na|CCP ako|PRS nagtatampo|VBTR .|PMP
"
1191,"Mahal|NNP pala|NNC ako|PRS ni|DTP Nanay|NNP .|PMP  
"
1192,"""|PMS Ano|PRQ kaya|CCR ang|DTC virus|FW ?|PMQ
"
1193,"May|VBH ilang|PRQ_CCP araw|NNC kaya|CCR sa|CCT isang|PRI_CCP linggo|NNC ?|PMQ
"
1194,"Tara|NNP !|PMS
"
1195,"Basahin|NNP natin|PRP ang|DTC kuwento|NNC para|CCT ating|PRSP_CCP malaman|VBW .|PMP
"
1196,"""|PMS Titay|JJD ,|PMC nasaan|JJD na|CCP ang|DTC pinapakuha|VBTR kong|PRS_CCP toyo|NNC at|CCA suka|NNC ?|PMQ
"
1197,"tanong|NNC ng|CCB nanay|NNC .|PMP  
"
1198,"""|PMS Hindi|RBF ko|PRS po|RBS nakita|VBTS mama|NNC ,|PMC ""|PMS sagot|NNC ni|DTP Titay|NNP .|PMP  
"
1199,"""|PMS Hindi|RBF mo|PRS nakita|VBTS o|CCT di|RBF mo|PRS pa|RBI kinuha|VBOF sa|CCT loob|NNC ng|CCB karton|NNC ?|PMQ  
"
1200,"""|PMS tanong|NNC ulit|RBW ng|CCB ina|NNC .|PMP  
"
1201,"""|PMS Hindi|RBF sana|VBS ako|PRS nautusan|VBTR kung|RBK hindi|RBF muna|RBI ako|PRS nanood|VBTS ng|CCB TV|NNPA .|PMP  
"
1202,"""|PMS Dahan|NNP -|PMS dahang|RBD_CCP lumabas|VBAF si|DTP Titay|NNP ngunit|CCT nakita|VBTS siya|PRS ng|CCB kuya|NNC .|PMP  
"
1203,"""|PMS Titay|NNP ,|PMC saan|PRQ ka|PRS pupunta|VBTF ?|PMQ
"
1204,"Hindi|RBF mo|PRS pa|RBI naaayos|VBTR ang|DTC hinigaan|VBOF mo|PRS ,|PMC ""|PMS sabi|VBS ni|DTP kuya|NNC .|PMP  
"
1205,"""|PMS Aayusin|VBTF ko|PRS po|RBS pagbalik|VBW ko|PRS ,|PMC kuya|NNC ,|PMC ""|PMS sagot|NNC ni|DTP Titay|NNP .|PMP  
"
1206,"""|PMS Maganda|JJD kong|PRS_CCP kapatid|NNC ,|PMC ayusin|VBOF mo|PRS muna|RBI ,|PMC ""|PMS lambing|FW ni|DTP kuya|NNC .|PMP  
"
1207,"""|PMS Isa|PRI ,|PMC dalawa|CDB ,|PMC tatlo|CDB ,|PMC apat|CDB ,|PMC ""|PMS bilang|CCT ni|DTP Titay|NNP .|PMP  
"
1208,"""|PMS Mag|NNP -|PMS aayos|FW ng|CCB unan|NNC ,|PMC magtutupi|VBAF ng|CCB habol|NNC ,|PMC kukunin|VBTF_VBOF ang|DTC balat|NNC ng|CCB saging|NNC na|CCP hinulog|VBTS ko|PRS sa|CCT gilid|JJD at|CCA aayusin|VBTF ang|DTC nagkalat|VBTS na|CCP libro|NNC .|PMP  
"
1209,"""|PMS Pag|CCR -|PMS iisa|JJD -|PMS isa|PRI ni|DTP Titay|NNP sa|CCT kaniyang|PRSP_CCP mga|DTCP gagawin|VBTF .|PMP
"
1210,"Habang|RBW naglilinis|VBTR ,|PMC nakita|VBTS ni|DTP Titay|NNP sa|CCT bintana|NNC sina|DTPP Cora|NNP na|CCP naglalaro|VBTR ng|CCB habulan|NNC .|PMP  
"
1211,"""|PMS Sila|PRP naglalaro|VBTR habang|RBW ako|PRS naglilinis|VBTR .|PMP
"
1212,"Hmmmp|NNP !|PMS
"
1213,"Ano|PRQ ako|PRS si|DTP Cinderella|NNP ?|PMQ
"
1214,"Si|DTP Titay|NNP naman|RBI ako|PRS ,|PMC ""|PMS Reklamo|NNC ni|DTP Titay|NNP .|PMP
"
1215,"Tinignan|VBOF niya|PRS ang|DTC bintana|NNC ,|PMC mataas|JJD ito|PRO kaya|CCR di|RBF niya|PRS kayang|RBD_CCP malundag|VBW .|PMP
"
1216,"Sumilip|VBAF siya|PRS sa|CCT pintuan|NNC at|CCA dahan|NNC -|PMS dahang|RBD_CCP naglakad|VBTS si|DTP Titay|NNP .|PMP  
"
1217,"""|PMS Oh|NNP ,|PMC tapos|RBW kaagad|RBW ,|PMC Titay|NNP ?|PMQ
"
1218,"Ang|DTC bilis|NNC naman|RBI ,|PMC ""|PMS sabi|VBS ni|DTP kuya|NNC .|PMP  
"
1219,"""|PMS Ako|PRS pa|RBI kuya|NNC ?|PMQ
"
1220,"Si|DTP Titay|NNP to|FW .|PMP ""|PMS  
"
1221,"""|PMS Wow|NNP !|PMS
"
1222,"‘|PMS Yan|NNC ang|DTC Titay|NNP ko|PRS .|PMP
"
1223,"Buti|NNP pa|RBI tulungan|VBTF_VBOF mo|PRS si|DTP kuya|NNC sa|CCT pagputol|NNC -|PMS putol|JJD nitong|PRO_CCP sitaw|NNC ,|PMC ""|PMS utos|NNC ng|CCB ina|NNC ,|PMC ""|PMS Nag|NNC -|PMS utos|NNC na|CCP naman|RBI si|DTP mama|NNC ,|PMC ""|PMS sa|CCT isip|NNC ni|DTP Titay|NNP .|PMP  
"
1224,"""|PMS Opo|NNP mama|NNC ,|PMC iihi|VBTF po|RBS muna|RBI ako|PRS ha|NNCA ,|PMC ""|PMS sagot|NNC ni|DTP Titay|NNP .|PMP
"
1225,"Lumakad|VBAF siya|PRS papuntang|RBL_CCP kusina|NNC at|CCA dumaan|VBAF sa|CCT pintuan|NNC sa|CCT likod|NNC .|PMP  
"
1226,"""|PMS Titay|NNP !|PMS  
"
1227,"""|PMS tawag|VBS ng|CCB ina|NNC .|PMP  
"
1228,"""|PMS Hindi|RBF nalang|VBTS sana|VBS Titay|VBOF ang|DTC pangalan|NNC ko|PRS ,|PMC ""|PMS naiinis|VBTR na|CCP sabi|VBS ni|DTP Titay|NNP .|PMP
"
1229,"Tumulong|VBAF si|DTP Titay|NNP sa|CCT kaniyang|PRSP_CCP kuya|NNC .|PMP  
"
1230,"""|PMS Kuya|NNC ,|PMC pwede|VBS magtanong|VBW ?|PMQ ""|PMS  
"
1231,"""|PMS Opo|NNP ,|PMC ""|PMS sagot|NNC ni|DTP kuya|NNC .|PMP  
"
1232,"""|PMS Kuya|NNC ,|PMC tinuruan|VBTS ka|PRS ba|RBI nina|DTPP mama|NNC ng|CCB gawaing|NNC_CCP -|PMS bahay|NNC noon|RBW ?|PMQ ""|PMS  
"
1233,"""|PMS Opo|NNP ,|PMC tinuruan|VBTS nila|PRP ako|PRS .|PMP
"
1234,"Pinakita|VBTS nila|PRP kung|RBK paano|RBQ gawin|VBOF .|PMP
"
1235,"Pagkatapos|VBW ,|PMC gagawin|VBTF ko|PRS ito|PRO nang|RBW kasama|CCB sila|PRP .|PMP
"
1236,"Hanggang|RBW sa|CCT mag|VBW -|PMS isa|PRI ko|PRS nalang|VBTS_CCP itong|PRO_CCP gagawin|VBTF ,|PMC ""|PMS paliwanag|NNC ng|CCB kanyang|PRSP_CCP kuya|NNC .|PMP  
"
1237,"""|PMS Ah|RBJ ,|PMC kaya|CCR pala|NNC pinapakita|VBTR nina|DTPP mama|NNC at|CCA papa|NNC noon|RBW kung|RBK paano|RBQ nila|PRP gawin|VBOF ang|DTC gawaing|NNC_CCP -|PMS bahay|NNC ,|PMC ""|PMS sagot|NNC ni|DTP Titay|NNP .|PMP  
"
1238,"""|PMS Bakit|PRQ kaya|CCR ganoon|PRC ang|DTC pinagawa|VBTS sa|CCT akin|PRSP ?|PMQ  
"
1239,"""|PMS tanong|NNC ni|DTP kuya|NNC .|PMP  
"
1240,"""|PMS Para|CCT paglaki|VBW ko|PRS ay|LM marunong|JJD na|CCP ako|PRS ng|CCB gawaing|NNC_CCP -|PMS bahay|NNC ,|PMC ""|PMS sagot|NNC ni|DTP Titay|NNP .|PMP  
"
1241,"""|PMS Ay|NNP ,|PMC galing|RBL talaga|RBT ng|CCB kapatid|NNC ko|PRS ,|PMC ""|PMS sabi|VBS ni|DTP kuya|NNC .|PMP
"
1242,"Pero|CCT sa|CCT isip|NNC ni|DTP Titay|NNP ay|LM gusto|VBS niya|PRS lamang|RBI makipaglaro|VBW .|PMP
"
1243,"Nagmamadali|VBTS niyang|PRS_CCP niligpit|VBOF ang|DTC hugasan|VBOF pagkatapos|RBW kumain|VBAF .|PMP  
"
1244,"""|PMS Naghihintay|VBTR na|CCP sina|DTPP Cora|NNP .|PMP
"
1245,"Baka|NNP palitan|NNC nila|PRP ako|PRS sa|CCT grupo|NNC .|PMP
"
1246,"Ano|PRQ kayang|RBD_CCP pwede|RBT kong|PRS_CCP gawin|VBOF ?|PMQ
"
1247,"Aha|NNP !|PMS
"
1248,"Alam|VBS ko|PRS na|CCP ,|PMC ""|PMS sabi|VBS niya|PRS .|PMP
"
1249,"Pinasok|VBOF niya|PRS sa|CCT kabinet|NNC ang|DTC mga|DTCP hugasan|NNC at|CCA umalis|VBAF .|PMP
"
1250,"Blag|NNP !|PMS
"
1251,"Krassshh|NNP !|PMS
"
1252,"Narinig|VBTS ni|DTP Titay|NNP ang|DTC ingay|NNC sa|CCT kanilang|PRSP_CCP kusina|NNC .|PMP
"
1253,"Dali|NNP -|PMS dali|JJD siyang|PRS_CCP tumakbo|VBAF papasok|RBD .|PMP
"
1254,"Nakita|VBTS niya|PRS ang|DTC mga|DTCP basag|NNC na|CCP plato|NNC sa|CCT sahig|NNC habang|RBW dinidilaan|VBTR ng|CCB pusa|NNC .|PMP
"
1255,"Pumunta|VBAF rin|RBI sa|CCT kusina|NNC ang|DTC ina|NNC .|PMP  
"
1256,"""|PMS Pasensya|NNP po|RBS mama|NNC .|PMP
"
1257,"Mali|NNP ang|DTC ginawa|VBOF ko|PRS .|PMP
"
1258,"Dapat|VBS naghugas|VBTS muna|RBI ako|PRS ng|CCB plato|NNC bago|RBW ako|PRS naglaro|VBTS .|PMP ""|PMS  
"
1259,"""|PMS Aasahan|VBTS_VBOF kong|PRS_CCP di|RBF na|RBI ito|PRO mauulit|VBW ,|PMC Titay|NNC ,|PMC ""|PMS sabi|VBS ng|CCB ina|NNC .|PMP
"
1260,"Nang|RBW gabi|RBW na|RBI ,|PMC malungkot|JJD at|CCA walang|VBN_CCP ganang|JJD_CCP kumain|VBAF si|DTP Titay|NNP .|PMP
"
1261,"Nabasag|VBTS ang|DTC paborito|NNC niyang|PRS_CCP plato|NNC at|CCA baso|NNC .|PMP
"
1262,"Regalo|NNP pa|RBI naman|RBI iyong|PRO_CCP ng|CCB kaniyang|PRSP_CCP lola|NNC .|PMP
"
1263,"Ngayon|RBW ay|LM hindi|RBF niya|PRS na|CCP magagamit|VBTF pa|RBI .|PMP
"
1264,"Nang|RBW tumahimik|VBAF ang|DTC bayan|NNC ,|PMC dumami|VBAF ang|DTC aking|PRSP_CCP kaibigan|NNC .|PMP
"
1265,"May|VBH usa|NNC na|CCP malumanay|JJD Dambuhala|NNC ang|DTC kaniyang|PRSP_CCP sungay|NNC Parang|RBM puno|NNC ng|CCB bignay|NNC .|PMP
"
1266,"May|VBH musang|NNC na|CCP malikot|JJD Sa|CCT puno|NNC ’|PMS y|FW paikot|JJD -|PMS ikot|NNC Pinapapak|VBTR ang|DTC kapeng|NNC_CCP tanim|NNC ni|DTP Ingkong|NNP .|PMP
"
1267,"May|VBH maamong|JJD_CCP lumba|NNC -|PMS lumba|NNC .|PMP
"
1268,"Sumakay|VBAF ako|PRS sa|CCT likod|NNC niya|PRS .|PMP
"
1269,"Sinalakay|VBTS namin|PRP ang|DTC higanteng|JJD_CCP alon|NNC .|PMP
"
1270,"Namasyal|VBTS kami|PRP sa|CCT mga|DTCP lumubog|VBAF na|CCP galyon|NNC .|PMP
"
1271,"May|VBH aspin|NNC na|CCP namamasyal|VBTR sa|CCT kalye|NNC .|PMP
"
1272,"Batik|NNP -|PMS batik|NNC ang|DTC balahibo|NNC at|CCA naglalaro|VBTR sa|CCT nyebe|NNC .|PMP
"
1273,"May|VBH tuko|NNC sa|CCT puno|NNC ng|CCB mangga|NNC .|PMP
"
1274,"Tumatalon|NNP sa|CCT mga|DTCP bunga|NNC .|PMP
"
1275,"Kumakapit|VBTR_VBAF sa|CCT sanga|NNC .|PMP
"
1276,"Nagtatago|VBTR na|CCP parang|CCT ninja|NNC .|PMP
"
1277,"May|VBH alitaptap|NNC na|CCP umaandap|VBTR_VBAF Tila|RBM poste|NNC ng|CCB ilaw|NNC sa|CCT ulap|NNC ,|PMC sumisipsip|VBAF ng|CCB hamog|NNC kasama|CCB ni|DTP Kulisap|NNP .|PMP
"
1278,"Pero|CCT may|VBH isa|PRI akong|PRS_CCP kaibigan|NNC na|CCP malungkot|JJD at|CCA nag|VBTS -|PMS iisa|JJD .|PMP
"
1279,"Siya|PRS si|DTP Kabog|NNP .|PMP  
"
1280,"""|PMS Bakit|PRQ ka|PRS umiiyak|VBTR_VBAF ,|PMC Kabog|NNP ?|PMQ  
"
1281,"""|PMS usisa|VBS ko|PRS .|PMP  
"
1282,"""|PMS Iniiwasan|VBTR ako|PRS at|CCA pinandidirian|VBTR .|PMP  
"
1283,"""|PMS Paano|PRQ magiging|VBTF masaya|JJD si|DTP Kabog|NNP ?|PMQ
"
1284,"Alam|VBS ko|PRS na|CCP !|PMS
"
1285,"Sa|CCT lahat|PRI ng|CCB kaibigan|NNC ko|PRS ,|PMC si|DTP Kabog|NNP ang|DTC pinakamabait|JJCS_JJD .|PMP
"
1286,"Hindi|RBF siya|PRS mapanakit|VBW .|PMP
"
1287,"Huwag|RBF mo|PRS lang|RBI siya|PRS ipipiit|VBOF .|PMP
"
1288,"Iba|PRI man|RBI sa|CCT ating|PRSP_CCP paningin|NNC ,|PMC bigay|VBS pa|RBI rin|RBI sila|PRP ng|CCB Diyos|NNP sa|CCT atin|PRSP .|PMP
"
1289,"Gusto|VBS lang|RBI nilang|PRP_CCP makipagkaibigan|VBW .|PMP
"
1290,"At|CCA kung|CCR mayroon|VBH akong|PRS_CCP hiling|NNC ,|PMC ‘|NNC yon|PRO ay|LM bigyan|VBOF sila|PRP ng|CCB puwang|NNC sa|CCT mundong|NNC_CCP ginagalawan|VBTR natin|PRP .|PMP
"
1291,"Tila|RBM nagkakaroon|VBTR ng|CCB mahika|JJD ang|DTC kahit|CCT anong|PRQ_CCP papel|NNC na|CCP nahahawakan|VBTS ni|DTP Luna|NNP .|PMP
"
1292,"Tinutupi|NNP -|PMS tupi|NNC niya|PRS lang|RBI at|CCA aba|FW ,|PMC papelastika|NNC !|PMS
"
1293,"Nagiging|VBTR bisikleta|NNC ,|PMC kuneho|NNC ,|PMC korona|NNC ,|PMC pusa|NNC ,|PMC mga|DTCP bituin|NNC o|CCT kahit|CCT ano|PRQ pang|RBI_CCP hugis|NNC ng|CCB buwan|NNC ,|PMC at|CCA kung|CCR anu|FW -|PMS ano|PRQ pang|RBI_CCP mga|DTCP bagay|NNC na|CCP gusto|VBS niyang|PRS_CCP gawin|VBOF .|PMP
"
1294,"Sakay|NNP ng|CCB luma|JJD niyang|PRS_CCP iskuter|NNC ,|PMC dala|JJD ang|DTC makulay|JJD niyang|PRS_CCP bag|NNC na|CCP may|VBH lamang|RBI mga|DTCP papel|NNC ,|PMC tinutungo|VBTR niya|PRS ang|DTC imprentahan|NNC kung|RBK saan|RBQ nagtatrabaho|VBTR ang|DTC ama|NNC para|CCT mangolekta|VBW ng|CCB mga|DTCP sobrang|JJCS_CCP papel|NNC upang|CCB makagawa|VBW ng|CCB mga|DTCP bagong|JJD_CCP obrang|NNC_CCP papelastik|JJD .|PMP
"
1295,"Hinihiwa|NNP -|PMS hiwalay|JJD niya|PRS ang|DTC mga|DTCP papel|NNC ayon|RBR sa|CCT kulay|NNC ngunit|CCT lahat|PRI ng|CCB pulang|JJD_CCP papel|NNC ay|LM tinatago|VBTR niya|PRS sa|CCT espesyal|JJD na|CCP kahon|NNC .|PMP  
"
1296,"""|PMS Luna|NNP ,|PMC anak|NNC ,|PMC bakit|PRQ hinihiwalay|VBTR mo|PRS ang|DTC mga|DTCP pulang|JJD_CCP papel|NNC ?|PMQ  
"
1297,"""|PMS Tahimik|JJD lang|RBI si|DTP Luna|NNP sa|CCT tanong|NNC ng|CCB ina|NNC .|PMP
"
1298,"Paborito|RBD niyang|PRS_CCP magpalipad|VBW ng|CCB papelastik|JJD na|CCP eroplano|NNC kasama|CCB ang|DTC ama|NNC .|PMP
"
1299,"Hinahagis|NNP nila|PRP ito|PRO pataas|JJD upang|CCB makasabay|VBW sa|CCT malakas|JJD na|CCP ihip|NNC ng|CCB hangin|NNC .|PMP
"
1300,"Aba|NNP ,|PMC papelastika|NNC !|PMS
"
1301,"Nakikisabay|VBTR rin|RBI sa|CCT lipad|NNC ng|CCB eroplanong|NNC_CCP papel|NNC ang|DTC mga|DTCP tutubi|NNC .|PMP
"
1302,"Inaayos|VBTR niyang|PRS_CCP parang|CCT nakahilera|VBTS ang|DTC mga|DTCP palaka|NNC at|CCA nakikipag|VBTR -|PMS unahan|CDB gamit|VBS ang|DTC mga|DTCP gawa|VBS niyang|PRS_CCP papelastik|JJD na|CCP palaka|NNC .|PMP
"
1303,"Pinipindot|VBTR lamang|RBI niya|PRS ang|DTC likod|NNC nito|PRO at|CCA aba|FW ,|PMC papelastika|NNC !|PMS
"
1304,"Lumulundag|VBTR din|RBI ito|PRO !|PMQ
"
1305,"Pinapasabay|VBTR niya|PRS sa|CCT agos|NNC ng|CCB tubig|NNC sa|CCT mababaw|JJD na|CCP parte|NNC ng|CCB sapa|NNC ang|DTC mga|DTCP mga|DTCP gawa|VBS niyang|PRS_CCP papelastik|JJD na|CCP bangka|NNC kasama|CCB ang|DTC mga|DTCP kaibigan|NNC .|PMP
"
1306,"Aba|NNP ,|PMC papelastika|NNC !|PMS
"
1307,"Nakikisabay|VBTR rin|RBI ang|DTC mga|DTCP lumalangoy|VBTR_VBAF na|CCP grupo|NNC ng|CCB isda|NNC sa|CCT papelastik|JJD na|CCP bangka|NNC .|PMP
"
1308,"Kapag|CCR walang|VBN_CCP kuryente|NNC ,|PMC kinukwentuhan|VBTS si|DTP Luna|NNP ng|CCB nanay|NNC at|CCA tatay|NNC ng|CCB paborito|NNC niyang|PRS_CCP pampatulog|JJD na|CCP kwento|NNC sa|CCT pamamagitan|NNC ng|CCB anino|NNC ng|CCB mga|DTCP gawa|VBS niyang|PRS_CCP obrang|NNC_CCP papelastik|JJD na|CCP sina|DTPP Bakunawa|NNP at|CCA Buwan|NNP .|PMP
"
1309,"At|CCA aba|FW ,|PMC Papelastika|NNP !|PMS
"
1310,"Nakakatulog|VBTR agad|RBW si|DTP Luna|NNP .|PMP
"
1311,"Ngunit|CCT isang|PRI_CCP gabi|RBW ,|PMC nag|VBTS -|PMS aalala|NNC ang|DTC kaniyang|PRSP_CCP mga|DTCP magulang|NNC sapagkat|CCR di|RBF lumalabas|VBTR_VBAF ng|CCB kwarto|NNC si|DTP Luna|NNP kahit|CCT anong|PRQ_CCP pilit|RBD nila|PRP .|PMP  
"
1312,"""|PMS Luna|NNP ,|PMC anak|NNC ,|PMC ano|PRQ ba|RBI ang|DTC ginagawa|VBTR mo|PRS diyan|PRL sa|CCT kwarto|NNC ?|PMQ
"
1313,"Lumabas|VBAF ka|PRS na|RBI at|CCA naghanda|VBTS ako|PRS ng|CCB paborito|NNC mong|PRS_CCP pansit|JJD at|CCA biko|JJD .|PMP ""|PMS  
"
1314,"""|PMS Opo|NNP Mama|NNP ,|PMC malapit|JJD na|CCP po|RBS .|PMP
"
1315,"May|VBH tinatapos|VBTR lang|RBI ako|PRS .|PMP  
"
1316,"""|PMS Hinihintay|VBTR nila|PRP si|DTP Luna|NNP na|CCP buksan|VBOF ang|DTC pinto|NNC at|CCA lumabas|VBAF .|PMP
"
1317,"Di|RBF nagtagal|VBTS ,|PMC hinay|NNC -|PMS hinay|JJD nilang|PRP_CCP nakita|VBTS ang|DTC liwanag|NNC galing|RBL sa|CCT kwarto|NNC ni|DTP Luna|NNP kasunod|JJD ng|CCB kaniyang|PRSP_CCP pagbukas|NNC ng|CCB pinto|NNC .|PMP
"
1318,"Nagulat|VBTS sila|PRP sa|CCT bitbit|NNC ni|DTP Luna|NNP paglabas|VBW ng|CCB kwarto|NNC .|PMP
"
1319,"Kulay|JJD pulang|JJD_CCP papelastik|NNC na|CCP puso|NNC na|CCP umiilaw|VBTR_VBAF dahil|CCR linagyan|VBOF niya|PRS ito|PRO ng|CCB de-bateryang|JJD_CCP lampara|NNC sa|CCT ilalim|JJD .|PMP  
"
1320,"""|PMS Mama|NNP ,|PMC regalo|NNC ko|PRS po|RBS ito|PRO sa|CCT iyong|PRSP_CCP kaarawan|NNC .|PMP ""|PMS  
"
1321,"""|PMS Aba|NNP ,|PMC papelastika|NNC !|PMS
"
1322,"Kaya|CCR pala|NNC tahimik|JJD ka|PRS lang|RBI nang|RBW tinanong|VBOF kita|NNC noon|RBW .|PMP  
"
1323,"""|PMS Maraming|PRI_CCP salamat|RBS ,|PMC Luna|NNP .|PMP
"
1324,"Binigyan|VBOF mo|PRS ng|CCB liwanag|NNC ang|DTC aking|PRSP_CCP gabi|NNC .|PMP  
"
1325,"""|PMS At|CCA nagyakap|VBTS ang|DTC buong|PRI_CCP pamilya|NNC sa|CCT ilalim|JJD ng|CCB maliwanag|JJD na|CCP buwan|NNC .|PMP
"
1326,"Siya|PRS si|DTP Bentong|NNP ,|PMC anim|JJN na|CCP taong|NNC_CCP gulang|NNC .|PMP
"
1327,"Ayaw|RBF niyang|PRS_CCP kumain|VBAF kapag|RBK hindi|RBF sinusubuan|VBTR_VBOF .|PMP
"
1328,"Ang|DTC tanging|JJD_CCP gusto|VBS niya|PRS lang|RBI ay|LM maglaro|VBAF .|PMP  
"
1329,"""|PMS Bentong|NNP ,|PMC anak|NNC ,|PMC papasok|VBTF ka|PRS na|CCP sa|CCT paaralan|NNC sa|CCT Lunes|NNP ,|PMC ""|PMS turan|JJD ng|CCB Nanay|NNC .|PMP  
"
1330,"""|PMS Po|NNP !|PMS
"
1331,"Papasok|NNP ?|PMQ
"
1332,"Ayoko|NNP po|RBS ,|PMC Nay|NNC .|PMP
"
1333,"Ayokong|RBF mag|VBW -|PMS aral|NNC !|PMS  
"
1334,"""|PMS tugon|NNC ni|DTP Bentong|NNP .|PMP  
"
1335,"""|PMS Nay|NNP ,|PMC gusto|VBS ko|PRS po|RBS dito|PRL lang|RBI ako|PRS sa|CCT bahay|NNC .|PMP
"
1336,"Sino|PRQ po|RBS ang|DTC magpapakain|VBTF sa|CCT akin|PRSP doon|PRL ?|PMQ
"
1337,"Baka|NNP hindi|RBF ako|PRS doon|PRL pwedeng|RBT_CCP maglaro|VBAF .|PMP ""|PMS  
"
1338,"""|PMS Masaya|NNP sa|CCT paaralan|NNC ,|PMC Bentong|NNC_CCP !|PMQ
"
1339,"Magugustuhan|VBTF mo|PRS doon|PRL ,|PMC ""|PMS sabi|VBS ng|CCB nanay|NNC .|PMP
"
1340,"Hinatid|VBOF ni|DTP nanay|NNC si|DTP Bentong|NNP sa|CCT paaralan|NNC .|PMP
"
1341,"Kinakabahan|VBTR siya|PRS .|PMP
"
1342,"Mahigpit|JJD ang|DTC hawak|NNC niya|PRS sa|CCT kamay|NNC ng|CCB kanyang|PRSP_CCP nanay|NNC .|PMP  
"
1343,"""|PMS Nay|NNP ,|PMC pareho|JJC po|RBS kami|PRP ng|CCB damit|NNC .|PMP
"
1344,"Ayun|NNP pa|RBI ,|PMC pareho|JJC kami|PRP ng|CCB sapatos|NNC .|PMP
"
1345,"May|VBH backpack|FW din|RBI po|RBS sila|PRP !|PMQ ""|PMS  
"
1346,"""|PMS Magandang|JJD_CCP umaga|RBW ,|PMC ""|PMS bati|VBS ni|DTP G.|NNPA Ramos|NNP ""|PMS Ano|PRQ Bentong|RBJ ,|PMC handa|JJD ka|PRS na|CCP ba|RBI sa|CCT ating|PRSP_CCP klase|NNC ?|PMQ  
"
1347,"""|PMS Ayaw|RBF sanang|VBS_CCP bitawan|VBOF ni|DTP Bentong|NNP ang|DTC kamay|NNC ng|CCB ina|NNC ngunit|CCT pinapasok|VBTR na|CCP siya|PRS ni|DTP G.|NNPA Ramos|NNP sa|CCT klasrum|NNC .|PMP
"
1348,"Paglingon|NNP niya|PRS ,|PMC umalis|VBAF na|CCP si|DTP Nanay|NNP .|PMP  
"
1349,"""|PMS Iihi|NNP lang|RBI po|RBS ako|PRS ,|PMC G.|NNPA Ramos|NNP ,|PMC ""|PMS paalam|NNC ni|DTP Bentong|NNP .|PMP
"
1350,"Tumakbo|VBAF siya|PRS palabas|NNC .|PMP
"
1351,"Wala|VBN si|DTP nanay|NNC .|PMP
"
1352,"Lumabas|VBAF siya|PRS sa|CCT gate|FW ng|CCB paaralan|NNC .|PMP
"
1353,"Wala|VBN si|DTP nanay|NNC .|PMP
"
1354,"Umiyak|VBAF si|DTP Bentong|NNP .|PMP
"
1355,"Umupo|VBAF sa|CCT gilid|JJD ng|CCB kalsada|NNC .|PMP  
"
1356,"""|PMS Nanay|NNC ,|PMC asan|NNC ka|PRS na|CCP ?|PMQ  
"
1357,"""|PMS iyak|NNC niya|PRS .|PMP
"
1358,"RRIINNGG|NNP !|PMS
"
1359,"RRIINNGG|NNP !|PMS
"
1360,"RRIINNGG|NNP !|PMS
"
1361,"Tumakbo|VBAF ang|DTC mga|DTCP bata|NNC papasok|VBTF sa|CCT gate|FW ng|CCB paaralan|NNC .|PMP
"
1362,"Nagulat|VBTS si|DTP Bentong|NNP .|PMP
"
1363,"Tumigil|VBAF siya|PRS sa|CCT pag|CCR -|PMS iyak|NNC .|PMP
"
1364,"Sumunod|VBAF siya|PRS sa|CCT mga|DTCP bata|NNC papasok|NNC ng|CCB paaralan|NNC .|PMP
"
1365,"Naglakad|VBTS siya|PRS sa|CCT pasilyo|NNC .|PMP
"
1366,"Sa|CCT isang|PRI_CCP silid|NNC -|PMS aralan|NNC ,|PMC sumasayaw|VBTR at|CCA kumakanta|VBTR_VBAF ang|DTC mga|DTCP bata|NNC .|PMP
"
1367,"Sa|CCT katabing|JJD_CCP silid|NNC naman|RBI ay|LM nagbabasa|VBTR at|CCA nagsusulat|VBTR ang|DTC mga|DTCP bata|NNC .|PMP
"
1368,"Sa|CCT kabilang|CCB kwarto|NNC ,|PMC naglalaro|VBTR ang|DTC mga|DTCP bata|NNC .|PMP
"
1369,"May|VBH nakita|VBTS siyang|PRS_CCP tindahan|NNC na|CCP puno|NNC ng|CCB pagkain|NNC .|PMP
"
1370,"Sinilip|VBTS niya|PRS ang|DTC isang|PRI_CCP klase|NNC .|PMP
"
1371,"Ang|DTC mga|DTCP bata|NNC ay|LM nakapalibot|VBTS kay|DTP G.|NNPA Ramos|NNP .|PMP
"
1372,"Nagbabasa|VBTR siya|PRS ng|CCB kwento|NNC sa|CCT mga|DTCP bata|NNC .|PMP
"
1373,"Maganda|JJD ang|DTC mga|DTCP drowing|FW ng|CCB libro|NNC .|PMP
"
1374,"Dahan|NNP -|PMS dahang|NNC_CCP pumasok|VBAF si|DTP Bentong|NNP sa|CCT silid|NNC .|PMP
"
1375,"Umupo|VBAF siya|PRS malapit|JJD kay|DTP G.|NNPA Ramos|NNP .|PMP
"
1376,"Nakinig|VBTS siya|PRS kasama|CCB ang|DTC mga|DTCP kaklase|NNC .|PMP
"
1377,"Tumawa|VBAF ang|DTC mga|DTCP bata|NNC .|PMP
"
1378,"Nagustuhan|VBTS nila|PRP ang|DTC kwento|NNC .|PMP
"
1379,"Tumawa|VBAF din|RBI si|DTP Bentong|NNP .|PMP  
"
1380,"""|PMS Mga|DTCP bata|NNC ,|PMC kumuha|VBAF ng|CCB papel|NNC .|PMP
"
1381,"Ilabas|VBOF ang|DTC inyong|PRSP_CCP mga|DTCP krayola|NNC .|PMP
"
1382,"Idrowing|NNP ang|DTC nagustuhan|VBTS ninyong|NNC_CCP bagay|NNC o|CCT pangyayari|NNC sa|CCT kwento|NNC ,|PMC ""|PMS sabi|VBS ni|DTP Ginoong|NNP Ramos|NNP .|PMP
"
1383,"RRIINNGG|NNP !|PMS
"
1384,"RRIINNGG|NNP !|PMS
"
1385,"RRIINNGG|NNP !|PMS
"
1386,"Natapos|VBTS na|RBI ni|DTP Bentong|NNP ang|DTC kanyang|PRSP_CCP drowing|FW na|CCP flag|FW .|PMP
"
1387,"Paglingon|NNP niya|PRS sa|CCT labas|NNC ,|PMC nakita|VBTS niyang|PRS_CCP may|VBH mga|DTCP tao|NNC na|RBI .|PMP
"
1388,"May|VBH nakatitig|VBTS sa|CCT kaniya|PRSP ,|PMC ang|DTC kanyang|PRSP_CCP nanay|NNC .|PMP
"
1389,"Pauwi|NNP na|CCP si|DTP Bentong|NNP at|CCA kanyang|PRSP_CCP nanay|NNC .|PMP  
"
1390,"""|PMS Nay|NNP ,|PMC ang|DTC saya|NNC pala|NNC sa|CCT paaralan|NNC .|PMP
"
1391,"Marami|PRI akong|PRS_CCP nakilalang|VBTS mga|DTCP bata|NNC .|PMP
"
1392,"Maraming|PRI_CCP ginagawang|VBTR_CCP nakakapagpasaya|RBD sa|CCT mga|DTCP bata|NNC .|PMP
"
1393,"Marami|PRI ding|RBI_CCP pagkain|NNC doon|PRL at|CCA mabait|JJD si|DTP G.|NNPA Ramos|NNP !|PMS  
"
1394,"""|PMS Panay|NNP ang|DTC kwento|NNC ni|DTP Bentong|NNP .|PMP
"
1395,"Natutuwa|VBTS naman|RBI si|DTP Nanay|NNP .|PMP  
"
1396,"""|PMS Diba|NNP ,|PMC sabi|VBS ko|PRS sayo|PRSP masaya|JJD doon|PRL .|PMP
"
1397,"Marami|PRI kang|PRS_CCP magagawa|VBTF at|CCA matututuhan|VBTF .|PMP ""|PMS  
"
1398,"""|PMS Pero|CCT Nay|NNC ,|PMC lumabas|VBAF ako|PRS kanina|RBW nang|RBD walang|RBF paalam|NNC ,|PMC hindi|RBF ko|PRS na|CCP po|RBS uulitin|VBTF ‘|PMS yon|PRO .|PMP
"
1399,"Bukas|JJD ,|PMC maaga|JJD pa|RBI tayong|PRP_CCP pupunta|VBTF sa|CCT paaralan|NNC ,|PMC ""|PMS masayang|JJD_CCP wika|NNC ni|DTP Bentong|NNP .|PMP
"
1400,"Nakasimangot|RBD na|CCP nakaupo|VBTS sa|CCT papag|NNC si|DTP Piringkay|NNP .|PMP
"
1401,"Hindi|RBF siya|PRS pinayagan|VBTS ni|DTP Lola|NNP Pining|NNP na|CCP magpakain|VBTF sa|CCT mga|DTCP manok|NNC .|PMP  
"
1402,"""|PMS Huwag|RBF ka|PRS nang|RBW malungkot|JJD ,|PMC ""|PMS sabi|VBS ng|CCB kaniyang|PRSP_CCP Lola|NNC .|PMP  
"
1403,"""|PMS Bukas|JJD ,|PMC kung|RBK hindi|RBF na|CCP umuulan|VBTR ,|PMC ikaw|PRS ang|DTC magpapakain|VBTF kay|DTP Dibis|NNP .|PMP  
"
1404,"""|PMS Sakto|JJD rin|RBI na|CCP tumilaok|VBAF ang|DTC tandang|NNC_CCP na|CCP may|VBH balahibong|JJD_CCP kasingkulay|NNC ng|CCB apoy|NNC .|PMP
"
1405,"Nang|RBW sumunod|VBAF na|CCP araw|NNC ay|LM agad|RBD na|CCP sinalubong|VBTS ni|DTP Piringkay|NNP si|DTP Lola|NNP Pining|NNP .|PMP
"
1406,"Maliwanag|RBD ang|DTC paligid|NNC at|CCA walang|VBN_CCP banta|NNC ng|CCB ulan|NNC .|PMP
"
1407,"Dala|VBS -|PMS dala|JJD ng|CCB bata|NNC ang|DTC maliit|JJD na|CCP timba|NNC na|CCP sisidlan|NNC ng|CCB pagkain|NNC ng|CCB manok|NNC .|PMP
"
1408,"Unang|JJN_CCP nilapitan|VBTS ni|DTP Piringkay|NNP ang|DTC paborito|RBD niyang|PRS_CCP si|DTP Dibis|NNP .|PMP
"
1409,"Pinakain|VBOF niya|PRS ang|DTC tandang|NNC_CCP sa|CCT kaniyang|PRSP_CCP palad|NNC .|PMP
"
1410,"Mabagal|JJD na|CCP tinuka|VBOF ni|DTP Dibis|NNP ang|DTC mais|NNC hanggang|RBW sa|CCT maubos|VBW ito|PRO .|PMP
"
1411,"Pagkatapos|VBW ,|PMC tinali|VBTS ni|DTP Piringkay|NNP si|DTP Dibis|NNP sa|CCT kulungan|NNC na|CCP malapit|JJD sa|CCT palayan|NNC .|PMP
"
1412,"Nilinis|VBTS niya|PRS ang|DTC kulungan|NNC ng|CCB tandang|NNC_CCP at|CCA nilagyan|VBOF ng|CCB tuyong|JJD_CCP dahon|NNC .|PMP
"
1413,"Ito|PRO ang|DTC lagi|RBD niyang|PRS_CCP ginawa|VBOF kapag|CCR wala|VBN siyang|PRS_CCP pasok|RBD .|PMP
"
1414,"Araw|NNP ng|CCB linggo|NNC .|PMP
"
1415,"Maagang|RBD_CCP nag|RBD -|PMS ikot|NNC si|DTP Piringkay|NNP .|PMP
"
1416,"Nakita|VBTS niya|PRS ang|DTC inahin|VBOF na|CCP nag|VBTS -|PMS iisa|JJD sa|CCT kulungan|NNC .|PMP  
"
1417,"""|PMS Lola|NNP !|PMS
"
1418,"Nangitlog|VBTS na|RBI ang|DTC isang|PRI_CCP inahin|NNC ""|PMS sigaw|NNC ng|CCB bata|NNC .|PMP
"
1419,"Lumapit|VBAF si|DTP Lola|NNP Pining|NNP at|CCA nakita|VBTS niya|PRS ang|DTC mga|DTCP itlog|NNC sa|CCT pugad|NNC .|PMP  
"
1420,"""|PMS Totoo|RBT nga|RBI Piringkay|NNP .|PMP
"
1421,"Isa|PRI ,|PMC dalawa|CDB ,|PMC tatlo|CDB ,|PMC apat|CDB .|PMP  
"
1422,"""|PMS Maya|NNP -|PMS maya|NNC ay|LM may|VBH narinig|VBTS na|CCP ingay|NNC si|DTP Piringkay|NNP .|PMP
"
1423,"Sinundan|VBTS niya|PRS ang|DTC ingay|NNC na|CCP ito|PRO hanggang|RBW sa|CCT makarating|VBW siya|PRS sa|CCT kulungan|NNC ni|DTP Dibis|NNP .|PMP
"
1424,"Tumilaok|NNP ang|DTC tandang|NNC_CCP at|CCA biglang|RBD_CCP nagtatakbo|VBTR .|PMP
"
1425,"Lumaki|VBAF ang|DTC mga|DTCP mata|NNC ni|DTP Piringkay|NNP .|PMP
"
1426,"Napatalon|VBTS siya|PRS kaba|NNC at|CCA nabitawan|VBTS ang|DTC dala|JJD -|PMS dalang|JJD_CCP pagkain|NNC ng|CCB manok|NNC .|PMP
"
1427,"Hinabol|VBOF niya|PRS ang|DTC nagtatakbong|VBTR si|DTP Dibis|NNP .|PMP
"
1428,"Pumutak|NNP din|RBI ang|DTC iba|PRI pang|RBI_CCP mga|DTCP tandang|NNC_CCP dahil|CCR sa|CCT kaguluhan|NNC .|PMP  
"
1429,"""|PMS Lola|NNP !|PMS
"
1430,"Si|DTP Dibis|NNP nakalabas|VBTS !|PMS  
"
1431,"""|PMS sigaw|NNC ni|DTP Piringkay|NNP .|PMP
"
1432,"Hinarang|NNP_CCP ni|DTP Lola|NNP Pining|NNP si|DTP Dibis|NNP ngunit|CCT mas|JJCC mabilis|JJD ang|DTC tandang|NNC_CCP .|PMP
"
1433,"Mabilis|RBD itong|PRO_CCP tumakbo|VBAF sa|CCT kulungan|NNC ng|CCB mga|DTCP inahin|NNC sa|CCT ilalim|JJD ng|CCB bahay|NNC .|PMP
"
1434,"Doon|PRL at|CCA nakita|VBTS nila|PRP ang|DTC malaking|JJD_CCP ahas|NNC na|CCP nakapilipit|VBTS sa|CCT isang|PRI_CCP inahin|NNC .|PMP
"
1435,"Natakot|VBTS si|DTP Piringkay|NNP .|PMP
"
1436,"Mabuti|JJD lang|RBI at|CCA nadakip|VBTS agad|RBD ni|DTP Lola|NNP Pining|NNP ang|DTC ahas|NNC .|PMP
"
1437,"Isinilid|VBTS niya|PRS ito|PRO sa|CCT isang|PRI_CCP sako|NNC at|CCA pakakawalan|RBD sa|CCT masukal|JJD na|CCP gubat|NNC ,|PMC malapit|JJD sa|CCT kanilang|PRSP_CCP karatig|JJD na|CCP sityo|NNC ,|PMC kung|RBK saan|RBQ ay|LM marami|PRI ring|RBI_CCP mga|DTCP nakatirang|VBTS_CCP maiilap|NNC na|CCP hayop|NNC .|PMP
"
1438,"Sa|CCT huli|RBW ,|PMC nahuli|VBTS rin|RBI ni|DTP Piringkay|NNP si|DTP Dibis|NNP .|PMP
"
1439,"Pinuri|VBOF ni|DTP Lola|NNP Pining|NNP ang|DTC ginawa|VBOF ng|CCB tandang|NNC_CCP .|PMP  
"
1440,"""|PMS Magaling|JJD na|CCP tandang|NNC_CCP itong|PRO_CCP si|DTP Dibis|NNP .|PMP
"
1441,"Kung|RBK hindi|RBF siya|PRS nag|VBTS -|PMS ingay|NNC ,|PMC hindi|RBF natin|PRP nakita|VBTS ang|DTC ahas|NNC .|PMP
"
1442,"Isinalba|VBTS niya|PRS ang|DTC inahing|VBOF_CCP at|CCA ang|DTC kaniyang|PRSP_CCP mga|DTCP itlog|NNC .|PMP ""|PMS  
"
1443,"""|PMS Kaya|CCR nga|RBI ,|PMC Lola|NNP !|PMS
"
1444,"Hanga|NNP ako|PRS kay|DTP Dibis|NNP !|PMS  
"
1445,"""|PMS sagot|NNC ni|DTP Piringkay|NNP .|PMP  
"
1446,"""|PMS Siguradong|RBT_CCP masisiyahan|VBTF sina|DTPP Nanay|NNP at|CCA Tatay|NNC kapag|CCR ikukuwento|VBTR ko|PRS sa|CCT kanila|PRSP itong|PRO_CCP ating|PRSP_CCP bisita|NNC sa|CCT manokan|NNC !|PMS  
"
1447,"""|PMS Mahilig|JJD tumulong|VBAF ang|DTC batang|NNC_CCP si|DTP Piringkay|NNP sa|CCT mga|DTCP gawain|NNC sa|CCT manokan|NNC .|PMP
"
1448,"Ang|DTC paborito|NNC niyang|PRS_CCP manok|NNC ay|LM si|DTP Dibis|NNP ,|PMC ang|DTC tandang|NNC_CCP na|CCP may|VBH balahibong|JJD_CCP kasingkulay|NNC ng|CCB apoy|NNC .|PMP
"
1449,"Isang|PRI_CCP araw|NNC ,|PMC bigla|NNC nalang|VBTS_CCP tumilaok|VBAF si|DTP Dibis|NNP at|CCA dagling|RBD_CCP lumabas|VBAF sa|CCT kaniyang|PRSP_CCP kulungan|NNC .|PMP
"
1450,"Ano|PRQ kaya|CCR ang|DTC dahilan|NNC ng|CCB pagwawala|NNC nito|PRO ?|PMQ
"
1451,"Si|DTP Tikboy|NNP ay|LM anak|NNC nila|PRP Tatay|NNP Kanor|NNP na|CCP isang|PRI_CCP magsasaka|NNC at|CCA ni|DTP Nanay|NNP Auring|NNP na|CCP tagagawa|NNC ng|CCB walis|NNC tingting|NNC .|PMP
"
1452,"Sila|PRP ay|LM nakatira|VBTS sa|CCT malayong|JJD_CCP lugar|NNC ng|CCB Sitio|NNP Kalubihan|NNP kung|CCR kaya|CCR minsan|RBW lang|RBI sila|PRP makapunta|VBW ng|CCB bayan|NNC .|PMP
"
1453,"Isang|PRI_CCP araw|NNC bago|RBW ang|DTC Bagong|NNP_CCP Taon|NNC ,|PMC isinama|VBOF si|DTP Tikboy|NNP ng|CCB kaniyang|PRSP_CCP ama|NNC at|CCA ina|NNC sa|CCT palengke|NNC para|CCT bumili|VBAF ng|CCB mga|DTCP kailangan|VBS sa|CCT kanilang|PRSP_CCP bahay|NNC .|PMP
"
1454,"Habang|RBW nag|CDB -|PMS iikot|VBTF sila|PRP sa|CCT palengke|NNC ,|PMC nakita|VBTS ni|DTP Tikboy|NNP ang|DTC iba|PRI ’|PMS t|NNCA ibang|PRI_CCP mga|DTCP laruan|NNC .|PMP
"
1455,"May|VBH narinig|VBTS siyang|PRS_CCP tunog|NNC na|CCP nagpalingon|VBTS sa|CCT kaniya|PRSP :|PMS isang|PRI_CCP torotot|NNC na|CCP hinihipan|VBTR ng|CCB nagtitinda|VBTR .|PMP  
"
1456,"""|PMS Noy|NNP ,|PMC gusto|VBS mo|PRS ?|PMQ  
"
1457,"""|PMS sabi|VBS ng|CCB nagtitinda|VBTR .|PMP  
"
1458,"""|PMS Subukan|VBOF mo|PRS ,|PMC Noy|NNP ""|PMS Iniabot|VBTS niya|PRS iyon|PRO kay|DTP Tikboy|NNP .|PMP
"
1459,"Tumingin|VBAF si|DTP Tikboy|NNP sa|CCT kaniyang|PRSP_CCP tatay|NNC at|CCA nanay|NNC na|CCP tila|RBM ba|RBI nagsusumamo|VBTS na|CCP bilhan|VBOF siya|PRS ng|CCB totorot|NNC .|PMP
"
1460,"Ngunit|CCT may|VBH ibinulong|VBOF ang|DTC nanay|NNC sa|CCT kaniya|PRSP .|PMP  
"
1461,"""|PMS Tikboy|NNP ,|PMC sa|CCT susunod|VBTF na|RBI lang|RBI tayo|PRP bibili|VBTF ng|CCB torotot|NNC .|PMP
"
1462,"Baka|NNP kasi|CCR kulangin|VBOF ang|DTC pera|NNC natin|PRP para|CCT pamasahe|NNC pauwi|NNC .|PMP ""|PMS  
"
1463,"""|PMS Opo|NNP ,|PMC Nanay|NNP ,|PMC ""|PMS agad|RBD na|CCP sagot|NNC ni|DTP Tikboy|NNP na|CCP nagpipigil|VBTS sa|CCT pag|CCR -|PMS iyak|NNC .|PMP
"
1464,"Paalis|NNP na|CCP sila|PRP ng|CCB tindahan|NNC ngunit|CCT hindi|RBF pa|RBI rin|RBI naaalis|VBTR ang|DTC paningin|NNC ni|DTP Tikboy|NNP sa|CCT tindahan|NNC ng|CCB torotot|NNC .|PMP
"
1465,"Nang|RBW sila|PRP ay|LM pauwi|JJD na|RBI ,|PMC nadaanan|VBTS nila|PRP ang|DTC mga|DTCP bata|NNC mula|RBL sa|CCT kabilang|CCB baryo|NNC na|CCP nagkakatuwaan|VBTR habang|RBW nagpapasahan|VBTR ng|CCB bolang|NNC_CCP yari|VBS sa|CCT dahon|NNC ng|CCB niyog|NNC .|PMP  
"
1466,"""|PMS ’|PMS Tay|NNC ,|PMC saan|PRQ po|RBS kaya|CCR nila|PRP binili|VBOF ang|DTC laruan|NNC nila|PRP ?|PMQ  
"
1467,"""|PMS tanong|NNC ni|DTP Tikboy|NNP .|PMP  
"
1468,"""|PMS Bakit|PRQ ,|PMC Tikboy|NNP ,|PMC gusto|VBS mo|PRS ba|RBI ang|DTC ganyang|PRC_CCP laruan|NNC ?|PMQ  
"
1469,"""|PMS tanong|NNC ni|DTP ’|NNP Tay|NNP Kanor|NNP .|PMP  
"
1470,"""|PMS Opo|PRS sana|VBS ,|PMC ’|PMS Tay|NNC ,|PMC pero|CCT mas|JJCC gusto|VBS ko|PRS po|RBS sana|VBS yung|PRO laruan|NNC na|CCP nakita|VBTS ko|PRS sa|CCT bayan|NNC .|PMP
"
1471,"’|PMS Yun|PRO pong|RBW_CCP tumutunog|VBTR_VBAF ,|PMC Tay|NNC .|PMP
"
1472,"Gustung|NNP -|PMS gusto|VBS ko|PRS po|RBS ang|DTC tunog|NNC ng|CCB laruang|NNC_CCP iyon|PRO ,|PMC ""|PMS sagot|NNC ni|DTP Tikboy|NNP .|PMP  
"
1473,"""|PMS A|NNP ,|PMC ang|DTC torotot|NNC ?|PMQ  
"
1474,"""|PMS nakangiting|VBTR_CCP sagot|NNC ng|CCB ama|NNC .|PMP
"
1475,"Pagdating|VBW nila|PRP ng|CCB bahay|NNC ,|PMC agad|RBD na|CCP nagpaalam|VBTS si|DTP Tikboy|NNP sa|CCT kaniyang|PRSP_CCP mga|DTCP magulang|NNC na|CCP maglalaro|VBTF sa|CCT mga|DTCP kaibigan|NNC sa|CCT kabilang|JJD_CCP bahay|NNC .|PMP
"
1476,"Masayang|RBD_CCP ikinuwento|VBTS_VBOF ni|DTP Tikboy|NNP sa|CCT mga|DTCP kalaro|NNC ang|DTC mga|DTCP laruang|NNC_CCP nakita|VBTS niya|PRS sa|CCT bayan|NNC .|PMP  
"
1477,"""|PMS Sana|VBS mayroon|VBH din|RBI tayong|PRP_CCP laruan|NNC kagaya|JJC niyon|PRO ,|PMC ano|PRQ ?|PMQ  
"
1478,"""|PMS sabi|VBS ng|CCB isa|PRI sa|CCT mga|DTCP kalaro|NNC ni|DTP Tikboy|NNP .|PMP  
"
1479,"""|PMS Sabi|VBS ni|DTP Nanay|NNP ,|PMC bibilhan|VBTF niya|PRS ako|PRS pagbalik|VBW namin|PRP sa|CCT bayan|NNC .|PMP
"
1480,"Hayaan|VBOF ninyo|PRP .|PMP
"
1481,"Pahihiramin|NNP ko|PRS kayo|PRP kapag|CCR nakabili|VBTS na|CCP kami|PRP ,|PMC ""|PMS pangako|NNC ni|DTP Tikboy|NNP .|PMP
"
1482,"Malapit|JJD na|CCP ang|DTC takipsilim|NNC nang|RBW umuwi|VBAF si|DTP Tikboy|NNP .|PMP
"
1483,"Nakita|VBTS niya|PRS ang|DTC kaniyang|PRSP_CCP nanay|NNC na|CCP nagbibigkis|VBTS ng|CCB walis|NNC tingting|NNC sa|CCT kanilang|PRSP_CCP bahay|NNC .|PMP  
"
1484,"""|PMS ’|PMS Nay|NNC ,|PMC saan|PRQ po|RBS si|DTP Tatay|NNP ?|PMQ ""|PMS  
"
1485,"""|PMS Nangungulekta|VBTR na|RBI ng|CCB tuba|NNC ang|DTC Tatay|NNC mo|PRS dahil|CCR takipsilim|NNC na|CCP ,|PMC ""|PMS sagot|NNC ni|DTP Nanay|NNP Auring|NNP .|PMP
"
1486,"Pinuntahan|VBTS ni|DTP Tikboy|NNP ang|DTC ama|NNC .|PMP  
"
1487,"""|PMS ’|PMS Tay|NNC !|PMS  
"
1488,"""|PMS tawag|VBS niya|PRS sa|CCT ama|NNC .|PMP ""|PMS  
"
1489,"""|PMS Anak|NNP ,|PMC nandito|VBTS pa|RBI ako|PRS sa|CCT ibabaw|NNC ng|CCB niyog|NNC ,|PMC ""|PMS sagot|NNC ni|DTP Tatay|NNP Kanor|NNP .|PMP
"
1490,"Sa|CCT kaniyang|PRSP_CCP pagbaba|NNC ,|PMC may|VBH bitbit|NNC si|DTP ’|NNP Tay|NNP Kanor|NNP na|CCP dahon|NNC ng|CCB niyog|NNC .|PMP  
"
1491,"""|PMS Halika|NNP na|CCP ,|PMC umuwi|VBAF na|CCP tayo|PRP ,|PMC ""|PMS sabi|VBS ni|DTP ’|NNP Tay|NNP Kanor|NNP .|PMP  
"
1492,"""|PMS Tay|NNP ,|PMC ano|PRQ po|RBS ang|DTC gagawin|VBTF niyo|PRP sa|CCT dahon|NNC ng|CCB niyog|NNC ?|PMQ  
"
1493,"""|PMS nagtatakang|VBTR tanong|NNC ni|DTP Tikboy|NNP .|PMP  
"
1494,"""|PMS Pagdating|VBW natin|PRP sa|CCT bahay|NNC ,|PMC ipapakita|VBTF ko|PRS sa|CCT iyo|PRSP ,|PMC ""|PMS masayang|JJD_CCP sagot|NNC ni|DTP ’|NNP Tay|NNP Kanor|NNP .|PMP
"
1495,"Pagdating|VBW nila|PRP ng|CCB bahay|NNC ,|PMC agad|RBD na|CCP itinupi|VBTS -|PMS tupi|NNC ni|DTP ’|NNP Tay|NNP Kanor|NNP ang|DTC dahon|NNC ng|CCB niyog|NNC .|PMP
"
1496,"Nanlaki|VBTS ang|DTC mga|DTCP mata|NNC ni|DTP Tikboy|NNP nang|RBW makita|VBW na|CCP naging|VBTS bola|NNC ang|DTC mga|DTCP dahon|NNC na|CCP itinupi|VBTS -|PMS tupi|NNC ng|CCB kaniyang|PRSP_CCP ama|NNC .|PMP  
"
1497,"""|PMS Sobrang|JJCS_CCP ganda|NNC nito|PRO ,|PMC ’|CDB Tay|NNC .|PMP ""|PMS  
"
1498,"""|PMS Sandali|RBW lang|RBI ha|NNCA ,|PMC may|VBH isa|PRI pa|RBI akong|PRS_CCP gagawin|VBTF ,|PMC anak|NNC ,|PMC ""|PMS sabi|VBS ni|DTP ’|NNP Tay|NNP Kanor|NNP .|PMP
"
1499,"Pumutol|VBAF ng|CCB isang|PRI_CCP maiksing|JJD_CCP dahon|NNC si|DTP Tatay|NNP Kanor|NNP at|CCA tinupi|VBOF ito|PRO .|PMP
"
1500,"Pinuluputan|VBTR niya|PRS ito|PRO ng|CCB isa|PRI pang|RBI_CCP dahon|NNC hanggang|RBW sa|CCT lumaki|VBAF ang|DTC hugis|NNC bilog|NNC nito|PRO at|CCA saka|CCA tinusukan|VBTS ng|CCB tingting|NNC sa|CCT dulo|NNC .|PMP  
"
1501,"""|PMS Heto|NNP na|CCP ,|PMC anak|NNC .|PMP
"
1502,"Natapos|VBTS ko|PRS na|CCP ang|DTC isa|PRI ,|PMC ""|PMS sabi|VBS ni|DTP ’|NNP Tay|NNP Kanor|NNP habang|RBW iniaabot|VBTR ang|DTC dahon|NNC ng|CCB niyog|NNC kay|DTP Tikboy|NNP .|PMP  
"
1503,"""|PMS Ano|PRQ po|RBS ito|PRO ,|PMC ’|PMS Tay|NNC ?|PMQ  
"
1504,"""|PMS tanong|NNC ni|DTP Tikboy|NNP .|PMP  
"
1505,"""|PMS Ihipan|NNP mo|PRS ,|PMC ""|PMS sabi|VBS ng|CCB kaniyang|PRSP_CCP ama|NNC .|PMP
"
1506,"Nang|RBW hinipan|VBTS ni|DTP Tikboy|NNP ang|DTC ginawa|VBOF ng|CCB kaniyang|PRSP_CCP Tatay|NNC ,|PMC tumunog|VBAF ito|PRO .|PMP
"
1507,"Ang|DTC tunog|NNC ay|LM kagaya|JJC ng|CCB torotot|NNC sa|CCT palengke|NNC .|PMP
"
1508,"Ang|DTC saya|NNC -|PMS saya|NNC ni|DTP Tikboy|NNP .|PMP  
"
1509,"""|PMS Tay|NNP !|PMS
"
1510,"Parehong|JJC_CCP -|PMS pareho|JJC po|RBS ang|DTC tunog|NNC nito|PRO sa|CCT torotot|NNC doon|PRL sa|CCT bayan|NNC !|PMS
"
1511,"May|VBH torotot|NNC din|RBI pala|NNC sa|CCT niyogan|NNC ?|PMQ ""|PMS  
"
1512,"""|PMS Oo|RBT naman|RBI anak|NNC ,|PMC may|VBH bola|NNC pa|RBI nga|RBI eh|NNCA .|PMP
"
1513,"Sa|CCT katunayan|NNC ,|PMC marami|PRI pa|RBI tayong|PRP_CCP maaring|RBM magawa|VBW mula|RBL sa|CCT dahon|NNC ng|CCB niyog|NNC ,|PMC ""|PMS dugtong|NNC ni|DTP ’|NNP Tay|NNP Kanor|NNP .|PMP
"
1514,"Pumapalakpak|VBTR_VBAF si|DTP Tikboy|NNP sa|CCT sobrang|JJCS_CCP tuwa|NNC .|PMP  
"
1515,"""|PMS ’|PMS Tay|NNC ,|PMC turuan|VBOF niyo|PRP po|RBS ako|PRS para|CCT may|VBH laruan|NNC po|RBS kami|PRP ng|CCB mga|DTCP kaibigan|NNC ko|PRS .|PMP  
"
1516,"""|PMS Nang|RBW sumunod|VBAF na|CCP araw|NNC ,|PMC tinuruan|VBTS ni|DTP Tikboy|NNP ang|DTC kaniyang|PRSP_CCP mga|DTCP kalaro|NNC kagaya|JJC ng|CCB itinuro|VBTS ng|CCB kaniyang|PRSP_CCP ama|NNC sa|CCT paggawa|NNC ng|CCB torotot|NNC .|PMP
"
1517,"Maraming|PRI_CCP torotot|NNC ang|DTC kanilang|PRSP_CCP nagawa|VBTS at|CCA ipinamigay|VBTS ito|PRO sa|CCT mga|DTCP kapitbahay|NNC .|PMP
"
1518,"Masayang|RBD_CCP sinalubong|VBOF ng|CCB mga|DTCP taga|JJD Sitio|NNP Kalubihan|NNP ang|DTC bagong|JJD_CCP taon|NNC .|PMP
"
1519,"Ang|DTC tunog|NNC ng|CCB mga|DTCP torotot|NNC na|CCP ginawa|VBOF mula|RBW sa|CCT dahon|NNC ng|CCB niyog|NNC ay|LM malakas|JJD na|CCP naririnig|VBTR hanggang|RBW sa|CCT karatig|JJD sitio|NNC .|PMP
"
1520,"""|PMS Awooo|NNP …|PMS Awooo|NNP …|PMS Awooo|NNP …|PMS ""|PMS pananakot|NNC ni|DTP Bonong|NNP habang|RBW nagtatago|VBTR siya|PRS sa|CCT likod|NNC ng|CCB bakod|NNC ng|CCB eskuwelahan|NNC nila|PRP .|PMP
"
1521,"Di|RBF niya|PRS mapigilang|RBD_CCP di|RBF matawa|VBW sa|CCT mga|DTCP taong|NNC_CCP dumadaan|VBTR_VBAF na|CCP nasisindak|VBTS niya|PRS .|PMP  
"
1522,"""|PMS Bonong|NNP !|PMS
"
1523,"Umuwi|VBAF ka|PRS nga|RBI sa|CCT inyo|PRSP !|PMQ
"
1524,"Wag|RBF mo|PRS nang|RBW hintayin|VBOF na|CCP maengkanto|VBW ka|PRS riyan|NNC !|PMS  
"
1525,"""|PMS pananakot|NNC na|CCP saway|NNC ni|DTP Yoyo|NNP Ondoy|NNP na|CCP kanina|RBW pa|RBI pala|NNC siya|PRS pinapanood|VBTR at|CCA lang|RBI malapit|JJD lang|RBI ang|DTC bahay|NNC niya|PRS sa|CCT eskuwelahan|NNC .|PMP  
"
1526,"""|PMS Di|RBF naman|RBI po|RBS ’|PMS yan|PRO totoo|RBT .|PMP
"
1527,"Nagbibiro|VBTR lang|RBI naman|RBI po|RBS ako|PRS ,|PMC ""|PMS sagot|NNC ni|DTP Bonong|NNP na|CCP napakamot|JJCS_JJD ng|CCB ulo|NNC sabay|RBD lakad|NNC pauwi|NNC sa|CCT kanila|PRSP .|PMP
"
1528,"Kinaumagahan|NNP ,|PMC pagpasok|NNC ni|DTP Bonong|NNP sa|CCT klasrum|NNC ,|PMC kaagad|RBD niyang|PRS_CCP nilapitan|VBTS ang|DTC mga|DTCP kaibigan|NNC niya|PRS .|PMP  
"
1529,"""|PMS Ano|PRQ ang|DTC pinaggagawa|VBTR_VBRF ninyo|PRP sa|CCT miyural|NNC ni|DTP Ma’am|NNP France|NNP ?|PMQ  
"
1530,"""|PMS tanong|NNC ni|DTP Bonong|NNP .|PMP  
"
1531,"""|PMS Pinapaganda|VBTR lang|RBI namin|PRP itong|PRO_CCP miyural|NNC ni|DTP Ma’am|NNP France|NNP .|PMP
"
1532,"Tingnan|VBOF mo|PRS itong|PRO_CCP tikbalang|NNC na|CCP ginawa|VBOF ko|PRS ,|PMC naabot|VBTS na|RBI itong|PRO_CCP kalapati|NNC ,|PMC ""|PMS sagot|NNC ni|DTP King|NNP na|CCP pilit|RBD itong|PRO_CCP inaabot|VBTR .|PMP
"
1533,"Nagbabalanse|VBTS siya|PRS sa|CCT upuan|NNC at|CCA itinuturo|VBTR ang|DTC napakalaking|JJCS_JJD_CCP drowing|FW .|PMP  
"
1534,"""|PMS Mas|JJCC mabagsik|JJD itong|PRO_CCP tiktik|NNC na|CCP ginawa|VBOF ko|PRS ,|PMC nasasaklot|VBTR itong|PRO_CCP prinsesa|NNC sa|CCT miyural|FW !|PMS  
"
1535,"""|PMS pabirong|JJD_CCP sabi|VBS ni|DTP Yayo|NNP .|PMP  
"
1536,"""|PMS Teka|NNP lang|RBI ,|PMC ""|PMS sabat|NNC ni|DTP Cocoy|NNP .|PMP  
"
1537,"""|PMS Di|RBF ko|PRS ipapatalo|VBOF itong|PRO_CCP duwende|NNC na|CCP hinihigaan|VBTR itong|PRO_CCP mga|DTCP bulaklak|NNC !|PMS  
"
1538,"""|PMS sabat|NNC naman|RBI ni|DTP Cocoy|NNP na|CCP itinuturo|VBTR ang|DTC drowing|FW .|PMP
"
1539,"Naengganyo|VBTS si|DTP Bonong|NNP at|CCA gumuhit|VBAF din|RBI sa|CCT dingding|NNC .|PMP  
"
1540,"""|PMS Tingnan|VBOF ninyo|PRP ,|PMC ulalo|JJD itong|PRO_CCP dinrowing|NNC_CCP ko|PRS ,|PMC ""|PMS bida|NNC ni|DTP Bonong|NNP .|PMP
"
1541,"Masaya|NNP silang|PRP_CCP gumuhit|VBAF sa|CCT dingding|NNC kahit|CCT tadtad|JJD na|CCP ang|DTC mga|DTCP mukha|NNC at|CCA kamay|NNC nila|PRP ng|CCB sari|NNC -|PMS saring|PRI_CCP kulay|NNC ng|CCB krayola|NNC .|PMP
"
1542,"Saka|CCA sinabi|VBTS ni|DTP King|NNP ,|PMC ""|PMS May|VBH aswang|NNC_CCP daw|RBI dito|PRL sa|CCT eskuwelahan|NNC .|PMP
"
1543,"Totoo|RBT ba|RBI ,|PMC Bonong|NNC_CCP ?|PMQ ""|PMS  
"
1544,"""|PMS Tiyak|RBD akong|PRS_CCP alam|VBS mo|PRS ’|PMS yan|PRO dahil|CCR diyan|PRL lang|RBI naman|RBI sa|CCT likuran|NNC ang|DTC bahay|NNC ninyo|PRP ,|PMC ""|PMS sabi|VBS ni|DTP Yayo|NNP nang|CCB walang|VBN_CCP pag|CCR -|PMS aalinlangan|VBTF .|PMP
"
1545,"Di|RBF mapigilan|VBW ni|DTP Bonong|NNP na|CCP tumawa|VBAF na|CCP lubhang|JJCS_CCP napaluluha|VBTS .|PMP
"
1546,"Nakakahalata|VBTR na|CCP sana|VBS ang|DTC mga|DTCP kaibigan|NNC niya|PRS ,|PMC kaso|CCR dumating|VBAF na|CCP ang|DTC guro|NNC nila|PRP sa|CCT Filipino|NNP .|PMP
"
1547,"Kinagabihan|NNP ,|PMC nang|RBW malamig|JJD na|CCP ang|DTC gabi|NNC ,|PMC tumakas|VBAF si|DTP Bonong|NNP sa|CCT lolo|NNC at|CCA lola|NNC niya|PRS na|CCP si|DTP Amay|NNP Inday|NNP at|CCA si|DTP Yoyo|NNP Undo|NNP .|PMP
"
1548,"Kumakaripas|NNP ng|CCB takbo|NNC ang|DTC mga|DTCP taong|NNC_CCP dumadaan|VBTR_VBAF mula|RBL kamarin|NNC .|PMP
"
1549,"Sa|CCT sobrang|JJCS_CCP pagnanais|VBW na|CCP magbiro|VBW ,|PMC di|RBF niya|PRS napansin|VBTS na|CCP hatinggabi|RBW na|CCP pala|NNC .|PMP
"
1550,"Hanggang|RBW sa|CCT ,|PMC ""|PMS Neey|FW …|FW Neeeeey|FW …|FW Neeeeeeeeeeeeey|FW .|PMP  
"
1551,"""|PMS Di|RBF siya|PRS makapaniwala|VBW dahil|CCR alam|VBS niyang|PRS_CCP wala|VBN namang|RBI_CCP kabayo|NNC sa|CCT loob|NNC ng|CCB eskuwelahan|NNC .|PMP  
"
1552,"""|PMS Meron|VBH kaya|CCR dito|PRL sa|CCT aking|PRSP_CCP nanunukso|VBTS ?|PMQ  
"
1553,"""|PMS sabi|VBS ni|DTP Bonong|NNP sa|CCT sarili|NNC .|PMP  
"
1554,"""|PMS King|NNP ?|PMQ
"
1555,"Ikaw|NNP ’|CDB yan|PRO ,|PMC di|RBF ba|RBI ?|PMQ  
"
1556,"""|PMS nagdududang|VBTS_CCP tanong|NNC ni|DTP Bonong|NNP .|PMP
"
1557,"Kahit|CCT nakatatakot|JJD na|CCP ,|PMC hinanap|VBTS niya|PRS ang|DTC pinanggagalingan|VBTR ng|CCB tunog|NNC .|PMP  
"
1558,"""|PMS Yayo|NNP ?|PMQ
"
1559,"Cocoy|NNP ?|PMQ
"
1560,"Kayo|NNP ba|FW ’|PMS yan|PRO ?|PMQ  
"
1561,"""|PMS takot|NNC naman|RBI na|CCP tanong|NNC ni|DTP Bonong|NNP na|CCP luminga|VBTS_VBAF -|PMS linga|NNC .|PMP
"
1562,"<span style=""color: rgb(,,); font-size: 16px;"">|JJN </span>|FW Nang|RBW makarating|VBW si|DTP Bonong|NNP sa|CCT klasrum|NNC nila|PRP ,|PMC sumilip|VBAF siya|PRS sa|CCT sirang|JJD_CCP bintana|NNC .|PMP  
"
1563,"""|PMS Ang|DTC mga|DTCP drowing|FW sa|CCT miyural|FW ni|DTP Ma’am|NNP France|NNP ay|LM nabubuhay|VBTR kung|CCR gabi|RBW !|PMS  
"
1564,"""|PMS pabulong|JJD na|CCP sabi|VBS ni|DTP Bonong|NNP sa|CCT sarili|NNC habang|RBW namamangha|VBTR sa|CCT nakikita|VBTR .|PMP
"
1565,"Merong|VBH_CCP sumasayaw|VBTR na|CCP bulaklak|NNC ,|PMC nagkakantahang|VBTR_CCP mga|DTCP ibon|NNC ,|PMC at|CCA mga|DTCP prinsesang|NNC_CCP naghaharutan|VBTR .|PMP
"
1566,"Ngunit|CCT ang|DTC pagkatuwa|VBW niya|PRS ay|LM napalitan|VBTS ng|CCB takot|NNC .|PMP
"
1567,"Bigla|NNP -|PMS bigla|NNC ,|PMC lumitaw|VBAF ang|DTC mga|DTCP ginuhit|VBOF nila|PRP .|PMP
"
1568,"Kumaripas|NNP ng|CCB takbo|NNC ang|DTC tikbalang|NNC ,|PMC ""|PMS ""|PMS Neeeey|NNP ...|PMS Neeeeey|NNP ...|PMS Neeeeeeey|NNP …|PMS ""|PMS Kaya|CCR natahimik|VBTR ang|DTC lahat|PRI .|PMP  
"
1569,"""|PMS Tigsik|NNP ko|PRS itong|PRO_CCP si|DTP ara|NNP -|PMS alas|FW -|PMS dose|FW Kung|CCR bumukadkad|VBTR_VBAF ay|LM ubod|JJD ng|CCB tamad|JJD ,|PMC tse|FW !|PMS
"
1570,"Tinalo|VBOF pa|RBI niya|PRS sina|DTPP Sampaguita|NNP Akala|NNP ko|PRS tuloy|JJD isang|PRI_CCP damo|NNC siya|PRS ""|PMS ""|PMS Neeeey|NNP …|PMS Neeeeey|NNP …|PMS Neeeeeeey|NNP …|PMS ""|PMS labis|JJCS na|CCP sinisikad|VBTR ang|DTC paa|NNC sa|CCT kasiyahan|NNC .|PMP
"
1571,"Napikon|VBTS ang|DTC prinsesa|NNC kaya|CCR sinagot|VBTS niya|PRS ang|DTC unglo|NNC ,|PMC ""|PMS Tigsik|RBD itong|PRO_CCP di|RBF -|PMS papatalong|NNC_CCP unglo|FW Ang|DTC talim|NNC -|PMS talim|NNC na|CCP ng|CCB kaniyang|PRSP_CCP nguso|NNC Paratang|NNC sa|CCT amin|PRSP ay|LM kung|RBK ano|RBQ -|PMS ano|PRQ Kanina|PRI pa|RBI kami|PRP ,|PMC huli|RBW na|CCP po|RBS kayo|PRP ""|PMS Tumayo|VBAF ang|DTC duwende|NNC sa|CCT upuan|NNC upang|CCB makita|VBW ,|PMC tumayo|VBAF siya|PRS nang|RBW napakatuwid|JJCS_JJD upang|CCB magmukhang|VBW_CCP matangkad|JJD .|PMP  
"
1572,"""|PMS Tigsik|NNP ko|PRS kayong|PRO_CCP mga|DTCP pabebe|FW Hello|NNP ?|PMQ
"
1573,"Nagbibiruan|VBTR lang|RBI kami|PRP Pwede|RBT pa|RBI naman|RBI kayong|PRO_CCP sumali|VBAF Ayaw|RBF ’|CDB nyo|NNCA ?|PMQ
"
1574,"Hala|NNP !|PMS
"
1575,"edi|RBF mag|VBW -|PMS impake|FW ""|PMS Sabay|NNC -|PMS sabay|RBD na|CCP nagsalita|VBTS ang|DTC mga|DTCP nilalang|NNC upang|CCB madepensahan|VBW ang|DTC grupo|NNC nila|PRP .|PMP  
"
1576,"""|PMS Tabi|NNP tabi|NNC po|RBS !|PMS  
"
1577,"""|PMS malakas|JJD na|CCP sabi|NNC ng|CCB kalapati|NNC kaya|CCR tumahimik|VBAF naman|RBI ,|PMC habang|RBW lumilipad|VBTR_VBAF sa|CCT malapit|JJD sa|CCT bombilya|NNC ,|PMC inayos|VBOF muna|RBI ang|DTC buhok|NNC sabay|RBD kindat|VBOF saka|CCA nagtigsik|VBTS din|RBI .|PMP  
"
1578,"""|PMS Tigsik|NNP ko|PRS rin|RBI itong|PRO_CCP si|DTP Kikik|NNP Layo|NNP ng|CCB hagikhik|NNC sa|CCT kikik|FW Binintangan|NNP pa|RBI ’|PMS kong|PRS_CCP nandagit|VBTS Ang|DTC pogi|FW po|RBS ,|PMC di|RBF nananakit|VBTR ""|PMS Habang|RBW namamangha|VBTR si|DTP Bonong|NNP at|CCA napapaisip|VBTR kung|CCR totoo|RBT ang|DTC nakikita|VBTR niya|PRS …|PMS ""|PMS Pakiusap|NNC ,|PMC makikiraan|VBW ,|PMC ""|PMS tamad|JJD na|CCP sabi|NNC ng|CCB ulalo|NNC .|PMP
"
1579,"Naitulak|VBTS ng|CCB ulalo|NNC si|DTP Bonong|NNP papunta|RBL sa|CCT gilid|JJD .|PMP
"
1580,"Doon|PRL nakumpirma|VBTS ni|DTP Bonong|NNP na|CCP totoo|RBT ang|DTC mga|DTCP nakikita|VBTR niya|PRS .|PMP
"
1581,"Tinulungan|VBOF niyang|PRS_CCP maitulak|VBW papasok|VBTF ang|DTC ulalo|NNC dahil|CCR sa|CCT mabagal|JJD nitong|PRO_CCP sinisiksik|VBTR ang|DTC sarili|NNC sa|CCT bintana|NNC .|PMP
"
1582,"Habang|RBW nagsasalita|VBTR ang|DTC dalawa|CDB ,|PMC patuloy|JJD pa|RBI rin|RBI talaga|RBT ang|DTC pagbabangayan|NNC ng|CCB dalawang|JJN_CCP grupo|NNC .|PMP
"
1583,"Hanggang|RBW sa|CCT sumikat|VBAF na|CCP ang|DTC araw|NNC nang|RBW sila|PRP ay|LM sabay|RBD -|PMS sabay|RBD na|CCP nawala|VBTS .|PMP
"
1584,"Nalulungkot|VBTR at|CCA nagnilay|VBTR -|PMS nilay|VBTS si|DTP Bonong|NNP pauwi|NNC .|PMP  
"
1585,"""|PMS Kasalanan|NNP mo|PRS kaya|CCR ’|PMS t|NNCA nagtatalo|VBTR sila|PRP ,|PMC ""|PMS sabi|VBS niya|PRS ,|PMC sabay|RBD hinga|RBD ng|CCB malalim|JJD .|PMP
"
1586,"Nang|RBW Biyernes|NNP na|CCP umaga|RBW ,|PMC pagkarating|VBW ni|DTP Bonong|NNP sa|CCT klasrum|NNC ,|PMC ay|LM sinimulan|VBTS na|CCP niyang|PRS_CCP alisin|VBOF ang|DTC kanilang|PRSP_CCP mga|DTCP guhit|NNC sa|CCT miyural|NNC ni|DTP Ma’am|NNP France|NNP .|PMP
"
1587,"Matagal|JJD na|CCP palang|NNC nagmamasid|VBTR si|DTP Ma’am|NNP France|NNP ,|PMC at|CCA lumapit|VBAF ito|PRO sa|CCT kaniya|PRSP at|CCA nagtanong|VBTS ,|PMC ""|PMS Bakit|PRQ mo|PRS sila|PRP binubura|VBTR ?|PMQ ""|PMS  
"
1588,"""|PMS Mali|NNP po|RBS ang|DTC ginawa|VBOF namin|PRP ,|PMC Ma’am|NNC ,|PMC ""|PMS sagot|NNC ni|DTP Bonong|NNP na|CCP umiiyak|VBTR_VBAF sa|CCT lungkot|NNC .|PMP
"
1589,"Sagot|NNC ni|DTP Ma’am|NNP France|NNP ,|PMC ""|PMS May|VBH potensiyal|JJD kayo|PRP sa|CCT pagguhit|NNC ,|PMC ngunit|CCT di|RBF ninyo|PRP ginawa|VBOF sa|CCT tamang|JJD_CCP lugar|NNC .|PMP
"
1590,"Ano|PRQ man|RBI ang|DTC intensiyon|NNC kahit|CCT ito|PRO ay|LM mabuti|JJD ,|PMC kung|CCR wala|VBN sa|CCT lugar|NNC ay|LM wala|VBN ring|RBI_CCP silbi|NNC .|PMP
"
1591,"Diyan|NNP naman|RBI kayo|PRP sa|CCT kabilang|JJD_CCP dingding|NNC ,|PMC diyan|PRL ninyo|PRP ilipat|VBOF ang|DTC mga|DTCP ginuhit|VBOF ninyo|PRP .|PMP  
"
1592,"""|PMS Mula|RBW noon|RBW ay|LM payapa|JJD nang|RBD kumakanta|VBTR_VBAF ng|CCB hele|FW ang|DTC mga|DTCP drowing|FW sa|CCT miyural|FW habang|RBW nagkaroon|VBTS ng|CCB bago|JJD at|CCA malawak|JJD na|CCP palaruan|NNC ang|DTC mga|DTCP guhit|NNC .|PMP
"
1593,"Napakamapagmasid|VBTS ni|DTP Kakay|NNP sa|CCT mga|DTCP bagay|NNC -|PMS bagay|NNC kahit|CCT pitong|JJN_CCP taon|NNC pa|RBI lamang|RBI siya|PRS .|PMP
"
1594,"Iniidolo|VBTS kasi|CCR niya|PRS si|DTP Sherlock|NNP Holmes|NNP .|PMP
"
1595,"At|CCA ginagaya|VBTR niya|PRS ito|PRO .|PMP
"
1596,"Libot|NNP siya|PRS ng|CCB libot|FW doon|PRL sa|CCT kapitbahayan|NNC nila|PRP ,|PMC bitbit|JJD ang|DTC magnifying|JJD_CCP glass|FW ng|CCB nakatatanda|VBTR niyang|PRS_CCP kapatid|NNC na|CCP babae|NNC at|CCA isang|PRI_CCP notebook|FW .|PMP
"
1597,"Dito|PRL niya|PRS sinusulat|VBTR ang|DTC mga|DTCP nakikita|VBTR at|CCA naoobserbahan|VBTR niya|PRS .|PMP
"
1598,"Bilang|CCT halimbawa|NNC :|PMS Setyembre|NNP ,|PMC Lunes|NNP .|PMP
"
1599,"Meron|VBH akong|PRS_CCP nakitang|VBTS_CCP maliit|JJD na|CCP itlog|NNC sa|CCT dahon|NNC ng|CCB tanim|NNC ni|DTP Inay|NNP .|PMP
"
1600,"Itlog|NNC kaya|CCR ito|PRO ng|CCB ano|PRQ ?|PMQ
"
1601,"Setyembre|NNP ,|PMC Miyerkoles|NNP .|PMP
"
1602,"Di|RBF ko|PRS pa|RBI rin|RBI talaga|RBT alam|VBS kung|CCR itlog|NNC ng|CCB anong|PRQ_CCP hayop|NNC o|CCT insekto|NNC ang|DTC narito|PRL sa|CCT dahon|NNC .|PMP
"
1603,"Setyembre|NNP ,|PMC Biyernes|NNP .|PMP
"
1604,"Napisa|NNP na|CCP ang|DTC itlog|NNC .|PMP
"
1605,"Lumabas|VBAF mula|RBW doon|PRL ang|DTC maliit|JJD na|CCP uod|NNC Setyembre|NNP ,|PMC Linggo|NNP .|PMP
"
1606,"Mabilis|RBD na|CCP lumaki|VBAF ng|CCB uod|NNC .|PMP
"
1607,"Magaling|JJD na|CCP kasi|CCR itong|PRO_CCP kumain|VBAF .|PMP
"
1608,"Kinakain|VBTR niya|PRS ang|DTC dahon|NNC na|CCP kinadidikitan|VBOF niya|PRS .|PMP
"
1609,"Setyembre|NNP ,|PMC Sabado|NNP .|PMP
"
1610,"Mas|JJCC lalo|JJCC pang|RBI_CCP lumaki|VBAF ang|DTC uod|NNC .|PMP
"
1611,"Nagpalipat|NNP -|PMS lipat|FW na|CCP siya|PRS sa|CCT iba|PRI -|PMS ibang|PRI_CCP dahon|NNC at|CCA kumain|VBAF ng|CCB marami|PRI .|PMP
"
1612,"Setyembre|NNP ,|PMC Lunes|NNP .|PMP
"
1613,"Nawala|VBTS na|RBI ang|DTC uod|NNC sa|CCT doon|PRL mga|DTCP dahon|NNC ,|PMC pero|CCT sa|CCT malapit|JJD na|CCP sanga|NNC ,|PMC meron|VBH akong|PRS_CCP nakitang|VBTS_CCP nakabitin|VBTS at|CCA nababalot|VBTR sa|CCT berdeng|JJD_CCP dahon|NNC .|PMP
"
1614,"Setyembre|NNP ,|PMC Sabado|NNP .|PMP
"
1615,"Wala|VBN namang|RBI_CCP nagbago|VBTS sa|CCT kulay|NNC berdeng|JJD_CCP bagay|NNC na|CCP nakabitin|VBTS .|PMP
"
1616,"Pareho|JJC pa|RBI rin|RBI ang|DTC itsura|NNC at|CCA ang|DTC kulay|NNC nito|PRO .|PMP
"
1617,"Setyembre|NNP ,|PMC Huwebes|NNP .|PMP
"
1618,"Wala|VBN pa|RBI ring|RBI_CCP nagbabago|VBTR sa|CCT kulay|NNC berdeng|JJD_CCP bagay|NNC na|CCP nakabitin|VBTS .|PMP
"
1619,"Ano|PRQ kaya|CCR ang|DTC nasa|RBL loob|NNC nun|NNCA ?|PMQ
"
1620,"Oktubre|NNP ,|PMC Martes|NNP .|PMP
"
1621,"Naiinip|VBTS na|CCP ako|PRS sa|CCT paghihintay|NNC kulay|NNC berdeng|JJD_CCP bagay|NNC na|CCP nakabitin|VBTS .|PMP
"
1622,"Ano|PRQ kaya|CCR ang|DTC laman|NNC nun|NNC ?|PMQ
"
1623,"Oktubre|NNP ,|PMC Biyernes|NNP .|PMP  
"
1624,"""|PMS Ah|RBJ !|PMS
"
1625,"Alam|VBS ko|PRS na|CCP ,|PMC paruparo|JJD pala|NNC ang|DTC nasa|RBL loob|NNC nung|RBW_CCP berdeng|JJD_CCP nakabitin|VBTS .|PMP
"
1626,"Nagsimula|VBTS sa|CCT itlog|NNC ,|PMC naging|VBTS uod|NNC ,|PMC at|CCA pagkalipas|VBW ng|CCB ilang|PRQ_CCP araw|NNC ang|DTC uod|NNC ay|LM naging|VBTS paruparo|RBD na|RBI ,|PMC ""|PMS manghang|VBW_CCP sabi|VBS ni|DTP Kakay|NNP .|PMP
"
1627,"Oktubre|NNP ,|PMC Lunes|NNP .|PMP
"
1628,"May|VBH napulot|VBTS na|CCP naman|RBI akong|PRS_CCP maliit|JJD na|CCP parang|CCT bato|NNC .|PMP
"
1629,"Kulay|NNP dilaw|JJD ito|PRO na|CCP napakakintab|JJCS_JJD .|PMP
"
1630,"Nang|RBW inilagay|VBOF ko|PRS ito|PRO sa|CCT palad|NNC ko|PRS ,|PMC lumipad|VBAF naman|RBI ito|PRO na|CCP parang|CCT paruparo|JJD lang|RBI .|PMP
"
1631,"""|PMS Nasa|RBL Bula|NNP na|CCP po|RBS tayo|PRP ,|PMC ""|PMS malakas|JJD na|CCP sabi|VBS ni|DTP Nanay|NNP Sula|NNP .|PMP
"
1632,"Itinigil|VBOF niya|PRS ang|DTC pagtulak|NNC sa|CCT sinasakyan|VBTR kong|PRS_CCP upuan|NNC .|PMP
"
1633,"Drayber|NNP siya|PRS sa|CCT laro|NNC namin|PRP ngayon|RBW .|PMP
"
1634,"Isang|JJN_CCP beses|NNC ,|PMC naging|VBTS magsasaka|NNC kami|PRP ni|DTP Nanay|NNP Sula|NNP .|PMP
"
1635,"Itinanim|VBTS namin|PRP ang|DTC mga|DTCP walis|NNC -|PMS tingting|NNC at|CCA inilinya|NNC .|PMP  
"
1636,"""|PMS Baka|NNP tumubo|VBAF kaagad|RBW ang|DTC mga|DTCP niyog|NNC natin|PRP ,|PMC ""|PMS sabi|VBS ko|PRS .|PMP
"
1637,"Si|DTP Nanay|NNP Sula|NNP ang|DTC mahal|JJD kong|PRS_CCP lola|NNC .|PMP
"
1638,"Masaya|NNP ang|DTC araw|NNC ko|PRS kapag|CCR kasama|CCB ko|PRS siya|PRS .|PMP
"
1639,"Paborito|NNP kong|PRS_CCP kalaro|NNC si|DTP Nanay|NNP Sula|NNP .|PMP
"
1640,"Isang|JJN_CCP beses|NNC ,|PMC naging|VBTS mangingisda|NNC kami|PRP ni|DTP Nanay|NNP Sula|NNP .|PMP
"
1641,"Biningwit|NNP namin|PRP ang|DTC mga|DTCP tsinelas|NNC sa|CCT planggana|FW .|PMP  
"
1642,"""|PMS Nakabingwit|RBD na|CCP ako|PRS ,|PMC Nanay|NNC !|PMS  
"
1643,"""|PMS sabi|VBS ko|PRS sa|CCT kaniya|PRSP .|PMP
"
1644,"Biglang|RBD_CCP itinapon|VBTS ni|DTP Nanay|NNP Sula|NNP ang|DTC pamingwit|NNC niya|PRS .|PMP  
"
1645,"""|PMS Wala|VBN na|CCP talaga|RBT akong|PRS_CCP pakinabang|NNC ,|PMC ""|PMS umiiyak|VBTR_VBAF na|CCP sinabi|VBTS niya|PRS .|PMP
"
1646,"Kinausap|VBTS siya|PRS si|DTP Mama|NNP Lita|NNP at|CCA ipinakita|VBTS ang|DTC mga|DTCP retrato|NNC nila|PRP .|PMP
"
1647,"Ang|DTC saya|NNC ni|DTP Nanay|NNP Sula|NNP kaya|CCR inalok|VBOF ko|PRS siyang|PRS_CCP magtagu|VBAF -|PMS taguan|NNC pakaalis|NNC ni|DTP Mama|NNP Lita|NNP .|PMP  
"
1648,"""|PMS Tagu|NNP -|PMS taguan|NNC ,|PMC maliwanag|JJD ang|DTC buwan|NNC ,|PMC ""|PMS kanta|NNC ko|PRS upang|CCB makatago|VBW si|DTP Nanay|NNP Sula|NNP .|PMP  
"
1649,"""|PMS Isa|PRI ,|PMC dalawa|CDB ,|PMC tatlo|CDB ,|PMC ""|PMS tinapos|VBOF ko|PRS ang|DTC kanta|NNC .|PMP
"
1650,"Hinanap|VBOF ko|PRS si|DTP Nanay|NNP Sula|NNP .|PMP
"
1651,"Pumunta|VBAF ako|PRS sa|CCT kuwarto|NNC ,|PMC sala|NNC ,|PMC at|CCA kusina|NNC .|PMP
"
1652,"Nalibot|VBTS ko|PRS na|CCP ang|DTC buong|PRI_CCP bahay|NNC pero|CCT di|RBF ko|PRS mahanap|VBW si|DTP Nanay|NNP Sula|NNP .|PMP  
"
1653,"""|PMS Ma|NNP ,|PMC di|RBF ko|PRS mahanap|VBW si|DTP Nanay|NNP Sula|NNP ,|PMC ""|PMS umiiyak|VBTR_VBAF akong|PRS_CCP nagsumbong|VBTS kay|DTP Mama|NNP Lita|NNP .|PMP
"
1654,"Di|RBF namin|PRP mahanap|VBW si|DTP Nanay|NNP Sula|NNP kaya|CCR nagpatulong|VBTS na|RBI sa|CCT mga|DTCP tanod|NNC si|DTP Mama|NNP Lita|NNP .|PMP  
"
1655,"""|PMS Bula|NNP …|CDB Bula|NNP …|CDB Bula|NNP …|CDB ""|PMS narinig|VBTS kong|PRS_CCP isinisigaw|VBTR .|PMP  
"
1656,"""|PMS Si|DTP Nanay|NNP Sula|NNP ’|CDB yon|PRO ,|PMC ""|PMS sabi|VBS ko|PRS kay|DTP Mama|NNP Lita|NNP .|PMP
"
1657,"Doon|PRL sa|CCT Crossing|NNP Bula|NNP ay|LM nagtatawag|VBTR si|DTP Nanay|NNP Sula|NNP .|PMP
"
1658,"Tumakbo|VBAF ako|PRS upang|CCB yakapin|VBOF siya|PRS .|PMP  
"
1659,"""|PMS Salamat|RBS po|RBS ,|PMC ""|PMS sabi|VBS namin|PRP ng|CCB mga|DTCP tanod|NNC na|CCP tumulong|VBAF sa|CCT amin|PRSP ni|DTP Mama|NNP Lita|NNP .|PMP
"
1660,"Pag|CCR -|PMS uwi|NNCA namin|PRP ,|PMC sinabi|VBTS ni|DTP Mama|NNP Lita|NNP na|CCP may|VBH Alzheimer|NNP ’s|FW disease|FW si|DTP Nanay|NNP Sula|NNP .|PMP
"
1661,"Sakit|NNP daw|RBI ito|PRO ng|CCB mga|DTCP tumatanda|VBTR_VBAF na|CCP tulad|JJC ni|DTP Nanay|NNP Sula|NNP .|PMP  
"
1662,"""|PMS Neurons|NNP ang|DTC nagdadala|VBTR ng|CCB mensahe|NNC sa|CCT utak|NNC natin|PRP ,|PMC Ador|NNP .|PMP
"
1663,"Neurons|NNP din|RBI ang|DTC rason|NNC kung|CCR kaya|CCR ’|PMS t|NNCA naiintindihan|VBTR natin|PRP ang|DTC mga|DTCP bagay|NNC sa|CCT paligid|NNC natin|PRP .|PMP
"
1664,"Sa|CCT mga|DTCP taong|NNC_CCP tulad|JJC ni|DTP Nanay|NNP Sula|NNP ,|PMC nasisira|VBTR at|CCA namamatay|VBTR na|CCP ang|DTC mga|DTCP neurons|FW ,|PMC ""|PMS paliwanag|NNC ni|DTP Mama|NNP Lita|NNP .|PMP  
"
1665,"""|PMS Dumarami|PRI ang|DTC mga|DTCP espasyo|NNC sa|CCT utak|NNC nila|PRP kung|CCR kaya|CCR ’|PMS t|NNCA nagiging|VBTR makakalimutin|VBTF ,|PMC di|RBF na|CCP nakakikila|VBTR ,|PMC o|CCT di|RBF kaya|CCR ’|PMS y|FW magagagalitin|VBTF na|CCP sila|PRP .|PMP
"
1666,"Kung|CCR nakalalabas|VBTS ,|PMC mahihirapan|VBTF na|CCP silang|PRP_CCP hanapin|VBOF ang|DTC daan|NNC pauwi|VBW ,|PMC ""|PMS paliwanag|NNC pa|RBI ni|DTP Mama|NNP Lita|NNP .|PMP  
"
1667,"""|PMS Kaya|CCR pala|NNC di|RBF na|CCP tinatawag|VBTR ni|DTP Nanay|NNP Sula|NNP ang|DTC pangalan|NNC ko|PRS .|PMP
"
1668,"Kaya|CCR pala|NNC bigla|JJD na|RBI lang|RBI umiiyak|VBTR_VBAF at|CCA nagagalit|VBTS si|DTP Nanay|NNP Sula|NNP .|PMP
"
1669,"Kaya|CCR pala|NNC di|RBF nakabalik|VBTS si|DTP Nanay|NNP Sula|NNP nang|RBW magtagu|VBW -|PMS taguan|NNC kami|PRP .|PMP  
"
1670,"""|PMS Marami|PRI palang|NNC_CCP nagbago|VBTS kay|DTP Nanay|NNP Sula|NNP .|PMP
"
1671,"Ngunit|CCT kahit|CCT marami|PRI ang|DTC nagbago|VBTS ,|PMC marami|PRI pa|RBI rin|RBI ang|DTC kayang|RBD_CCP gawin|VBOF ni|DTP Nanay|NNP Sula|NNP .|PMP
"
1672,"Simula|RBW noon|RBW ,|PMC nakaisip|VBTS ako|PRS ng|CCB bagong|JJD_CCP laro|NNC .|PMP
"
1673,"Tuwing|RBW umaga|RBW ,|PMC sinusuklayan|VBTR ko|PRS si|DTP Nanay|NNP Sula|NNP .|PMP
"
1674,"Pagkatapos|VBW ko|PRS siyang|PRS_CCP suklayan|NNC ,|PMC sinusuklayan|VBTR niya|PRS rin|RBI ako|PRS .|PMP  
"
1675,"""|PMS Lagi|RBW ka|PRS pong|PRO_CCP magsuklay|VBW ,|PMC Nanay|NNC ,|PMC dahil|CCR napakaganda|JJCS_JJD mo|PRS ,|PMC ""|PMS sabi|VBS ko|PRS sa|CCT kaniya|PRSP .|PMP
"
1676,"Tuwing|RBW tanghali|RBW ,|PMC weyter|FW kami|PRP ni|DTP Nanay|NNP Sula|NNP .|PMP
"
1677,"Inaayos|VBTR namin|PRP ang|DTC mga|DTCP baso|NNC ,|PMC plato|NNC at|CCA kutsara|NNC sa|CCT mesa|NNC .|PMP  
"
1678,"""|PMS Ang|DTC galing|RBL mo|PRS ,|PMC Nanay|NNC !|PMS
"
1679,"Tama|RBT ang|DTC pagkakaayos|NNC mo|PRS !|PMS  
"
1680,"""|PMS sabi|VBS ko|PRS sa|CCT kaniya|PRSP .|PMP
"
1681,"Tuwing|RBW hapon|RBW ,|PMC nagigi|VBTS kaming|PRP_CCP tagaalaga|NNC ng|CCB itik|NNC ni|DTP Nanay|NNP Sula|NNP .|PMP
"
1682,"Inililibot|VBTR namin|PRP ang|DTC mga|DTCP itik|NNC papunta|VBW sa|CCT kulungan|NNC nila|PRP .|PMP  
"
1683,"""|PMS Ang|DTC galing|RBL mo|PRS ,|PMC Nanay|NNC !|PMS
"
1684,"Napabalik|VBTS mo|PRS ang|DTC mga|DTCP itik|NNC sa|CCT kulungan|NNC nila|PRP !|PMS  
"
1685,"""|PMS sabi|VBS ko|PRS sa|CCT kaniya|PRSP .|PMP
"
1686,"Tuwing|RBW gabi|RBW ,|PMC magkukuwentuhan|VBTF kami|PRP ni|DTP Nanay|NNP Sula|NNP .|PMP
"
1687,"Kahit|CCT paulit|VBW -|PMS ulit|RBW ,|PMC nakatutuwa|VBTS pa|RBI rin|RBI ang|DTC kuwento|NNC niya|PRS .|PMP  
"
1688,"""|PMS Ang|DTC galing|RBL mo|PRS ,|PMC Nanay|NNC ,|PMC di|RBF mo|PRS ’|PMS yan|PRO nakakalimutan|VBTR ,|PMC ""|PMS sabi|VBS ko|PRS .|PMP
"
1689,"Isang|JJN_CCP beses|NNC ,|PMC tinanong|VBOF niya|PRS ako|PRS kung|RBK ano|RBQ naman|RBI ang|DTC lalaruin|VBTF namin|PRP .|PMP  
"
1690,"""|PMS Doktor|NNP naman|RBI po|RBS ,|PMC Nanay|NNC ,|PMC ang|DTC sunod|JJD ,|PMC ""|PMS sabi|VBS ko|PRS sa|CCT kaniya|PRSP .|PMP  
"
1691,"""|PMS Sa|CCT susunod|JJD ,|PMC Dok|NNP Ador|NNP na|CCP po|RBS ang|DTC itatawag|VBTF ninyo|PRP sa|CCT akin|PRSP ,|PMC ""|PMS sagot|NNC ko|PRS sa|CCT kaniya|PRSP ,|PMC ""|PMS dahil|CCR ’|PMS yon|PRO ang|DTC gusto|VBS ko|PRS paglaki|VBW ko|PRS .|PMP  
"
1692,"""|PMS Ibang|PRI_CCP klase|NNC na|CCP ang|DTC mga|DTCP laro|NNC namin|PRP ni|DTP Nanay|NNP Sula|NNP .|PMP
"
1693,"Gumaganda|NNP pa|RBI rin|RBI ang|DTC araw|NNC dahil|CCR kasama|CCB ko|PRS siya|PRS .|PMP
"
1694,"Si|DTP Nanay|NNP Sula|NNP pa|RBI rin|RBI ang|DTC paborito|NNC kong|PRS_CCP kalaro|NNC .|PMP
"
1695,"""|PMS Yohoo|FW !|PMS
"
1696,"Hanah|NNP ,|PMC lumabas|VBTS_VBAF ka|PRS na|CCP ,|PMC ang|DTC hirap|NNC mo|PRS talagang|RBT_CCP hanapin|VBOF kapag|CCR ikaw|PRS ang|DTC nagtatago|VBTR .|PMP  
"
1697,"""|PMS Aminado|JJD si|DTP Tim|NNP na|CCP hindi|RBF niya|PRS kayang|RBD_CCP hanapin|VBOF si|DTP Hanah|NNP Hunyango|NNP .|PMP  
"
1698,"""|PMS Bulaga|NNP !|PMS
"
1699,"Hahaha|NNP !|PMS
"
1700,"Nandito|VBTS lang|RBI naman|RBI ako|PRS ,|PMC di|RBF niyo|PRP ako|PRS nakikita|VBTR ?|PMQ ""|PMS  
"
1701,"""|PMS Ang|DTC daya|NNC mo|PRS naman|RBI Hanah|NNP .|PMP
"
1702,"Hindi|RBF ka|PRS niyan|PRO magiging|VBTF taya|NNC ,|PMC ""|PMS ang|DTC sabi|VBS naman|RBI ni|DTP Tor|NNP Tuko|NNP .|PMP  
"
1703,"""|PMS Ganito|PRC na|CCP talaga|RBT ako|PRS .|PMP
"
1704,"Madali|RBD kong|PRS_CCP nagagaya|VBTR ang|DTC kulay|NNC ng|CCB aking|PRSP_CCP nadidikitan|VBTR o|CCT napapatungan|VBTR .|PMP ""|PMS  
"
1705,"""|PMS Hanah|NNP ,|PMC pwede|VBS bang|RBM ikaw|PRS naman|RBI muna|RBI ang|DTC taya|NNC ,|PMC ""|PMS sabi|VBS ni|DTP Tim|NNP Tambibili|NNP .|PMP  
"
1706,"""|PMS Hmm|NNP !|PMS
"
1707,"Sige|NNP na|CCP nga|RBI ako|PRS muna|RBI ang|DTC taya|NNC ,|PMC ""|PMS ang|DTC pagpayag|NNC ni|DTP Hanah|NNP .|PMP  
"
1708,"""|PMS Pagbilang|NNP_CCP kong|PRS_CCP sampu|JJN nakatago|VBTS na|CCP kayo|PRP .|PMP
"
1709,"Isa|PRI ,|PMC dalawa|CDB ,|PMC tatlo|CDB ,|PMC apat|CDB ,|PMC lima|CDB ...|PMS Nagsitago|VBTS na|CCP ang|DTC kaniyang|PRSP_CCP mga|DTCP kalaro|NNC .|PMP  
"
1710,"""|PMS Anim|NNP ,|PMC pito|CDB ,|PMC walo|JJN ,|PMC siyam|JJN ,|PMC sampu|JJN .|PMP
"
1711,"Andyan|NNP na|CCP ako|PRS ,|PMC hahanapin|VBTF ko|PRS na|CCP kayo|PRP .|PMP ""|PMS  
"
1712,"""|PMS Saan|PRQ kaya|CCR sila|PRP nagtago|VBTS ?|PMQ  
"
1713,"""|PMS Lumukso|VBTS si|DTP Hanah|NNP sa|CCT kaliwa|JJD at|CCA pinakiramdaman|VBTS niya|PRS .|PMP  
"
1714,"""|PMS Wala|VBN sila|PRP dito|PRL .|PMP  
"
1715,"""|PMS Lumukso|VBAF naman|RBI siya|PRS sa|CCT kanan|JJD an|DTC pinakiramdaman|VBTS niya|PRS .|PMP  
"
1716,"""|PMS Wala|VBN rin|RBI sila|PRP rito|PRL .|PMP ""|PMS  
"
1717,"""|PMS Magagaling|JJD naman|RBI pala|NNC kayong|JJC tumago|NNC ,|PMC ""|PMS sabi|VBS ni|DTP Hanah|NNP Hunyango|NNP .|PMP
"
1718,"May|VBH narinig|VBTS siya|PRS sa|CCT bandang|JJD_CCP likuran|NNC .|PMP  
"
1719,"""|PMS Aha|NNP !|PMS
"
1720,"Nandiyan|VBTS lang|RBI pala|NNC kayo|PRP ,|PMC ""|PMS sabi|VBS ni|DTP Hanah|NNP sabay|RBD lingon|VBOF sa|CCT likuran|NNC .|PMP
"
1721,"Nagulat|VBTS siya|PRS sa|CCT kaniyang|PRSP_CCP nakita|VBTS .|PMP
"
1722,"Hindi|RBF alam|VBS ng|CCB kaniyang|PRSP_CCP mga|DTCP kaibigan|NNC na|CCP papunta|RBD na|CCP sa|CCT kanila|PRSP ang|DTC isang|PRI_CCP agila|NNC .|PMP  
"
1723,"""|PMS Hala|NNP !|PMS
"
1724,"Anong|PRQ_CCP gagawin|VBTF ko|PRS ?|PMQ
"
1725,"Tatago|NNP ba|FW ako|PRS o|CCT tutulungan|VBTF ko|PRS sila|PRP ?|PMQ
"
1726,"Kaya|CCR ko|PRS ba|RBI silang|PRP_CCP tulungan|VBTF_VBOF ?|PMQ  
"
1727,"""|PMS Tumalon|NNP -|PMS talon|NNC si|DTP Hanah|NNP Hunyango|NNP kaya|CCR nakuha|VBTS niya|PRS ang|DTC atensyon|NNC ng|CCB agila|NNC .|PMP
"
1728,"Papunta|VBW na|CCP ito|PRO sa|CCT kaniya|PRSP .|PMP
"
1729,"Sa|CCT ginawa|VBTS niyang|PRS_CCP ito|PRO nabigyan|VBTS ng|CCB oras|NNC na|CCP makatakbo|VBW at|CCA makatago|VBW ang|DTC dalawa|JJN niyang|PRS_CCP kaibigan|NNC .|PMP
"
1730,"Mabilis|RBD ang|DTC takbo|NNC ni|DTP Hanah|NNP Hunyango|NNP habang|RBW nakasunod|VBTS sa|CCT kaniya|PRSP ang|DTC agila|NNC .|PMP  
"
1731,"""|PMS Sige|NNP ,|PMC habol|NNC agila|NNC .|PMP
"
1732,"Hindi|RBF mo|PRS ako|PRS mahahanap|VBTF kahit|CCT maabutan|VBW mo|PRS ako|PRS !|PMS  
"
1733,"""|PMS ang|DTC malakas|JJD na|CCP loob|NNC na|CCP sabi|VBS ni|DTP Hanah|NNP sa|CCT sarili|NNC .|PMP
"
1734,"Nang|RBW malapit|JJD nang|RBW maabutan|VBW si|DTP Hanah|NNP ...|PMS ""|PMS Ooops|FW !|PMS
"
1735,"Ito|PRO na|CCP ang|DTC pagkakataon|NNC ko|PRS .|PMP  
"
1736,"""|PMS Nakakabit|VBTS si|DTP Hanah|NNP sa|CCT sanga|NNC at|CCA maayos|JJD ang|DTC pagkakayakap|VBW nito|PRO .|PMP  
"
1737,"""|PMS Ha|NNP !|PMS
"
1738,"Asan|NNP na|CCP ‘|PMS yon|PRO ?|PMQ
"
1739,"Napakabilis|VBTS niya|PRS naming|PRP_CCP makatago|VBW ,|PMC ""|PMS ang|DTC nagtatakang|VBTR sabi|VBS ng|CCB agila|NNC .|PMP
"
1740,"Ang|DTC hindi|RBF alam|VBS ng|CCB agila|NNC nandoon|RBL lang|RBI si|DTP Hanah|NNP Hunyango|NNP .|PMP
"
1741,"Ginaya|VBOF niya|PRS ang|DTC kulay|NNC ng|CCB paligid|NNC kaya|CCR di|RBF siya|PRS makita|VBW .|PMP
"
1742,"Pagod|JJD na|RBI at|CCA gutom|NNC ang|DTC agila|NNC kaya|CCR nang|RBW di|RBF niya|PRS na|CCP makanap|VBW si|DTP Hanah|NNP Hunyango|NNP ay|LM lumipad|VBAF na|CCP ito|PRO palayo|RBD .|PMP  
"
1743,"""|PMS Wheew|NNP !|PMS
"
1744,"Buti|NNP nalang|RBD_CCP nakatago|VBTS agad|RBW ako|PRS .|PMP  
"
1745,"""|PMS Lumabas|VBAF na|RBI rin|RBI ang|DTC dalawang|JJN_CCP kaibigan|NNC ni|DTP Hanah|NNP Hunyango|NNP sa|CCT pinagtataguan|VBTR_VBRF nila|PRP .|PMP  
"
1746,"""|PMS Salamat|RBS talaga|RBT Hanah|NNP dahil|CCR tinulungan|VBOF mo|PRS kami|PRP at|CCA hindi|RBF mo|PRS kami|PRP iniwan|VBOF ,|PMC ""|PMS sabi|VBS ni|DTP Tor|NNP Tuko|NNP .|PMP  
"
1747,"""|PMS Ngayon|RBW alam|VBS na|CCP namin|PRP na|CCP malaking|JJD_CCP tulong|NNC ang|DTC kakayahan|NNC mong|PRS_CCP magbagong|JJD_CCP kulang|NNC .|PMP
"
1748,"Hindi|RBF lamang|RBI para|CCT sa|CCT sarili|NNC mo|PRS kundi|CCT pati|CCA na|CCP sa|CCT ibang|PRI_CCP nangangailangan|VBTR ,|PMC ""|PMS ang|DTC sabi|VBS naman|RBI ni|DTP Tim|NNP Tambibili|NNP .|PMP  
"
1749,"""|PMS Mga|DTCP kaibigan|NNC ko|PRS kayo|PRP kaya|CCR hindi|RBF ko|PRS kayo|PRP pababayaan|NNC .|PMP
"
1750,"Buti|NNP nalang|VBTS_CCP di|RBF rin|RBI ako|PRS nakita|VBTS ng|CCB agila|NNC .|PMP ""|PMS  
"
1751,"""|PMS O|NNPA ,|PMC Ako|PRS pa|RBI ba|RBI ang|DTC taya|NNC ?|PMQ
"
1752,"Hehehe|NNP !|PMS
"
1753,"Kaya|CCR niyo|PRP na|CCP akong|PRS_CCP hanapin|VBOF dahil|CCR alam|VBS niyo|PRP na|CCP kung|RBK paano|RBQ ko|PRS gamitin|VBOF ang|DTC aking|PRSP_CCP kakayahan|NNC !|PMS  
"
1754,"""|PMS Tumawa|VBAF ang|DTC tatlong|JJN_CCP magkakaibigan|VBTF .|PMP
"
1755,"Maya|NNP -|PMS maya|NNC ...|PMS ""|PMS O|NNPA ,|PMC nasaan|JJD na|CCP si|DTP Hanah|NNP ?|PMQ  
"
1756,"""|PMS sabay|RBD na|CCP tanong|NNC ng|CCB dalawa|CDB .|PMP  
"
1757,"""|PMS Hahaha|NNP !|PMS
"
1758,"Nakatago|VBTS na|CCP agad|RBD si|DTP Hanah|NNP Hunyango|NNP ,|PMC ""|PMS sabi|VBS ni|DTP Tor|NNP Tuko|NNP .|PMP  
"
1759,"""|PMS Hahaha|NNP !|PMS
"
1760,"Oy|NNP ,|PMC Hanah|NNP ikaw|PRS pa|RBI rin|RBI ang|DTC taya|NNC ,|PMC ""|PMS sabi|VBS ni|DTP Tim|NNP Tambibili|NNP
"
1761,"Isang|PRI_CCP araw|NNC ,|PMC si|DTP Tongtong|NNP ay|LM nakaupong|VBTS_CCP sumasandal|VBTR_VBAF sa|CCT kanilang|PRSP_CCP pintuan|NNC ,|PMC tinatanaw|VBTR ang|DTC madilim|JJD na|CCP kalangitan|NNC ,|PMC at|CCA nakasimangot|RBD .|PMP  
"
1762,"""|PMS Tongtong|NNP_CCP ?|PMQ  
"
1763,"""|PMS may|VBH pag|CCR -|PMS aalalang|NNC_CCP tanong|NNC ng|CCB kaniyang|PRSP_CCP Nanay|NNC .|PMP  
"
1764,"""|PMS Nanay|NNC ,|PMC hindi|RBF pa|RBI nakauwi|VBTS si|DTP Kambang|NNP ,|PMC ""|PMS sagot|NNC ni|DTP Tongtong|NNP habang|RBW nangingilid|VBTR sa|CCT kaniyang|PRSP_CCP mga|DTCP mata|NNC ang|DTC mga|DTCP butil|NNC ng|CCB luha|NNC ,|PMC sa|CCT sobrang|JJCS_CCP pag|CCR -|PMS aalala|NNC sa|CCT kaniyang|PRSP_CCP aso|NNC .|PMP  
"
1765,"""|PMS Wala|VBN akong|PRS_CCP kalaro|NNC .|PMP  
"
1766,"""|PMS Nagsimula|VBTS ang|DTC pagtagaktak|NNC ng|CCB ulan|NNC sa|CCT kanilang|PRSP_CCP bubong|NNC .|PMP
"
1767,"Narinig|VBTS ni|DTP Tongtong|NNP ang|DTC tawa|NNC ng|CCB kaniyang|PRSP_CCP mga|DTCP kalaro|NNC .|PMP
"
1768,"Ilang|PRQ_CCP sandali|RBW lamang|RBI ay|LM nagsidatingan|VBTS sina|DTPP Akay|NNP ,|PMC Nene|NNP ,|PMC at|CCA Berto|NNP .|PMP  
"
1769,"""|PMS Tongtong|NNP ,|PMC halina|NNC at|CCA maligo|VBW at|CCA maglaro|VBAF tayo|PRP sa|CCT ulan|NNC !|PMS  
"
1770,"""|PMS aya|NNC ni|DTP Akay|NNP habang|RBW sinusuklay|VBTR ang|DTC basang|JJD_CCP buhok|NNC na|CCP nasa|RBL kaniyang|PRSP_CCP mukha|NNC .|PMP  
"
1771,"""|PMS Ayaw|RBF ko|PRS ,|PMC ""|PMS sagot|NNC ni|DTP Tongtong|NNP .|PMP  
"
1772,"""|PMS Hindi|RBF pa|RBI nakauuwi|VBTS si|DTP Kambang|NNP .|PMP  
"
1773,"""|PMS Lumapit|VBAF ang|DTC kaniyang|PRSP_CCP nanay|NNC at|CCA hinagod|VBOF ang|DTC likod|NNC ni|DTP Tongtong|NNP .|PMP  
"
1774,"""|PMS Tongtong|NNP ,|PMC naiintindihan|VBTR ko|PRS kung|RBK bakit|RBQ ka|PRS nalulungkot|VBTR ,|PMC ""|PMS sabi|VBS ng|CCB kaniyang|PRSP_CCP Nanay|NNC .|PMP  
"
1775,"""|PMS Ang|DTC damdamin|NNC natin|PRP ay|LM parang|CCT kalangitan|NNC .|PMP
"
1776,"Minsan|RBW maliwanag|JJD ,|PMC minsan|RBW madilim|JJD .|PMP
"
1777,"Kahit|CCT gusto|VBS nating|PRP_CCP laging|RBD_CCP mainit|JJD para|CCT makapaglaro|VBW ,|PMC ay|LM mayroon|VBH talagang|RBT_CCP panahon|NNC na|CCP kailangang|VBS_CCP umulan|VBAF .|PMP
"
1778,"Pero|CCT hindi|RBF ba|RBI ,|PMC maaari|VBS pa|RBI ring|RBI_CCP maglaro|VBAF kahit|CCT umuulan|VBTR ?|PMQ  
"
1779,"""|PMS Humarap|VBAF si|DTP Tongtong|NNP sa|CCT kaniyang|PRSP_CCP Nanay|NNC at|CCA tumango|NNC -|PMS tango|JJD .|PMP  
"
1780,"""|PMS Puwede|NNP bang|RBI_CCP hintayin|VBOF natin|PRP na|CCP humupa|VBAF ang|DTC ulan|NNC para|CCT makauwi|VBW si|DTP Kambang|NNP o|CCT hindi|RBF kaya|CCR ay|LM maglaro|VBAF ka|PRS muna|RBI kasama|CCB ang|DTC iyong|PRSP_CCP mga|DTCP kaibigan|NNC ,|PMC ""|PMS mungkahi|NNC ng|CCB kaniyang|PRSP_CCP Nanay|NNC .|PMP
"
1781,"Agad|RBD na|CCP tinanong|VBOF ng|CCB Nanay|NNC ni|DTP Tongtong|NNP_CCP sina|DTPP Akay|NNP ,|PMC Nene|NNP at|CCA Berto|NNP na|CCP basa|JJD na|CCP habang|RBW naglalakad|VBTR sa|CCT tubig|NNC -|PMS ulan|NNC .|PMP  
"
1782,"""|PMS Kayo|NNP ,|PMC ano|PRQ ang|DTC ginagawa|VBTR ninyo|PRP kung|CCR kayo|PRP ay|LM malungkot|JJD ?|PMQ ""|PMS  
"
1783,"""|PMS Tongtong|NNP ,|PMC kapag|CCR nalulungkot|VBTR ako|PRS ,|PMC hinihiram|VBOF ko|PRS ang|DTC <I>|NNPA lipstick|FW </I>|FW ng|CCB Nanay|NNC ,|PMC ""|PMS sagot|NNC ni|DTP Berto|NNP na|CCP nakatiklop|VBTS ang|DTC damit|NNC sa|CCT taas|NNC ng|CCB kaniyang|PRSP_CCP pusod|NNC .|PMP  
"
1784,"""|PMS Tapos|RBW ,|PMC haharap|VBTF sa|CCT salamin|NNC at|CCA magpahid|VBW ng|CCB lipstick|FW sa|CCT bibig|NNC .|PMP  
"
1785,"""|PMS Totoo|RBT ba|RBI ,|PMC Berto|NNP ?|PMQ  
"
1786,"""|PMS paninigurado|JJD ni|DTP Tongtong|NNP sa|CCT kaibigan|NNC .|PMP  
"
1787,"""|PMS Oo|RBT !|PMS
"
1788,"Tapos|RBW ,|PMC sasabihan|VBTF ako|PRS ng|CCB Nanay|NNC na|CCP maganda|JJD ako|PRS ,|PMC ""|PMS dagdag|JJD pa|RBI ni|DTP Berto|NNP habang|RBW nakatakip|VBTS ang|DTC kamay|NNC sa|CCT kaniyang|PRSP_CCP nakangiting|VBTS_CCP bunganga|NNC .|PMP  
"
1789,"""|PMS Ako|PRS naman|RBI ,|PMC Tongtong|NNC ,|PMC kapag|CCR nalulungkot|VBTR ako|PRS ay|LM nagbabasa|VBTR ako|PRS ng|CCB paborito|NNC kong|PRS_CCP libro|NNC tungkol|RBR sa|CCT mga|DTCP bituin|NNC at|CCA planeta|NNC ,|PMC ""|PMS sagot|NNC ni|DTP Nene|NNP .|PMP  
"
1790,"""|PMS Bakit|PRQ tungkol|RBR sa|CCT mga|DTCP bituin|NNC at|CCA planeta|NNC ang|DTC binabasa|VBTR mo|PRS ,|PMC Nene|NNP ?|PMQ  
"
1791,"""|PMS tanong|NNC ni|DTP Tongtong|NNP .|PMP  
"
1792,"""|PMS Kasi|NNP gusto|VBS ko|PRS na|CCP sa|CCT susunod|VBTF ay|LM makalipad|VBW ako|PRS papunta|VBW sa|CCT mga|DTCP bituin|NNC at|CCA planeta|NNC !|PMS  
"
1793,"""|PMS sagot|NNC ni|DTP Nene|NNP na|CCP may|VBH kinang|VBOF ang|DTC mga|DTCP mata|NNC habang|RBW nagkukuwento|VBTR .|PMP  
"
1794,"""|PMS Ako|PRS naman|RBI ,|PMC Tongtong|NNC ,|PMC tinutulungan|VBTR ko|PRS si|DTP Nanay|NNP na|CCP magdilig|VBAF ng|CCB mga|DTCP gulay|NNC sa|CCT likod|NNC -|PMS bahay|NNC kapag|CCR nalulungkot|VBTR ,|PMC ""|PMS sagot|NNC ni|DTP Akay|NNP .|PMP  
"
1795,"""|PMS Kumakain|VBTR_VBAF ka|PRS pala|NNC ng|CCB mga|DTCP gulay|NNC ,|PMC Akay|NNC ?|PMQ  
"
1796,"""|PMS tanong|NNC ni|DTP Tongtong|NNP .|PMP  
"
1797,"""|PMS Oo|RBT naman|RBI !|PMQ
"
1798,"Paborito|NNP ko|PRS talaga|RBT ang|DTC <I>|NNPA linapwahan|VBTR </I>|NNPA !|PMS  
"
1799,"""|PMS sagot|NNC ni|DTP Akay|NNP .|PMP  
"
1800,"""|PMS Para|CCT lumaki|VBAF ako|PRS na|CCP malakas|JJD !|PMS  
"
1801,"""|PMS dagdag|JJD pa|RBI niya|PRS .|PMP
"
1802,"At|CCA pinakita|VBOF ang|DTC kaniyang|PRSP_CCP mga|DTCP bisig|NNC kay|DTP Tongtong|NNP .|PMP  
"
1803,"""|PMS O|NNPA ,|PMC sasama|VBTF ka|PRS ba|RBI sa|CCT aming|PRSP_CCP paglalaro|NNC ,|PMC Tongtong|RBT_CCP ?|PMQ  
"
1804,"""|PMS tanong|NNC ni|DTP Akay|NNP .|PMP
"
1805,"Matipid|JJD na|CCP ngiti|NNC ang|DTC sagot|NNC ni|DTP Tongtong|NNP .|PMP
"
1806,"At|CCA niyakap|VBTS ni|DTP Tongtong|NNP ang|DTC kaniyang|PRSP_CCP Nanay|NNC .|PMP  
"
1807,"""|PMS Nanay|NNP ,|PMC sasama|VBTF ako|PRS kina|DTPP Akay|NNP para|CCT maligo|VBW sa|CCT ulan|NNC at|CCA maglaro|VBAF .|PMP ""|PMS  
"
1808,"""|PMS Oo|RBT ,|PMC ""|PMS sagot|NNC ng|CCB kaniyang|PRSP_CCP nanay|NNC na|CCP nakangiti|JJD .|PMP  
"
1809,"""|PMS Mag|NNP -|PMS ingat|FW kayo|PRP ,|PMC ha|NNCA ?|PMQ ""|PMS  
"
1810,"""|PMS Opo|NNP ,|PMC Nanay|NNP ,|PMC ""|PMS sagot|NNC ni|DTP Tongtong|NNP .|PMP
"
1811,"Agad|RBD na|CCP tumakbo|VBAF sina|DTPP Akay|NNP ,|PMC Nene|NNP ,|PMC at|CCA Berto|NNP sa|CCT ulan|NNC ,|PMC habang|RBW nakasunod|RBD na|CCP naglalakad|VBTR si|DTP Tongtong|NNP .|PMP
"
1812,"Nakasimangot|RBD siyang|PRS_CCP lumingon|VBAF sa|CCT kaniyang|PRSP_CCP Nanay|NNC ,|PMC na|CCP agad|RBW namang|RBI_CCP sinuklian|VBOF ng|CCB isang|PRI_CCP ngiti|NNC ng|CCB kaniyang|PRSP_CCP ina|NNC .|PMP
"
1813,"Tumingin|VBAF sa|CCT kalangitan|NNC si|DTP Tongtong|NNP at|CCA huminga|VBAF nang|RBD malalim|RBD bago|RBW tumakbong|VBAF_CCP sumisigaw|VBTR_VBAF ,|PMC ""|PMS Sali|FW ako|PRS !|PMQ
"
1814,"Sali|NNP ako|PRS !|PMS  
"
1815,"""|PMS Ano|PRQ ang|DTC mga|DTCP ginagawa|VBTR mo|PRS kapag|CCR ikaw|PRS ay|LM malungkot|JJD ?|PMQ
"
1816,"Samahan|NNP sina|DTPP Akay|NNP ,|PMC Nene|NNP ,|PMC at|CCA Berto|NNP na|CCP tulungan|VBOF si|DTP Tongtong|NNP na|CCP maibsan|VBW ang|DTC lungkot|NNC isang|PRI_CCP araw|NNC .|PMP
"
1817,"Noong|RBW_CCP unang|JJN_CCP panahon|NNC ,|PMC kaunti|PRI pa|RBI lamang|RBI ang|DTC nakatira|VBTS sa|CCT Sumagang|NNC .|PMP
"
1818,"Wala|VBN kasing|JJC ibang|PRI_CCP pinagkukunan|VBTR_VBRF ng|CCB tubig|NNC ang|DTC mga|DTCP tao|NNC kundi|CCT tubig|NNC -|PMS ulan|NNC lamang|RBI .|PMP
"
1819,"Isa|PRI sa|CCT mga|DTCP grupong|NNC_CCP nakatira|VBTS sa|CCT Sumagang|NNP ay|LM ang|DTC tribo|NNC ng|CCB Cimarron|NNP .|PMP
"
1820,"Si|DTP Apo|NNP Iraya|NNP ang|DTC mamumuno|VBW sa|CCT Tribo|NNP .|PMP
"
1821,"May|VBH isa|PRI siyang|PRS_CCP anak|NNC na|CCP lalaki|NNC na|CCP ang|DTC pangalan|NNC ay|LM Iraga|NNP .|PMP
"
1822,"Pagtatanim|NNP at|CCA panghuhuli|NNC ng|CCB mga|DTCP ilahas|NNC na|CCP hayop|NNC ang|DTC kanilang|PRSP_CCP ikinabubuhay|NNC .|PMP
"
1823,"Kaya|CCR ,|PMC laging|RBD_CCP nasa|RBL bukid|NNC ang|DTC mga|DTCP lalaking|NNC_CCP Cimarron|NNP upang|CCB magbantay|VBW ng|CCB mga|DTCP pananim|NNC at|CCA manilo|NNC ng|CCB baboy|NNC -|PMS damo|NNC .|PMP
"
1824,"Si|DTP Iraga|NNP ang|DTC pinakamasipag|JJCS_JJD na|CCP manananim|VBW sa|CCT buong|PRI_CCP tribo|NNC .|PMP
"
1825,"Siya|PRS ang|DTC may|VBH pinakamalawak|JJCS_JJD na|CCP taniman|NNC ng|CCB saging|NNC ,|PMC kamote|NNC at|CCA kamoteng|NNC -|PMS kahoy|NNC .|PMP
"
1826,"Kaya|CCR ,|PMC pinag|VBTR_VBRF -|PMS aagawan|VBTF ng|CCB husto|JJD ang|DTC mga|DTCP ani|NNC niya|PRS tuwing|RBW siya|PRS ay|LM umuuwi|VBTR_VBAF .|PMP
"
1827,"Biglang|RBD_CCP dumating|VBAF ang|DTC mahabang|JJD_CCP tag|FW -|PMS init|NNC .|PMP
"
1828,"Di|RBF man|RBI lang|RBI umuulan|VBTR_VBAF .|PMP
"
1829,"Kaya|CCR nagsimula|VBTS nang|RBW magsialisan|VBW ang|DTC ibang|PRI_CCP mga|DTCP tao|NNC sa|CCT Sumagang|NNC .|PMP
"
1830,"Ang|DTC tanging|JJD_CCP naiwan|VBTS ay|LM ang|DTC mga|DTCP Cimarron|NNP .|PMP
"
1831,"Naniniwala|VBTR sila|PRP na|CCP tutulungan|VBTF sila|PRP ni|DTP Gugurang|NNP (|PMS Diyos|NNP )|PMS .|PMP
"
1832,"Kaya|CCR araw|NNC -|PMS araw|RBW silang|PRP_CCP naghanda|VBTS at|CCA nag|VBTS -|PMS alay|NNC kay|DTP Gugurang|NNP upang|CCB umulan|VBAF .|PMP
"
1833,"Ngunit|CCT ano|PRQ kaya|CCR ’|NNCA yon|PRO at|CCA lalo|JJCC namang|RBI_CCP uminit|VBAF ng|CCB husto|JJD ang|DTC panahon|NNC !|PMS  
"
1834,"""|PMS Mga|DTCP kapatid|NNC ,|PMC di|RBF na|RBI magtatagal|VBTF ay|LM maghihirap|VBTF at|CCA magugutom|VBTF tayo|PRP rito|PRL .|PMP
"
1835,"Kailangan|VBS na|CCP nating|PRP_CCP makiusap|VBW kay|DTP Gugurang|NNP ,|PMC ""|PMS malungkot|JJD na|CCP sabi|VBS ni|DTP Apo|NNP Iraya|NNP .|PMP
"
1836,"Kailangan|VBS na|CCP nilang|PRP_CCP humingi|VBAF ng|CCB tulong|NNC .|PMP
"
1837,"Ngunit|CCT makakausap|VBW lamang|RBI nila|PRP si|DTP Gugurang|NNP_CCP kung|CCR sasadyain|VBTF nila|PRP ito|PRO doon|PRL sa|CCT pinakaitaas|JJCS_JJD na|CCP parte|NNC ng|CCB bundok|NNC .|PMP
"
1838,"Isang|PRI_CCP araw|NNC ,|PMC inutusan|VBOF ni|DTP Apo|NNP Iraya|NNP ang|DTC lahat|PRI na|CCP lalaking|NNC_CCP Cimarron|NNP na|CCP umakyat|VBAF sa|CCT tuktok|NNC ng|CCB Bundok|NNP Asog|NNP .|PMP  
"
1839,"""|PMS Sasama|NNP po|RBS ako|PRS sa|CCT kanila|PRSP .|PMP
"
1840,"Nais|VBS ko|PRS pong|PRO_CCP makatulong|VBW ,|PMC ""|PMS pakiusap|NNC ni|DTP Iraga|NNP .|PMP
"
1841,"Ayaw|RBF sanang|VBS_CCP payagan|VBOF ni|DTP Apo|NNP Iraya|NNP na|CCP pasamahin|VBOF ang|DTC kaniyang|PRSP_CCP kaisa|NNC -|PMS isa|PRI anak|NNC .|PMP
"
1842,"Ngunit|CCT ,|PMC para|CCT sa|CCT ikabubuti|NNC ng|CCB kaniyang|PRSP_CCP katribo|NNC ,|PMC pinasama|VBOF niya|PRS si|DTP Iraga|NNP .|PMP
"
1843,"Nang|RBW araw|RBW ring|RBI_CCP ’|PMS yon|PRO ,|PMC inakyat|VBTS nila|PRP ito|PRO ni|DTP Iraga|NNP .|PMP
"
1844,"Hiwa|NNP -|PMS hiwalay|JJD nilang|PRP_CCP binagtas|VBOF ang|DTC mga|DTCP daan|NNC papuntang|RBL_CCP bundok|NNC .|PMP
"
1845,"Madulas|NNP ang|DTC daan|NNC at|CCA marami|PRI silang|PRP_CCP bangin|NNC na|CCP dinaanan|VBTR .|PMP
"
1846,"Dahil|CCR sa|CCT sobrang|JJCS_CCP pagkauhaw|NNC ,|PMC di|RBF na|RBI nakayanang|RBD_CCP umakyat|VBAF ng|CCB ibang|PRI_CCP Cimarron|NNP .|PMP
"
1847,"Ang|DTC iba|PRI naman|RBI ay|LM naligaw|VBTS sa|CCT kagubatan|NNC .|PMP
"
1848,"Si|DTP Iraga|NNP lang|RBI ang|DTC nakarating|VBTS sa|CCT tuktok|NNC ng|CCB Asog|NNP .|PMP
"
1849,"Tiningala|NNP kaagad|RBW niya|PRS ang|DTC langit|NNC .|PMP  
"
1850,"""|PMS Tulungan|VBOF mo|PRS po|RBS kami|PRP ,|PMC Gugurang|NNC_CCP .|PMP
"
1851,"Bigyan|VBOF mo|PRS po|RBS kami|PRP ng|CCB mapagkukunan|VBW ng|CCB tubig|NNC .|PMP
"
1852,"Nais|VBS po|RBS naming|PRP_CCP mabuhay|VBW .|PMP  
"
1853,"""|PMS Lumiwanag|VBTR_VBAF ang|DTC langit|NNC at|CCA kumulog|NNC .|PMP  
"
1854,"""|PMS Ibibigay|VBTF ko|PRS ang|DTC nais|VBS ninyo|PRP ,|PMC ngunit|CCT una|CDB dapat|VBS makapagtanim|VBW kayo|PRP sa|CCT paligid|NNC ng|CCB bukid|NNC at|CCA makapatubo|VBW ng|CCB pananim|NNC .|PMP
"
1855,"Kung|RBK hindi|RBF ,|PMC puputok|VBTF ang|DTC Asog|NNP .|PMP
"
1856,"At|CCA kakailanganin|VBTF ninyong|NNC_CCP kaagad|RBD na|CCP lisanin|VBOF ang|DTC Sumagang|VBAF .|PMP  
"
1857,"""|PMS Nagmamadaling|VBTS_CCP bumaba|VBAF si|DTP Iraga|NNP pabalik|VBW sa|CCT kanilang|PRSP_CCP tribo|NNC .|PMP
"
1858,"Kumuha|VBAF sila|PRP ng|CCB mga|DTCP pananim|NNC galing|RBL sa|CCT karatig|JJD na|CCP lugar|NNC ng|CCB Sumagang|NNP .|PMP
"
1859,"Tinaniman|VBTS nila|PRP ang|DTC paligid|JJD ng|CCB bundok|NNC ,|PMC ngunit|CCT nagsilantahan|VBTS din|RBI dahil|CCR sa|CCT sobrang|JJCS_CCP init|NNC .|PMP
"
1860,"Nawawalan|VBTR na|RBI ng|CCB pag|CCR -|PMS asa|NNC ang|DTC mga|DTCP Cimarron|NNP .|PMP
"
1861,"Kaya|CCR ,|PMC naisipan|VBTS na|RBI ni|DTP Apo|NNP Iraya|NNP na|CCP lisanin|VBOF ang|DTC Sumagang|NNC_CCP bago|RBW pa|RBI sila|PRP abutan|VBOF ng|CCB pagputok|NNC .|PMP
"
1862,"Ayaw|RBF iwan|VBOF ni|DTP Iraga|NNP ang|DTC Sumagang|VBAF .|PMP
"
1863,"Malakas|JJD ang|DTC loob|NNC niya|PRS na|CCP makakapatubo|VBW siya|PRS ng|CCB pananim|NNC .|PMP  
"
1864,"""|PMS Kung|CCR iyan|PRO ang|DTC tingin|NNC mong|PRS_CCP makabubuti|VBW sa|CCT lahat|PRI ...|PMS Ilayo|RBD ka|PRS nawa|VBTS ni|DTP Gugurang|NNP sa|CCT kapahamakan|NNC .|PMP
"
1865,"Alam|VBS mo|PRS naman|RBI kung|RBK saan|RBQ kami|PRP hahanapin|VBTF ,|PMC ""|PMS utos|NNC ni|DTP Apo|NNP Iraya|NNP .|PMP
"
1866,"Patuloy|RBD na|CCP nagtanim|VBTS si|DTP Iraga|NNP .|PMP
"
1867,"Noong|RBW_CCP nagsimula|VBTS na|CCP naman|RBI silang|PRP_CCP malanta|VBW ,|PMC ginamit|VBOF na|CCP niyang|PRS_CCP pandilig|JJD ang|DTC natitira|VBTR niyang|PRS_CCP inuming|NNC -|PMS tubig|NNC .|PMP
"
1868,"Hanggang|RBW sa|CCT biglang|JJD_CCP kumulog|NNC at|CCA kumidlat|NNC .|PMP
"
1869,"Natakpan|VBTS ng|CCB maitim|JJD na|CCP ulap|NNC ang|DTC Asog|NNP .|PMP
"
1870,"Nagsimula|VBTS ring|RBI_CCP bumuhos|VBAF ang|DTC tubig|NNC mula|RBL sa|CCT itaas|JJD ng|CCB bukid|NNC .|PMP
"
1871,"Sinabayan|VBOF pa|RBI ito|PRO ng|CCB malakas|JJD na|CCP pag|CCR -|PMS ulan|NNC .|PMP
"
1872,"Nalubog|VBTS sa|CCT tubig|NNC ang|DTC buong|PRI_CCP Sumagang|VBAF .|PMP
"
1873,"Nakatakas|VBTS naman|RBI kaagad|RBD si|DTP Iraga|NNP bago|RBW pa|RBI man|RBI siya|PRS abutan|VBOF ng|CCB baha|NNC .|PMP
"
1874,"Masaya|NNP naman|RBI siyang|PRS_CCP sinalubong|VBTS ni|DTP Apo|NNP Iraya|NNP at|CCA iba|PRI pa|RBI niyang|PRS_CCP katribo|NNC .|PMP
"
1875,"Pagkatapos|VBW ng|CCB baha|NNC ,|PMC nagsulputan|VBTR ang|DTC mga|DTCP bukal|NNC ,|PMC talon|NNC ,|PMC at|CCA batis|NNC sa|CCT iba|PRI ’|PMS t|NNCA ibang|PRI_CCP bahagi|NNC ng|CCB Sumagang|NNP .|PMP
"
1876,"Matatanaw|VBTF sa|CCT itaas|JJD ng|CCB Asog|NNP ang|DTC dalawang|JJN_CCP malalawak|JJD na|CCP lawa|NNC .|PMP
"
1877,"Nakabalik|VBTS ang|DTC mga|DTCP Cimarron|NNP sa|CCT Sumagang|NNP .|PMP
"
1878,"Napansin|VBTS nila|PRP na|CCP nabuhay|VBTS ang|DTC mga|DTCP itinanim|VBTS ni|DTP Iraga|NNP .|PMP
"
1879,"Kaya|CCR ,|PMC nag|VBTS -|PMS alay|NNC sila|PRP ng|CCB pasasalamat|RBS kay|DTP Gugurang|NNP .|PMP
"
1880,"Simula|RBW noon|RBW ,|PMC naging|VBTS sagana|JJD na|CCP sa|CCT tubig|NNC ang|DTC Sumagang|VBAF at|CCA marami|PRI nang|CCB tao|NNC ang|DTC nagnais|VBTS na|CCP tumira|VBAF doon|PRL .|PMP
"
1881,"""|PMS Rona|NNC ,|PMC bangon|NNC na|CCP riyan|NNC ,|PMC ""|PMS utos|NNC ni|DTP Nanay|NNP .|PMP  
"
1882,"""|PMS Sige|NNP na|CCP ,|PMC ’|CDB Nak|NNCA ,|PMC iligpit|VBOF mo|PRS na|CCP yang|PRO higaan|NNC mo|PRS at|CCA bibisitahin|VBTF natin|PRP ang|DTC lola|NNC ,|PMC ""|PMS sabi|VBS ni|DTP Tatay|NNP .|PMP
"
1883,"Nagtalukbong|VBTS ng|CCB kumot|NNC si|DTP Rona|NNP .|PMP  
"
1884,"""|PMS Ayaw|RBF ko|PRS pong|PRO_CCP sumama|VBAF .|PMP
"
1885,"Natatakot|VBTR po|RBS akong|PRS_CCP sumakay|VBAF sa|CCT ating|PRSP_CCP pamaba|NNC .|PMP ""|PMS  
"
1886,"""|PMS Pero|CCT ,|PMC Rona|NNP ,|PMC kailangan|VBS mong|PRS_CCP sumama|VBAF .|PMP
"
1887,"Gusto|VBS ka|PRS raw|RBI makita|VBW ng|CCB lola|NNC mo|PRS ,|PMC ""|PMS yaya|NNC ni|DTP Nanay|NNP .|PMP  
"
1888,"""|PMS Halika|NNP na|CCP para|CCT mag|VBW almusal|FW .|PMP
"
1889,"Maya|NNP -|PMS maya|NNC ay|LM tulungan|VBTF_VBOF mo|PRS akong|PRS_CCP ayusin|VBOF ang|DTC ating|PRSP_CCP mga|DTCP dadalhin|VBTF .|PMP  
"
1890,"""|PMS Napipilitan|VBTS na|CCP bumangon|VBAF si|DTP Rona|NNP .|PMP  
"
1891,"""|PMS Nanay|NNC ,|PMC nasaan|JJD po|RBS ang|DTC ating|PRSP_CCP mga|DTCP dadalhin|VBTF ?|PMQ ""|PMS  
"
1892,"""|PMS Nandoon|VBTS sa|CCT mesa|NNC .|PMP  
"
1893,"""|PMS Tinulungan|VBOF ni|DTP Rona|NNP si|DTP Nanay|NNP sa|CCT pag|CCR -|PMS aayos|NNC ng|CCB mga|DTCP dadalhin|VBTF sa|CCT kanilang|PRSP_CCP lumang|JJD_CCP basket|NNC na|CCP gawa|VBS nito|PRO .|PMP
"
1894,"Isang|PRI_CCP maliit|JJD na|CCP kalderong|NNC_CCP may|VBH kanin|NNC ,|PMC dalawang|JJN_CCP asul|JJD na|CCP basong|NNC_CCP plastik|JJD ,|PMC tatlong|JJN_CCP bilog|JJD na|CCP puting|JJD_CCP plato|NNC ,|PMC apat|JJN na|CCP malalaking|JJD_CCP tilapya|NNC ,|PMC at|CCA limang|JJN_CCP mapupulang|JJD_CCP kamatis|NNC .|PMP  
"
1895,"""|PMS Mahal|NNP ,|PMC nakahanda|VBTS na|RBI ang|DTC ating|PRSP_CCP pamaba|NNC .|PMP
"
1896,"Rona|NNP ,|PMC halika|NNC na|CCP ,|PMC ""|PMS yaya|NNC ni|DTP Tatay|NNP .|PMP
"
1897,"Kumakabog|NNP -|PMS kabog|NNC ang|DTC dibdib|NNC ni|DTP Rona|NNP sa|CCT takot|NNC habang|RBW sumasakay|VBTR_VBAF .|PMP
"
1898,"Naisip|VBTS niya|PRS ,|PMC paano|PRQ kung|CCR mahulog|VBW siya|PRS ?|PMQ
"
1899,"Paano|PRQ kung|CCR sa|CCT paghila|NNC ng|CCB pamaba|NNC biglang|JJD_CCP tumaob|VBAF ito|PRO at|CCA madaganan|VBTF sila|PRP ?|PMQ  
"
1900,"""|PMS Nanay|NNP ,|PMC natatakot|VBTR po|RBS ako|PRS .|PMP ""|PMS  
"
1901,"""|PMS Huwag|RBF kang|PRS_CCP matakot|VBW .|PMP
"
1902,"Bilangin|VBOF mo|PRS na|RBI lang|RBI ang|DTC mga|DTCP makikita|VBTF mong|PRS_CCP mga|DTCP bagay|NNC ,|PMC ""|PMS sabi|VBS ni|DTP Nanay|NNP habang|RBW hawak|JJD ang|DTC kaniyang|PRSP_CCP kamay|NNC .|PMP
"
1903,"Sa|CCT daan|NNC ay|LM natanaw|VBTS nila|PRP ang|DTC mga|DTCP paruparong|NNC_CCP may|VBH iba|PRI ‘|PMS t|NNCA ibang|PRI_CCP kulay|NNC na|CCP nagliliparan|VBTR paikot|JJD sa|CCT isang|PRI_CCP halamang|NNC_CCP hitik|JJD sa|CCT bulaklak|NNC .|PMP  
"
1904,"""|PMS Bilangin|VBOF mo|PRS nga|RBI ,|PMC Rona|NNP ,|PMC kung|CCR ilang|PRQ_CCP paruparo|NNC ang|DTC nakikita|VBTR mo|PRS ?|PMQ  
"
1905,"""|PMS I|CDB -|PMS i|NNCA -|PMS sa|CCT ,|PMC d|PMS -|PMS d|PMS -|PMS dalawa|CDB ,|PMC t|NNCA -|PMS t|NNCA -|PMS tatlo|CDB ,|PMC a-a-apat|FW ,|PMC lima|CDB ,|PMC anim|CDB !|PMS
"
1906,"Anim|NNP !|PMS
"
1907,"May|VBH anim|JJN pong|NNC_CCP paruparo|JJD Nanay|NNP !|PMS  
"
1908,"""|PMS sagot|NNC ni|DTP Rona|NNP .|PMP
"
1909,"Tila|RBM biglang|RBD_CCP nahulog|VBTS ang|DTC puso|NNC ni|DTP Rona|NNP nang|RBW mapadaan|VBW sa|CCT malubak|JJD na|CCP daan|NNC ang|DTC pamabang|JJD_CCP sinasakyan|VBTR nila|PRP .|PMP  
"
1910,"""|PMS Nanay|NNP ,|PMC ""|PMS natatakot|VBTR na|CCP sambit|NNC niya|PRS .|PMP  
"
1911,"""|PMS O|NNPA ,|PMC tingnan|VBOF mo|PRS ,|PMC Rona|NNP ,|PMC may|VBH mga|DTCP bakang|NNC_CCP kumakain|VBTR_VBAF ng|CCB damo|NNC ,|PMC bilangin|VBOF mo|PRS nga|RBI kung|CCR ilan|PRQ sila|PRP ?|PMQ ""|PMS  
"
1912,"""|PMS I|CDB -|PMS i|NNCA -|PMS sa|CCT ,|PMC d|PMS -|PMS d|PMS -|PMS dalawa|CDB ,|PMC t|NNCA -|PMS t|NNCA -|PMS tatlo|CDB ,|PMC apat|CDB ,|PMC lima|CDB ,|PMC anim|CDB ,|PMC pito|CDB !|PMS
"
1913,"Pitong|JJN_CCP baka|RBM po|RBS lahat|PRI !|PMS  
"
1914,"""|PMS Nanginginig|VBTR na|CCP sabi|VBS niya|PRS .|PMP  
"
1915,"""|PMS Nasa|RBL tapat|JJD na|CCP po|RBS ba|RBI tayo|PRP nila|PRP lola|NNC ?|PMQ  
"
1916,"""|PMS nakahinga|RBD ng|CCB malalim|JJD si|DTP Rona|NNP .|PMP  
"
1917,"""|PMS Wala|VBN pa|RBI ,|PMC ’|CDB Nak|NNCA .|PMP  
"
1918,"""|PMS sabi|VBS ni|DTP Tatay|NNP .|PMP  
"
1919,"""|PMS Ang|DTC bahay|NNC ng|CCB lola|NNC ,|PMC naroon|PRL pa|RBI sa|CCT unahan|CDB .|PMP  
"
1920,"""|PMS Muling|RBW_CCP hinila|VBOF ng|CCB kalabaw|NNC ang|DTC pamaba|NNC .|PMP
"
1921,"Nanumbalik|VBTS ang|DTC kaba|NNC ni|DTP Rona|NNP .|PMP  
"
1922,"""|PMS Rona|NNP ,|PMC tingnan|VBOF mo|PRS ang|DTC mga|DTCP pato|NNC .|PMP
"
1923,"Bilangin|VBOF mo|PRS nga|RBI kung|CCR ilan|PRQ sila|PRP ,|PMC ""|PMS sabi|VBS ni|DTP Nanay|NNP .|PMP
"
1924,"Binilang|VBTS ni|DTP Rona|NNP ang|DTC mga|DTCP pato|NNC na|CCP nakalinya|JJD at|CCA pakendeng|JJD_CCP -|PMS kendeng|JJD na|CCP tumatawid|VBTR_VBAF sa|CCT daan|NNC .|PMP  
"
1925,"""|PMS I|CDB -|PMS i|NNCA -|PMS sa|CCT ,|PMC d|PMS -|PMS d|PMS -|PMS dalawa|CDB ,|PMC tatlo|CDB ,|PMC apat|CDB ,|PMC lima|CDB ,|PMC anim|CDB ,|PMC pito|CDB ,|PMC walo|JJN !|PMQ
"
1926,"Nanay|NNP ,|PMC walong|VBN_CCP pato|NNC po|RBS lahat|PRI !|PMS  
"
1927,"""|PMS Patuloy|JJD sa|CCT paghila|NNC ang|DTC kalabaw|NNC sa|CCT pamabang|JJD_CCP kanilang|PRSP_CCP sinasakyan|VBTR .|PMP
"
1928,"Napayuko|VBTS si|DTP Rona|NNP sa|CCT baba|JJD ng|CCB daan|NNC .|PMP
"
1929,"May|VBH mga|DTCP suso|NNC sa|CCT lupa|NNC na|CCP dahan|NNC -|PMS dahang|NNC_CCP gumagapang|VBTR_VBAF .|PMP  
"
1930,"""|PMS Ilang|PRQ_CCP mga|DTCP suso|NNC ang|DTC nariyan|VBTS ,|PMC Rona|NNP ?|PMQ ""|PMS  
"
1931,"""|PMS I|CDB -|PMS i|NNCA -|PMS sa|CCT ,|PMC dalawa|CDB ,|PMC tatlo|CDB apat|JJN ,|PMC lima|CDB ,|PMC anim|CDB ,|PMC pito|CDB ,|PMC walo|JJN ,|PMC siyam|JJN !|PMQ
"
1932,"Nanay|NNP ,|PMC siyam|JJN po|RBS lahat|PRI ,|PMC ""|PMS ang|DTC sabi|VBS ni|DTP Rona|NNP .|PMP
"
1933,"Nangalay|VBTS si|DTP Rona|NNP sa|CCT pagyuko|NNC kakabilang|JJD ng|CCB mga|DTCP suso|NNC kaya|CCR napatingala|VBTS siya|PRS .|PMP
"
1934,"Sa|CCT langit|NNC ,|PMC may|VBH mga|DTCP ibon|NNC na|CCP lumilipad|VBTR_VBAF .|PMP
"
1935,"Binilang|VBTS niya|PRS ang|DTC mga|DTCP ito|PRO .|PMP  
"
1936,"""|PMS Isa|PRI ,|PMC dalawa|CDB ,|PMC tatlo|CDB ,|PMC apat|CDB ,|PMC lima|CDB ,|PMC anim|CDB ,|PMC pito|CDB ,|PMC walo|JJN ,|PMC siyam|JJN ,|PMC sampu|JJN !|PMQ
"
1937,"Sampung|JJN_CCP mga|DTCP ibon|NNC ang|DTC lumilipad|VBTR_VBAF sa|CCT langit|NNC !|PMS ""|PMS  
"
1938,"""|PMS Hooo|NNP !|PMS  
"
1939,"""|PMS ang|DTC malakas|JJD na|CCP sabi|VBS ni|DTP Tatay|NNP sa|CCT kalabaw|NNC .|PMP
"
1940,"Huminto|VBAF ang|DTC pamaba|NNC .|PMP  
"
1941,"""|PMS Tara|NNP na|RBI .|PMP
"
1942,"Bumaba|VBAF na|CCP tayo|PRP ,|PMC ""|PMS ang|DTC sabi|VBS ni|DTP Tatay|NNC kay|DTP Rona|NNP .|PMP  
"
1943,"""|PMS Baka|NNP naghahanda|VBTR na|CCP ng|CCB tinolang|JJD_CCP manok|NNC ang|DTC iyong|PRSP_CCP Lola|NNP .|PMP  
"
1944,"""|PMS Ang|DTC aklat|NNC na|CCP ito|PRO ay|LM ginawa|VBTS bilang|CCT bahagi|NNC ng|CCB proyektong|NNC_CCP ABC|NNPA +|PMS :|PMS Advancing|NNP Basic|NNP Education|NNP in|NNP the|FW Philippines|NNP .|PMP
"
1945,"Ang|DTC ABC|NNPA +|PMS ay|LM pagtutulungan|NNC ng|CCB USAID|NNPA at|CCA ng|CCB Kagawaran|NNP ng|CCB Edukasyon|NNP ,|PMC na|CCP ipinatutupad|VBTR ng|CCB RTI|NNPA International|NNP kasama|CCB ang|DTC The|NNP Asia|NNP Foundation|NNP ,|PMC SIL|NNPA LEAD|NNPA ,|PMC at|CCA Florida|NNP State|NNP University|NNP .|PMP
"
1946,"Ang|DTC mga|DTCP pagsasanay|NNC at|CCA kaunlarang|NNC_CCP propesyunal|JJD ,|PMC pati|CCA ang|DTC mga|DTCP pagsasaayos|NNC at|CCA pagdisenyo|NNC ng|CCB mga|DTCP aklat|NNC ay|LM naganap|VBTS sa|CCT tulong|NNC ng|CCB Parasurat|NNP Bikolnon|NNP .|PMP
"
1947,"Ang|DTC aklat|NNC na|CCP ito|PRO ay|LM dumaan|VBAF sa|CCT pagsisiyasat|NNC ng|CCB Kagawaran|NNP ng|CCB Edukasyon|NNP –|PMS Rehiyon|NNP V|CDB para|CCT sa|CCT katiyakan|NNC sa|CCT kalidad|NNC .|PMP
"
1948,"""|PMS Bukas|JJD ,|PMC lalangoy|VBTF tayo|PRP papunta|VBW sa|CCT ibabaw|JJD ng|CCB dagat|NNC ,|PMC ""|PMS sabi|VBS ni|DTP Mam|NNP .|PMP
"
1949,"Sa|CCT sobrang|JJCS_CCP saya|NNC ,|PMC gumalaw|VBAF -|PMS galaw|NNC ang|DTC buntot|NNC ng|CCB aking|PRSP_CCP mga|DTCP kaklase|NNC .|PMP  
"
1950,"""|PMS Pani|NNP ,|PMC paunahan|VBOF tayo|PRP nila|PRP Dayday|NNP bukas|JJD ,|PMC ""|PMS hamon|NNC ni|DTP Bisel|NNP .|PMP  
"
1951,"""|PMS Ay|NNP ,|PMC ay|LM ,|PMC ay|LM !|PMQ
"
1952,"Sigurado|NNP talo|NNC ko|PRS kayo|PRP ,|PMC ""|PMS sagot|NNC ni|DTP Dayday|NNP .|PMP  
"
1953,"""|PMS Ipapaalam|VBTF_VBOF ko|PRS agad|RBW kay|DTP Ate|NNP Lani|NNP pagdating|VBW ko|PRS .|PMP ""|PMS  
"
1954,"""|PMS Pupunta|VBTF kami|PRP sa|CCT ibabaw|NNC bukas|JJD !|PMS  
"
1955,"""|PMS Iyan|PRS lamang|RBI ang|DTC nasa|RBL isip|NNC ko|PRS habang|RBW matulin|JJD ang|DTC paggapang|NNC_CCP ko|PRS pauwi|NNC .|PMP  
"
1956,"""|PMS Pupunta|VBTF kami|PRP sa|CCT ibabaw|NNC bukas|JJD !|PMS ""|PMS  
"
1957,"""|PMS Ate|NNP Lani|NNP !|PMS
"
1958,"Ate|NNP Lani|NNP !|PMS ""|PMS  
"
1959,"""|PMS O|NNPA kamusta|JJD ang|DTC ...|PMS ?|PMQ
"
1960,"Hindi|RBF na|CCP natapos|VBTS ang|DTC tanong|NNC niya|PRS sa|CCT akin|PRSP .|PMP  
"
1961,"""|PMS Ate|NNP Lani|NNP ,|PMC sabi|VBS ni|DTP mam|NNC ,|PMC mag|VBW -|PMS aaral|FW daw|RBI kaming|PRP_CCP lumangoy|VBAF papuntang|RBL_CCP ibabaw|JJD ng|CCB dagat|NNC bukas|JJD ,|PMC ""|PMS excited|FW niyang|PRS_CCP tugon|NNC .|PMP  
"
1962,"""|PMS Nakikita|VBTR kaya|CCR ang|DTC sikat|JJD ng|CCB araw|NNC ?|PMQ
"
1963,"Totoo|RBT kayang|RBD_CCP malakas|JJD ang|DTC alon|NNC ?|PMQ
"
1964,"Nandoon|VBTS kaya|CCR ang|DTC pating|NNC ?|PMQ
"
1965,"Baka|NNP makakita|VBW na|CCP talaga|RBT ako|PRS ng|CCB barko|NNC ,|PMC ""|PMS sunod|JJD -|PMS sunod|JJD na|CCP tanong|NNC_CCP ko|PRS .|PMP
"
1966,"Napatigil|VBTS ako|PRS sa|CCT ginagawa|VBTR ko|PRS nang|RBW makita|VBW kong|PRS_CCP hindi|RBF siya|PRS excited|FW katulad|JJC ko|PRS .|PMP  
"
1967,"""|PMS Pani|NNP ,|PMC paano|PRQ ka|PRS makakalangoy|VBTF paibabaw|JJD ?|PMQ  
"
1968,"""|PMS nag|VBTS -|PMS aalala|VBTF niyang|PRS_CCP tanong|NNC .|PMP
"
1969,"Hindi|RBF ako|PRS nakasagot|VBTS kaya|CCR dahan|NNC -|PMS dahan|NNC akong|PRS_CCP gumapang|VBAF paalis|JJD .|PMP
"
1970,"Tinulungan|VBOF niya|PRS akong|PRS_CCP maghanap|VBW ng|CCB mga|DTCP pwedeng|RBT_CCP gamitin|VBOF .|PMP
"
1971,"Gumawa|VBAF kami|PRP ng|CCB mahabang|JJD_CCP buntot|NNC galing|RBL sa|CCT ulam|NNC naming|PRP_CCP pasayan|NNC .|PMP
"
1972,"Tanggalin|VBOF ang|DTC ulo|NNC at|CCA pagtagpi|NNC -|PMS tagpiin|NNC ang|DTC balat|NNC at|CCA ikonekta|VBOF upang|CCB maging|VBW bunot|NNC .|PMP  
"
1973,"""|PMS Pwede|RBT na|CCP to|FW !|PMS  
"
1974,"""|PMS Ginaya|VBOF pa|RBI namin|PRP ang|DTC porma|NNC ng|CCB ibang|PRI_CCP isda|NNC gamit|VBS ang|DTC shell|FW at|CCA kagat|NNC ng|CCB alimasag|NNC .|PMP
"
1975,"Ang|DTC shell|FW ang|DTC ginawang|VBTS_CCP katawan|NNC .|PMP
"
1976,"Ang|DTC kagat|NNC ang|DTC ginawang|VBTS_CCP ulo|NNC at|CCA buntot|NNC .|PMP
"
1977,"Malaki|JJD at|CCA maliit|JJD ang|DTC bawat|PRI dulo|NNC .|PMP
"
1978,"Dagdagan|VBTF pa|RBI daw|RBI namin|PRP .|PMP  
"
1979,"""|PMS Ay|NNP !|PMS
"
1980,"Alam|VBS ko|PRS na|CCP !|PMS  
"
1981,"""|PMS Gawin|VBOF kaya|CCR naming|PRP_CCP parang|CCT elesi|NNC ang|DTC mga|DTCP kabibe|NNC ?|PMQ
"
1982,"Iikot|VBTF ito|PRO at|CCA pwede|RBT akong|PRS_CCP dalhin|VBOF paitaas|RBD .|PMP
"
1983,"Ididikit|NNP ang|DTC isa|PRI sa|CCT likod|JJD ko|PRS ,|PMC sa|CCT gilid|JJD ,|PMC pati|CCA na|CCP sa|CCT baba|JJD .|PMP  
"
1984,"""|PMS Bukas|JJD ,|PMC lalangoy|VBTF kami|PRP palabas|NNC ng|CCB dagat|NNC .|PMP  
"
1985,"""|PMS Kasama|CCB si|DTP Ate|NNP Lani|NNP ,|PMC maaga|JJD pa|RBI kaming|PRP_CCP nagpunta|VBTS sa|CCT paaralan|NNC upang|CCB ipakita|VBOF kay|DTP mam|NNC ang|DTC aming|PRSP_CCP ginawa|VBOF .|PMP  
"
1986,"""|PMS Mam|NNP ,|PMC may|VBH ginawa|VBOF po|RBS kaming|PRP_CCP buntot|NNC galing|RBL sa|CCT balat|NNC ng|CCB pasayan|NNC .|PMP
"
1987,"Ikakabit|VBOF ko|PRS lang|RBI ito|PRO ,|PMC at|CCA makakalangoy|VBTF na|CCP po|RBS ako|PRS ,|PMC ""|PMS masayang|JJD_CCP balita|NNC ko|PRS kay|DTP mam|NNCA .|PMP
"
1988,"Sinubukan|VBTS kong|PRS_CCP lumangoy|VBAF ngunit|CCT mabigat|JJD .|PMP
"
1989,"Hindi|RBF pataas|JJD kundi|CCT pababa|JJD ang|DTC aking|PRSP_CCP langoy|NNC .|PMP  
"
1990,"""|PMS Pani|NNP ,|PMC hindi|RBF pwede|RBT ang|DTC balat|NNC ng|CCB pasayan|NNC ,|PMC ""|PMS sabi|VBS ni|DTP mam|NNC .|PMP  
"
1991,"""|PMS May|VBH dala|JJD pa|RBI po|RBS ako|PRS .|PMP
"
1992,"Parehas|JJD ito|PRO ng|CCB porma|NNC ni|DTP Bisel|NNP at|CCA Dayday|NNP .|PMP
"
1993,"Malaki|JJD ang|DTC katawan|NNC at|CCA sa|CCT bawat|PRI dulo|NNC ay|LM buntot|NNC at|CCA ulo|NNC .|PMP
"
1994,"Ginamit|VBOF namin|PRP ang|DTC shell|FW at|CCA kagat|NNC ng|CCB alimasag|NNC .|PMP
"
1995,"Sinuot|VBOF ko|PRS ang|DTC dala|JJD namin|PRP .|PMP  
"
1996,"""|PMS Aray|NNP !|PMS
"
1997,"aray|FW !|PMS
"
1998,"Ang|DTC sakit|NNC !|PMS  
"
1999,"""|PMS Hindi|RBF pala|NNC kasya|NNC ang|DTC katawan|NNC ko|PRS .|PMP
"
2000,"Sa|CCT halip|CCT na|CCP makalangoy|VBW ay|LM nasugatan|VBTS pa|RBI ako|PRS .|PMP  
"
2001,"""|PMS Pani|NNP ,|PMC matulis|JJD ang|DTC kagat|NNC at|CCA shell|FW ng|CCB alimasag|NNC .|PMP
"
2002,"Hindi|RBF ‘|PMS yan|PRO pwedeng|RBT_CCP gamitin|VBOF sa|CCT paglangoy|VBW at|CCA masasaktan|VBW ka|PRS lang|RBI ,|PMC ""|PMS mainam|JJD na|CCP paliwanag|NNC ni|DTP Mam|NNP .|PMP  
"
2003,"""|PMS May|VBH isa|PRI pa|RBI po|RBS ,|PMC Mam|NNC .|PMP  
"
2004,"""|PMS Dala|VBS ko|PRS ang|DTC mga|DTCP kabibe|NNC na|CCP ginawa|VBOF naming|PRP_CCP parang|CCT elesi|NNC .|PMP  
"
2005,"""|PMS Pa|NNP g|NNCA -|PMS umikot|VBAF ito|PRO ,|PMC pwede|RBT na|CCP akong|PRS_CCP dalhin|VBOF pataas|JJD .|PMP
"
2006,"Ididikit|VBOF ko|PRS lang|RBI sa|CCT aking|PRSP_CCP likod|JJD ,|PMC gilid|JJD ,|PMC at|CCA baba|JJD .|PMP  
"
2007,"""|PMS Nadala|VBTS nga|RBI ako|PRS ng|CCB mga|DTCP elesi|NNC ,|PMC ngunit|CCT hindi|RBF pataas|JJD kundi|CCT sa|CCT iba|PRI -|PMS ibang|PRI_CCP direksyon|NNC .|PMP  
"
2008,"""|PMS Pani|NNP ,|PMC ang|DTC elesi|NNC nagpapalakas|VBTR ng|CCB alon|NNC hindi|RBF makakatulong|VBTF sa|CCT paglangoy|NNC ,|PMC ""|PMS mahinang|JJD_CCP sabi|VBS ni|DTP Mam|NNP .|PMP
"
2009,"Akala|VBS ko|PRS pwedeng|RBT_CCP -|PMS pwede|VBS na|CCP ,|PMC ngunit|CCT hindi|RBF pa|RBI rin|RBI ako|PRS nakakalangoy|VBTR .|PMP
"
2010,"Siguro|RBM dahan|NNC -|PMS dahan|NNC silang|PRP_CCP lalangoy|VBTF pa|RBI ibabaw|JJD .|PMP
"
2011,"Makikita|VBTF nila|PRP ang|DTC bilog|JJD na|CCP katawan|NNC ng|CCB barko|NNC at|CCA malalaking|JJD_CCP pating|NNC .|PMP
"
2012,"Mararamdaman|VBTF nila|PRP ang|DTC malakas|JJD na|CCP alon|NNC at|CCA sikat|JJD ng|CCB araw|NNC .|PMP  
"
2013,"""|PMS Titingala|NNP nalang|VBTS ba|RBI ako|PRS at|CCA maghihintay|VBTF sa|CCT kanilang|PRSP_CCP pagbalik|NNC ?|PMQ
"
2014,"Isda|NNC naman|RBI ako|PRS ,|PMC ngunit|CCT bakit|PRQ di|RBF ako|PRS nakakalangoy|VBTR .|PMP ""|PMS  
"
2015,"""|PMS Pumila|VBAF na|RBI nang|RBW maayos|JJD upang|CCB masimulan|VBW na|CCP natin|PRP ang|DTC paglangoy|NNC paibabaw|NNC ,|PMC ""|PMS wika|NNC ni|DTP Mam|NNP .|PMP  
"
2016,"""|PMS Huminga|VBAF gamit|VBS ang|DTC hasang|NNC_CCP ,|PMC tumingin|VBAF sa|CCT unahan|CDB ,|PMC sa|CCT kanan|JJD ,|PMC at|CCA sa|CCT kaliwa|JJD upang|CCB di|RBF mabunggo|VBW ,|PMC ""|PMS dagdag|JJD pa|RBI niya|PRS .|PMP  
"
2017,"""|PMS Pani|NNP ,|PMC paunahan|RBD tayo|PRP nina|DTPP Dayday|NNP ,|PMC ""|PMS sigaw|NNC ni|DTP Bisel|NNP .|PMP  
"
2018,"""|PMS Ay|NNP ,|PMC ay|LM ,|PMC ay|LM !|PMQ
"
2019,"Sigurado|NNP talo|NNC ko|PRS kayo|PRP ,|PMC ""|PMS sagot|NNC ni|DTP Dayday|NNP .|PMP  
"
2020,"""|PMS Bakit|PRQ hindi|RBF ako|PRS katulad|JJC ng|CCB mga|DTCP kaklase|NNC kong|PRS_CCP magaling|JJD lumangoy|VBAF ?|PMQ
"
2021,"Ang|DTC kaya|CCR ko|PRS lang|RBI ay|LM gumapang|VBAF sa|CCT ilalim|JJD ng|CCB dagat|NNC .|PMP ""|PMS  
"
2022,"""|PMS Dayday|NNP !|PMS
"
2023,"Pani|NNP !|PMS
"
2024,"Subukan|VBOF natin|PRP ang|DTC tinuro|VBOF ni|DTP Mam|NNP !|PMS
"
2025,"Hinga|NNP .|PMP
"
2026,"Langoy|NNP .|PMP
"
2027,"Lingon|NNP sa|CCT kaliwa|JJD ,|PMC lingon|VBOF sa|CCT kanan|JJD .|PMP  
"
2028,"""|PMS Sumisigaw|VBTR_VBAF habang|RBW lumalangoy|VBTR_VBAF si|DTP Bisel|NNP .|PMP
"
2029,"Mabilis|RBD namang|RBI_CCP naghabulan|VBTS ang|DTC dalawa|CDB pataas|NNC .|PMP  
"
2030,"""|PMS Lumangoy|VBAF naman|RBI kaya|CCR tayo|PRP nang|RBD nakapikit|RBD ?|PMQ
"
2031,"Ang|DTC mabunggo|JJD sa|CCT bato|NNC siyang|PRS_CCP talo|NNC !|PMS  
"
2032,"""|PMS Masayang|RBD_CCP naglalaro|VBTR si|DTP Dayday|NNP at|CCA Bisel|NNP habang|RBW lumalangoy|VBTR_VBAF paitaas|RBD .|PMP  
"
2033,"""|PMS Sayang|RBS naman|RBI ng|CCB mga|DTCP ginawa|VBOF namin|PRP ni|DTP Ate|NNP Lani|NNP .|PMP
"
2034,"Hindi|RBF naman|RBI pala|NNC pwede|RBT .|PMP ""|PMS  
"
2035,"""|PMS Ay|NNP ,|PMC ay|LM ,|PMC ay|LM !|PMQ
"
2036,"Alam|VBS ko|PRS na|CCP !|PMS
"
2037,"Pani|NNP ,|PMC alam|VBS ko|PRS na|CCP !|PMS  
"
2038,"""|PMS sigaw|NNC ni|DTP Ate|NNP Lani|NNP .|PMP  
"
2039,"""|PMS May|VBH gagawin|VBTF na|CCP naman|RBI ba|RBI tayo|PRP ?|PMQ
"
2040,"Pero|CCT nandun|VBTS na|CCP sila|PRP ,|PMC ""|PMS malungkot|JJD na|CCP sagot|NNC ko|PRS .|PMP  
"
2041,"""|PMS Hindi|RBF ,|PMC Pani|NNP ,|PMC ganito|PRC nalang|VBTS ,|PMC ""|PMS wika|NNC ni|DTP Ate|NNP Lani|NNP .|PMP
"
2042,"Sinubukan|VBTS namin|PRP ang|DTC naisip|VBTS ni|DTP Ate|NNP Lani|NNP .|PMP  
"
2043,"""|PMS Pwedeng|RBT_CCP -|PMS pwede|VBS !|PMQ ""|PMS  
"
2044,"""|PMS Mam|NNP ,|PMC Mam|NNP ,|PMC Mam|NNP !|PMS  
"
2045,"""|PMS malakas|JJD kong|PRS_CCP tawag|NNC upang|CCB marinig|VBW ni|DTP Mam|NNP sa|CCT taas|NNC .|PMP  
"
2046,"""|PMS Mam|NNP ,|PMC Mam|NNP ,|PMC Mam|NNP ,|PMC sandali|RBW po|RBS !|PMQ ""|PMS  
"
2047,"""|PMS O|NNPA ano|PRQ ,|PMC Pani|NNP ?|PMQ
"
2048,"May|VBH iba|PRI ka|PRS pa|RBI bang|RBI_CCP paraan|NNC ?|PMQ  
"
2049,"""|PMS tanong|NNC ni|DTP Mam|NNP habang|RBW lumalangoy|VBTR_VBAF pababa|RBD .|PMP  
"
2050,"""|PMS Mam|NNP ,|PMC pwede|VBS po|RBS kaya|CCR akong|PRS_CCP sumakay|VBAF sa|CCT likod|NNC ni|DTP Ate|NNP Lani|NNP para|CCT makasabay|VBW ako|PRS sa|CCT mga|DTCP kaklase|NNC ko|PRS papunta|VBW sa|CCT ibabaw|JJD ?|PMQ
"
2051,"Naghihingalong|VBTR_CCP tanong|NNC ko|PRS kay|DTP Mam|NNP .|PMP  
"
2052,"""|PMS Magpapatulong|NNP_CCP ako|PRS sa|CCT kaniyang|PRSP_CCP gabayan|VBOF ako|PRS .|PMP ""|PMS  
"
2053,"""|PMS Kahit|CCT di|RBF ka|PRS marunong|JJD lumangoy|VBAF ,|PMC ""|PMS sagot|NNC ni|DTP Mam|NNP ,|PMC ""|PMS basta|CCT ’|PMS t|NNCA may|VBH gagabay|VBTF sa|CCT ’|NNC yo|NNC ...|PMS ""|PMS ""|PMS ...|PMS pwedeng|RBT_CCP -|PMS pwede|RBT ,|PMC Pani|NNP !|PMS  
"
2054,"""|PMS Gabay|NNP :|PMS Ang|DTC kwento|NNC ni|DTP Pani|NNP ay|LM nagpapakita|VBTR ng|CCB isang|PRI_CCP karakter|NNC na|CCP nangangailangan|VBTR ng|CCB espesyal|JJD na|CCP atensyon|NNC .|PMP
"
2055,"Meron|VBH tayong|PRP_CCP mga|DTCP kaklase|NNC o|CCT kakilala|JJD na|CCP katulad|JJC niya|PRS .|PMP
"
2056,"Ang|DTC mga|DTCP sumusunod|VBTR_VBAF na|CCP tanong|NNC ay|LM maaari|VBS ninyong|RBD_CCP gamitin|VBOF upang|CCB mapag|VBW -|PMS usupan|NNC sa|CCT klase|NNC ang|DTC karanasan|NNC ni|DTP Pani|NNP .|PMP .|PMP
"
2057,"Anong|PRQ_CCP hamon|NNC ang|DTC nararanasan|VBTR ni|DTP Pani|NNP sa|CCT klase|NNC ?|PMQ .|PMP
"
2058,"May|VBH alam|VBS ka|PRS bang|RBI_CCP isa|PRI na|CCP hindi|RBF nakakalangoy|VBTR ?|PMQ
"
2059,"Paano|PRQ sila|PRP nabubuhay|VBTR sa|CCT dagat|NNC ?|PMQ .|PMP
"
2060,"Ilarawan|VBOF si|DTP Pani|NNP .|PMP .|PMP
"
2061,"Paano|PRQ nakasama|VBTS si|DTP Pani|NNP sa|CCT ibabaw|NNC ng|CCB dagat|NNC ?|PMQ .|PMP
"
2062,"Kung|CCR ikaw|PRS si|DTP Pani|NNP ,|PMC gagawa|VBTF ka|PRS ba|RBI ng|CCB paraan|NNC upang|CCB makasama|VBW sa|CCT mga|DTCP kaklase|NNC ?|PMQ
"
2063,"Bakit|PRQ ?|PMQ
"
2064,"Sa|CCT taas|NNC ng|CCB bundok|NNC ,|PMC may|VBH isang|PRI_CCP bayan|NNC –|PMS Ang|DTC munting|JJD_CCP Kamayanan|NNC .|PMP
"
2065,"Ngunit|CCT ang|DTC mga|DTCP nakatira|VBTS ’|FW y|FW tila|RBM mga|DTCP bathala|NNC ;|PMSC ‘|PMS Sing|NNP laki|NNC ng|CCB ulap|NNC ang|DTC mga|DTCP kamay|NNC nila|PRP .|PMP
"
2066,"’|PMS Pag|CCR sila|PRP ’|PMS y|FW pumalakpak|VBAF ,|PMC hatid|JJD ay|LM kulog|NNC ;|PMSC ’|PMS Pag|CCR pinaglapat|VBRF ang|DTC mga|DTCP kamay|NNC ,|PMC pati|CCA balyena|NNC ’|PMS y|FW inaalon|FW .|PMP
"
2067,"Sa|CCT rurok|JJD ,|PMC nananahan|VBTR silang|PRP_CCP kasama|CCB ng|CCB mga|DTCP ibon|NNC ;|PMSC Payapang|NNP_CCP -|PMS payapa|JJD ,|PMC walang|VBN_CCP imik|NNC ni|DTP bulong|NNC .|PMP
"
2068,"Gumapang|NNP_CCP palabas|NNC ng|CCB kuweba|NNC si|DTP CoVully|NNP ;|PMSC Parang|RBM multong|NNC_CCP nagmula|VBTS sa|CCT hukay|NNC .|PMP
"
2069,"Buga|NNP niya|PRS ’|PMS y|FW koronang|NNC_CCP sumasakal|VBAF ,|PMC Hininga|NNP ’|PMS y|FW mauubos|FW ,|PMC at|CCA dilim|NNC ay|LM bumabalot|VBTR_VBAF .|PMP
"
2070,"Ginulat|VBTS ni|DTP CoVully|NNP ang|DTC lahat|PRI ;|PMSC Gumawa|VBAF ng|CCB higanteng|JJD_CCP pandemic|FW !|PMS
"
2071,"Karamiha|NNP ’|PMS y|FW namutla|FW at|CCA nagkasakit|VBTS ;|PMSC Nawala|VBTS ang|DTC mga|DTCP kapatid|NNC ,|PMC lumisan|VBAF nang|RBD mabilis|RBD !|PMQ
"
2072,"Nagtipon|VBTS ang|DTC buong|PRI_CCP Kamayanan|NNP ;|PMSC Nag|PRSP_CCP -|PMS alala|NNC ,|PMC nanginig|VBTS ,|PMC at|CCA pinagpawisan|VBRF :|PMS ""|PMS Anong|PRQ_CCP gagawin|VBTF natin|PRP ?|PMQ
"
2073,"Magkulong|VBW ?|PMQ
"
2074,"Hangang|RBW tayo|PRP ’|PMS y|FW maubos|VBW ,|PMC magtago|VBW ’|PMS t|NNCA sumilong|VBAF ?|PMQ  
"
2075,"""|PMS Tumayo|VBAF si|DTP Tandang|NNP Turo|NNP at|CCA inawit|VBOF ;|PMSC Oyayi|NNP ng|CCB mga|DTCP ina|NNC sa|CCT mga|DTCP batang|JJD_CCP paslit|NNC .|PMP  
"
2076,"""|PMS Tayo|NNP ’|FW y|FW gumising|FW :|PMS umindak|VBTR_VBAF ,|PMC umikot|VBAF ,|PMC ligawan|JJD ang|DTC hangin|NNC ;|PMSC Ating|PRQ_CCP alalahanin|NNC ,|PMC agimat|NNC ng|CCB Kamayanang|NNC_CCP ipinamana|VBTS sa|CCT atin|PRSP .|PMP  
"
2077,"""|PMS Ang|DTC bulungan|NNC at|CCA tawanan|NNC ,|PMC naging|VBTS halakhakan|NNC !|PMS
"
2078,"Anila|NNP ,|PMC nababaliw|VBTR na|CCP yata|RBM sa|CCT katandaan|NNC .|PMP
"
2079,"Lumukso|NNP ’|CDB t|NNCA sumubok|VBAF ang|DTC batang|NNC_CCP si|DTP Kingan|NNP .|PMP  
"
2080,"""|PMS Sa|CCT galaw|NNC ng|CCB mga|DTCP kamay|NNC ,|PMC virus|FW gagawing|VBTF_CCP talunan|NNC !|PMS  
"
2081,"""|PMS Lumitaw|VBAF ang|DTC maduming|JJD_CCP CoVully|FW ,|PMC Mabubuhay|VBTF kaya|CCR sila|PRP ?|PMQ
"
2082,"Hinarap|VBTS siya|PRS ni|DTP Kingan|NNP nang|RBW buong|PRI_CCP loob|NNC at|CCA isip|NNC ;|PMSC Umindak|NNP ,|PMC umawit|VBAF ,|PMC mga|DTCP buhay|NNC ay|LM sinagip|VBTS .|PMP
"
2083,"Sayaw|NNC ng|CCB palad|NNC at|CCA kamay|NNC ;|PMSC Kalarong|JJD_CCP sabon|NNC at|CCA tubig|NNC .|PMP
"
2084,"Hugasan|NNP ,|PMC hilurin|FW ;|PMSC Huwag|RBF mong|PRS_CCP bibiruin|VBTF .|PMP
"
2085,"Sakit|NNP ay|LM iwasan|VBOF ,|PMC virus|FW ay|LM talunin|VBOF ;|PMSC Sayaw|NNC ng|CCB palad|NNC at|CCA kamay|NNC .|PMP
"
2086,"Naalog|NNP ,|PMC nangatog|VBTS si|DTP CoVully|NNP ;|PMSC Mga|DTCP korona|NNC ’|PMS y|FW natigil|VBTS ,|PMC namanhid|VBTS at|CCA natunaw|VBTS .|PMP
"
2087,"Tunay|RBT na|CCP kapangyarihan|NNC ay|LM lumitaw|VBAF ;|PMSC Malilinis|VBTF na|CCP kamay|NNC ay|LM mangingibabaw|VBTR .|PMP
"
2088,"Sumilip|NNP at|CCA sumali|VBAF sa|CCT saliw|NNC ng|CCB oyayi|NNC nang|RBW matauhan|VBW ;|PMSC Winawagayway|VBTR ,|PMC sama|CCB -|PMS samang|NNC_CCP mga|DTCP kamay|NNC ng|CCB bayan|NNC .|PMP  
"
2089,"""|PMS Nasa|RBL atin|PRSP ang|DTC susi|NNC upang|CCB sa|CCT kalamidad|NNC ay|LM magwagi|VBW .|PMP  
"
2090,"""|PMS Habang|RBW natalo|VBTS at|CCA nawala|VBTS si|DTP CoVully|NNP .|PMP
"
2091,"Sa|CCT taas|NNC ng|CCB bundok|NNC ,|PMC may|VBH isang|PRI_CCP bayan|NNC –|PMS Ang|DTC munting|JJD_CCP Kamayanan|NNC .|PMP
"
2092,"Namuhay|VBTS silang|PRP_CCP tila|RBM mga|DTCP bathala|NNC mula|RBW noon|RBW ;|PMSC Sa|CCT ating|PRSP_CCP mga|DTCP kamay|NNC ,|PMC tatalunin|VBTF ang|DTC mga|DTCP hamon|NNC .|PMP
"
2093,"WAKAS|NNPA
"
2094,"""|PMS Tatay|NNC ,|PMC papasok|RBD na|CCP ba|RBI ako|PRS sa|CCT pasukan|NNC ?|PMQ  
"
2095,"""|PMS tanong|NNC ni|DTP Ping|NNP .|PMP  
"
2096,"""|PMS Sana|VBS .|PMP
"
2097,"Kaso|CCR hindi|RBF pa|RBI tayo|PRP sigurado|RBT kung|RBK kailan|RBQ ang|DTC pasukan|NNC dahil|CCR sa|CCT COVID|NNPA -|PMS .|PMP
"
2098,"Kaya|CCR dito|PRL ka|PRS muna|RBI mag|VBW -|PMS aaral|NNC sa|CCT bahay|NNC ,|PMC ""|PMS ang|DTC tugon|NNC ng|CCB kaniyang|PRSP_CCP ama|NNC .|PMP  
"
2099,"""|PMS Sino|PRQ po|RBS ang|DTC magiging|VBTF titser|FW ko|PRS ?|PMQ  
"
2100,"""|PMS ang|DTC nasasabik|VBTR na|CCP tanong|NNC ni|DTP Ping|NNP .|PMP  
"
2101,"""|PMS Ako|PRS siyempre|RBT o|CCT kaya|CCR si|DTP Nanay|NNP mo|PRS ,|PMC ""|PMS ang|DTC nakangiting|JJD_CCP tugon|NNC ni|DTP Tatay|NNP .|PMP  
"
2102,"""|PMS Ano|PRQ po|RBS ang|DTC ituturo|VBTF ninyo|PRP sa|CCT akin|PRSP ,|PMC Tatay|NNC ?|PMQ ""|PMS  
"
2103,"""|PMS Marami|PRI .|PMP
"
2104,"Tuturuan|RBW kitang|RBD_CCP magbasa|VBW ,|PMC magsulat|VBAF ,|PMC at|CCA magbilang|VBAF .|PMP
"
2105,"Magdodrowing|NNP din|RBI tayo|PRP ,|PMC ""|PMS ang|DTC tugon|NNC ng|CCB kaniyang|PRSP_CCP ama|NNC .|PMP
"
2106,"Napaisip|VBTS si|DTP Ping|NNP .|PMP  
"
2107,"""|PMS Wala|VBN naman|RBI tayong|PRP_CCP pisara|NNC .|PMP
"
2108,"Saan|PRQ po|RBS tayo|PRP magsusulat|VBTF ?|PMQ ""|PMS  
"
2109,"""|PMS Marami|PRI tayong|PRP_CCP malalaking|JJD_CCP karton|NNC ,|PMC Ping|NNC .|PMP
"
2110,"Igagawa|VBTS na|RBI lang|RBI kita|NNC .|PMP ""|PMS  
"
2111,"""|PMS Pero|CCT Tatay|NNC ,|PMC wala|VBN naman|RBI po|RBS tayong|PRP_CCP tsok|NNC .|PMP
"
2112,"Ano|PRQ po|RBS ang|DTC ipansusulat|VBTR natin|PRP ?|PMQ ""|PMS  
"
2113,"""|PMS Walang|VBN_CCP problema|NNC ,|PMC anak|NNC .|PMP
"
2114,"Marami|PRI pa|RBI tayong|PRP_CCP imbak|NNC na|CCP uling|NNC .|PMP
"
2115,"Iyon|PRO ang|DTC gagawin|VBTF nating|PRP_CCP tsok|NNC .|PMP ""|PMS  
"
2116,"""|PMS Eh|NNP ,|PMC ano|PRQ naman|RBI po|RBS ang|DTC gagamitin|VBTF kong|PRS_CCP pangkulay|JJD ?|PMQ ""|PMS  
"
2117,"""|PMS May|VBH mga|DTCP lumang|JJD_CCP pangkulay|JJD ang|DTC ate|FW mo.|NNCA .|PMP
"
2118,"Puwede|RBT mong|PRS_CCP gamitin|VBOF ang|DTC mga|DTCP iyon|PRO ,|PMC Ping|FW ,|PMC ""|PMS ang|DTC tugon|NNC ni|DTP Tatay|NNP .|PMP  
"
2119,"""|PMS Sana|VBS maging|VBW tatay|NNC na|CCP ako|PRS agad|RBW ,|PMC ""|PMS ang|DTC nasasabik|VBTR na|CCP wika|NNC ni|DTP Ping|NNP .|PMP  
"
2120,"""|PMS Ha|NNP ?|PMQ
"
2121,"At|CCA bakit|PRQ naman|RBI gusto|VBS mong|PRS_CCP maging|VBW tatay|NNC agad|RBW ?|PMQ  
"
2122,"""|PMS ang|DTC nagtatakang|VBTR wika|NNC ng|CCB kaniyang|PRSP_CCP ama|NNC .|PMP  
"
2123,"""|PMS Gusto|VBS ko|PRS kasing|JJCC maging|VBW titser|FW !|PMS
"
2124,"Ang|DTC tatay|NNC pala|NNC ay|LM titser|FW din|RBI ,|PMC ""|PMS ang|DTC masayang|JJD_CCP wika|NNC ni|DTP Ping|NNP .|PMP  
"
2125,"""|PMS Hahaha|NNP !|PMS
"
2126,"Ikaw|NNP talaga|RBT bunso|NNC ,|PMC pinatawa|VBTS mo|PRS si|DTP Tatay|NNP .|PMP
"
2127,"Hindi|RBF mo|PRS kailangang|VBS_CCP maging|VBW tatay|NNC para|CCT maging|VBW titser|FW .|PMP  
"
2128,"""|PMS Isang|PRI_CCP gabi|RBW ,|PMC habang|RBW maliwanag|JJD ang|DTC buwan|NNC .|PMP
"
2129,"Nakasimangot|RBD si|DTP Ason|NNP habang|RBW tinatanaw|VBTR ang|DTC mga|DTCP kalangitan|NNC .|PMP  
"
2130,"""|PMS Ason|NNP ,|PMC bakit|PRQ ka|PRS nakasimagot|VBTR ?|PMQ  
"
2131,"""|PMS Tanong|NNC ng|CCB kaniyang|PRSP_CCP Ulang|NNC_CCP Bayi|JJD na|CCP nagbubukas|VBTR ng|CCB nganga|NNC habang|RBW nakasakay|VBTS sa|CCT duyan|NNC .|PMP  
"
2132,"""|PMS Nilingon|VBTS niya|PRS ang|DTC matanda|JJD at|CCA sinabihan|VBOF na|CCP :|PMS ""|PMS Tuwing|RBW nakakakita|VBTR ako|PRS ng|CCB bilog|NNC na|CCP buwan|NNC at|CCA mga|DTCP bituin|NNC ay|LM nalulungkot|VBTR ako|PRS ,|PMC ""|PMS nakasimangot|JJD na|CCP sagot|NNC ni|DTP Kabugwasun|NNP .|PMP
"
2133,"Tiningnan|VBOF niya|PRS ang|DTC kaniyang|PRSP_CCP apo|NNC at|CCA ngumiti|VBAF .|PMP  
"
2134,"""|PMS Halika|NNP dito|PRL sa|CCT duyan|NNC dahil|CCR ikekwento|VBOF ko|PRS sa|CCT iyo|PRSP ang|DTC iba|PRI ’|PMS t|NNCA -|PMS ibang|PRI_CCP pormasyon|NNC ng|CCB mga|DTCP bituin|NNC ,|PMC ""|PMS pag|CCR -|PMS anyaya|NNC ni|DTP Ulang|NNP Bayi|NNP sa|CCT kaniyang|PRSP_CCP apo|NNC .|PMP  
"
2135,"""|PMS Sige|NNP ,|PMC Ulang|NNP !|PMS
"
2136,"Makikinig|VBTF ako|PRS ng|CCB mabuti|RBD sa|CCT iyo|PRSP .|PMP ""|PMS  
"
2137,"""|PMS Kapag|CCR lumulubog|VBTR_VBAF ang|DTC araw|NNC at|CCA lumilitaw|VBTR_VBAF ang|DTC buwan|NNC ,|PMC unti|JJD -|PMS unting|FW nagpapakita|VBTR ang|DTC iba|PRI ’|PMS t|NNCA -|PMS ibang|PRI_CCP pormasyon|NNC ng|CCB mga|DTCP bituin|NNC sa|CCT kalangitan|NNC ,|PMC ""|PMS paunang|JJD_CCP kwento|NNC ni|DTP Ulang|NNP Bayi|NNP kay|DTP Kabugwasun|NNP .|PMP  
"
2138,"""|PMS Moroporo|NNP ang|DTC tawag|NNC sa|CCT pormasyon|NNC na|CCP pabilog|JJD .|PMP
"
2139,"Ito|PRO ay|LM binubuo|VBTR ng|CCB pitong|JJN_CCP bituin|NNC .|PMP
"
2140,"Na|CCP nagiging|VBTR batayan|NNC ng|CCB ating|PRSP_CCP taon|NNC .|PMP ""|PMS  
"
2141,"""|PMS Balatik|NNP ang|DTC tawag|NNC sa|CCT pormasyon|NNC ng|CCB mga|DTCP bituin|NNC na|CCP kahugis|JJD ng|CCB armas|NNC na|CCP ginagamit|VBTR sa|CCT paghuli|NNC ng|CCB baboy|NNC -|PMS ramo|NNC .|PMP  
"
2142,"""|PMS Mayroong|VBH_CCP isang|PRI_CCP pormasyon|NNC na|CCP mahirap|RBD hanapin|VBOF ,|PMC Sampuk|NNP -|PMS maya|NNC kung|CCR tawagin|VBOF .|PMP
"
2143,"Madalas|RBD itong|PRO_CCP makita|VBW sa|CCT gitna|JJD ng|CCB Balatik|NNP at|CCA Moroporo|NNP .|PMP ""|PMS  
"
2144,"""|PMS Ang|DTC Krus|NNP nga|RBI Nagatabuli|VBTS ,|PMC itinuturing|VBTR na|CCP orasan|NNC ng|CCB mga|DTCP mangingisda|NNC at|CCA mga|DTCP tumanduk|VBAF .|PMP  
"
2145,"""|PMS Kung|CCR ito|PRO ay|LM nakabaliktad|VBTS ,|PMC ibig|VBS sabihan|VBOF ay|LM ,|PMC alas|FW tres|FW na|CCP ng|CCB umaga|NNC .|PMP ""|PMS  
"
2146,"""|PMS Ang|DTC pormasyon|NNC ng|CCB mga|DTCP bituin|NNC ang|DTC nagsisilbing|VBTR_CCP giya|NNC ng|CCB mga|DTCP tumanduk|VBAF sa|CCT pagsasaka|NNC ,|PMC pangingisda|NNC ,|PMC ang|DTC panghuhuli|NNC ng|CCB hayop|NNC ,|PMC ""|PMS dagdag|JJD pa|RBI ni|DTP Ulang|NNP Bayi|NNP .|PMP  
"
2147,"""|PMS Eh|NNP ,|PMC Ason|NNP meron|VBH akong|PRS_CCP ipapahula|VBOF sa|CCT iyo|PRSP :|PMS Ano|PRQ ang|DTC pinakamalapit|JJCS_JJD na|CCP bituin|NNC sa|CCT atin|PRSP ?|PMQ ""|PMS  
"
2148,"""|PMS Hmmm|NNP .|PMP
"
2149,"Hindi|RBF ko|PRS po|RBS alam|VBS kung|RBK ano|RBQ ,|PMC Ulang|NNC .|PMP  
"
2150,"""|PMS Nahirapan|VBTS sa|CCT pag|CCR -|PMS iisip|VBOF si|DTP Kabugwasun|NNP .|PMP  
"
2151,"""|PMS Araw|NNP .|PMP
"
2152,"Ang|DTC araw|NNC ay|LM isa|PRI ring|RBI_CCP bituin|NNC .|PMP
"
2153,"Ito|PRO ang|DTC pinakamalapit|JJCS_JJD sa|CCT atin|PRSP .|PMP
"
2154,"May|VBH iba|PRI ’|PMS t|NNCA -|PMS ibang|PRI_CCP klase|NNC ng|CCB bituin|NNC .|PMP
"
2155,"May|VBH taglay|JJD na|CCP pagkakaiba|NNC ito|PRO batay|RBR sa|CCT kanilang|PRSP_CCP kulay|NNC ,|PMC panahon|NNC ,|PMC laki|NNC ,|PMC liwanag|NNC ,|PMC at|CCA init|NNC .|PMP ""|PMS  
"
2156,"""|PMS Ay|NNP ,|PMC talaga|RBT ,|PMC Ulang|NNC ?|PMQ
"
2157,"Ang|DTC araw|NNC pala|NNC ay|LM isang|PRI_CCP ring|RBI_CCP bituin|NNC ?|PMQ ""|PMS  
"
2158,"""|PMS Oo|RBT ,|PMC Ason|NNP .|PMP
"
2159,"Kulay|NNP dilaw|JJD na|CCP mapula|NNC -|PMS pula|JJD ang|DTC bituing|NNC_CCP ito|PRO na|CCP siyang|PRS_CCP nagbibigay|VBTR liwanag|NNC sa|CCT ating|PRSP_CCP mundo|NNC !|PMS ""|PMS  
"
2160,"""|PMS Ah|RBJ ,|PMC ganiyan|PRC_CCP pala|NNC ...|PMS Oh|NNP !|PMS  
"
2161,"""|PMS Biglang|RBD_CCP sumigaw|VBAF si|DTP Kabugwasun|NNP .|PMP  
"
2162,"""|PMS Nakita|VBTS mo|PRS ba|RBI yun|PRO ,|PMC Ulang|NNC ?|PMQ
"
2163,"Bakit|PRQ nahuhulog|VBTR ang|DTC mga|DTCP bituing|NNC_CCP yun|PRO ?|PMQ  
"
2164,"""|PMS Lumaki|VBAF ang|DTC mga|DTCP mata|NNC ni|DTP Kabugwasun|NNP sa|CCT kaniyang|PRSP_CCP nakita|VBTS .|PMP  
"
2165,"""|PMS Ah|RBJ !|PMS
"
2166,"Bulalakaw|NNP ang|DTC nakita|VBTS mo.|NNCA .|PMP
"
2167,"Bulalakaw|NNP ang|DTC tawag|NNC sa|CCT nahuhulog|VBTR na|CCP mga|DTCP bituin|NNC .|PMP
"
2168,"Kung|CCR nahulog|VBTS na|RBI sila|PRP sa|CCT lupa|NNC ,|PMC Dulis|NNP na|CCP ang|DTC tawag|NNC dito|PRL ,|PMC ""|PMS pagpapaliwanag|NNC ni|DTP Ulang|NNP Bayi|NNP .|PMP  
"
2169,"""|PMS Ay|NNP ,|PMC ganun|PRC pala|NNC !|PMS  
"
2170,"""|PMS Madami|PRI talaga|RBT akong|PRS_CCP natutunan|VBTR ngayong|RBW_CCP gabi|RBW .|PMP
"
2171,"Ano|PRQ pa|RBI Ulang|RBI ?|PMQ
"
2172,"Gusto|VBS ko|PRS pang|RBI_CCP makinig|VBW sa|CCT iyo|PRSP .|PMP ""|PMS  
"
2173,"""|PMS Bago|RBW tayo|PRP matulog|VBW ,|PMC Ason|NNP ,|PMC kailangan|VBS mo|PRS rin|RBI malaman|VBW na|CCP ikaw|PRS ay|LM ...|PMS ""|PMS ""|PMS Na|CCP ano|PRQ ,|PMC Ulang|NNC ?|PMQ ""|PMS  
"
2174,"""|PMS Ikaw|NNP ,|PMC ay|LM isa|PRI ring|RBI_CCP bituin|NNC .|PMP ""|PMS  
"
2175,"""|PMS Ha|NNP ?|PMQ
"
2176,"Paano|PRQ ako|PRS naging|VBTS isang|PRI_CCP bituin|NNC ,|PMC Ulang|NNC ?|PMQ ""|PMS  
"
2177,"""|PMS Ang|DTC iyong|PRSP_CCP palayaw|NNC na|CCP Ason|NNP ay|LM nanggaling|VBTS sa|CCT salitang|NNC_CCP Kabugwasun|NNP .|PMP
"
2178,"Kabugwasun|NNP ang|DTC tawag|NNC sa|CCT maliwanang|JJD na|CCP bituin|NNC tuwing|RBW madaling|RBD_CCP araw|NNC .|PMP
"
2179,"Para|CCT sa|CCT akin|PRSP ,|PMC isa|PRI ka|PRS ring|RBI_CCP pinakamamahal|JJCS_JJD na|CCP bituin|NNC na|CCP iniwan|VBOF sa|CCT akin|PRSP ng|CCB iyong|PRSP_CCP Nanay|NNC at|CCA Tatay|NNC ,|PMC ""|PMS pagpapaliwanag|NNC ni|DTP Ulang|NNP Bayi|NNP .|PMP  
"
2180,"""|PMS Miss|NNP na|CCP miss|FW ko|PRS na|CCP talaga|RBT sila|PRP Nanay|NNP at|CCA Tatay|NNC .|PMP
"
2181,"Kaya|CCR pala|NNC ako|PRS laging|RBW_CCP nalulungkot|VBTR tuwing|RBW nakakakita|VBTR ako|PRS ng|CCB buwan|NNC at|CCA mga|DTCP bituin|NNC ,|PMC ""|PMS sabi|VBS ni|DTP Kabugwasun|NNP .|PMP  
"
2182,"""|PMS Ason|NNP ,|PMC sa|CCT iyong|PRSP_CCP pagkalungkot|VBW ay|LM tandaad|VBTF mo|PRS na|CCP palagi|RBW kang|PRS_CCP ginagabayan|VBTR ng|CCB iyong|PRSP_CCP Nanay|NNC at|CCA Tatay|NNC .|PMP
"
2183,"Isa|PRI sila|PRP sa|CCT libo|NNC -|PMS libong|JJN_CCP mga|DTCP bituin|NNC na|CCP nagkikislapan|VBTS sa|CCT gabi|RBW ,|PMC ""|PMS pagpapaliwanag|NNC ni|DTP Ulang|NNP Bayi|NNP .|PMP  
"
2184,"""|PMS Maraming|PRI_CCP salamat|RBS ,|PMC Ulang|NNC .|PMP
"
2185,"Kahit|CCT na|CCP wala|VBN na|RBI sina|DTPP Nanay|NNP at|CCA Tatay|NNC ,|PMC nandito|VBTS ka|PRS parin|VBOF na|CCP nagmamahal|VBTR sa|CCT akin|PRSP ,|PMC ""|PMS pahayag|NNC ni|DTP Kabugwasun|NNP habang|RBW mahigpit|JJD na|CCP nakayap|VBTS kay|DTP Ulang|NNP Bayi|NNP .|PMP
"
2186,"Talasalitaan|NNP :|PMS Ulang|NNP -|PMS lola|NNC
"
2187,"""|PMS Mama|NNC ,|PMC bakit|PRQ po|RBS palagi|RBW tayong|PRP_CCP naghuhugas|VBTR ng|CCB ating|PRSP_CCP mga|DTCP kamay|NNC ?|PMQ
"
2188,"tanong|NNC ni|DTP Tamtam|NNP .|PMP
"
2189,"Hindi|RBF sumagot|VBAF ang|DTC kaniyang|PRSP_CCP ina|NNC .|PMP
"
2190,"Tahimik|JJD lang|RBI ito|PRO habang|RBW binabanlawan|VBTR ang|DTC mga|DTCP kamay|NNC ni|DTP Tamtam|NNP .|PMP
"
2191,"Panay|NNP ang|DTC tanong|NNC ni|DTP Tamtam|NNP habang|RBW pinupunasan|VBTR ng|CCB ina|NNC ang|DTC kaniyang|PRSP_CCP mga|DTCP kamay|NNC .|PMP  
"
2192,"""|PMS Bakit|PRQ po|RBS lagi|RBW kayong|NNC_CCP naglalagay|VBTR ng|CCB alkohol|NNC sa|CCT kamay|NNC bago|RBW pumasok|VBAF sa|CCT bahay|NNC kapag|CCR galing|RBL kayo|PRP sa|CCT trabaho|NNC ?|PMQ  
"
2193,"""|PMS tanong|NNC ni|DTP Tamtam|NNP .|PMP
"
2194,"Hindi|RBF pa|RBI rin|RBI sumasagot|VBTR_VBAF ang|DTC ina|NNC .|PMP
"
2195,"Hinawakan|VBOF nito|PRO ang|DTC kamay|NNC ni|DTP Tamtam|NNP at|CCA naglakad|VBTS sila|PRP patungo|RBL sa|CCT mesa|NNC para|CCT maghapunan|VBW .|PMP  
"
2196,"""|PMS Mama|NNP ,|PMC bakit|PRQ po|RBS kayo|PRP nagsusuot|VBTR ng|CCB mask|FW kapag|CCR lumalabas|VBTR_VBAF kayo|PRP ?|PMQ  
"
2197,"""|PMS tanong|NNC ni|DTP Tamtam|NNP na|CCP malungkot|JJD na|CCP dahil|CCR hindi|RBF sumasagot|VBTR_VBAF ang|DTC ina|NNC .|PMP  
"
2198,"""|PMS Tamtam|NNP ,|PMC gusto|VBS mo|PRS bang|RBM marinig|VBW ang|DTC kwento|NNC ni|DTP Kara|NNP at|CCA ng|CCB kaniyang|PRSP_CCP mga|DTCP kaibigan|NNC ?|PMQ  
"
2199,"""|PMS tanong|NNC ni|DTP mama|NNC .|PMP  
"
2200,"""|PMS Sige|NNP po|RBS ,|PMC mama|NNC !|PMS  
"
2201,"""|PMS excited|FW na|CCP sabi|VBS ni|DTP Tamtam|NNP .|PMP  
"
2202,"""|PMS Sige|NNP ,|PMC makinig|VBW ka|PRS nang|RBW mabuti|RBD .|PMP  
"
2203,"""|PMS Sa|CCT palasyo|NNC ng|CCB Mediko|NNP ,|PMC may|VBH tatlong|JJN_CCP magkakaibigan|VBTF ,|PMC si|DTP Kara|NNP ,|PMC Sabby|NNP ,|PMC at|CCA Alco|NNP .|PMP
"
2204,"Nasa|RBL palasyo|NNC lahat|PRI ng|CCB kabutihan|NNC at|CCA doon|PRL lahat|PRI ay|LM malakas|JJD ang|DTC pangangatawan|NNC .|PMP
"
2205,"Kaya|CCR naman|RBI lagi|RBW nila|PRP itong|PRO_CCP binabantayan|VBTR .|PMP
"
2206,"Magulo|JJD ang|DTC pangit|JJD na|CCP si|DTP Covy|NNP ,|PMC nakasakay|VBTS sa|CCT bulang|NNC_CCP matinik|JJD .|PMP
"
2207,"Dala|VBS niya|PRS ’|PMS y|FW bakterya|NNC na|CCP nakakatakot|VBTR !|PMQ
"
2208,"Sa|CCT mga|DTCP tao|NNC siya|PRS ’|PMS y|FW mahilig|JJD makialam|VBW .|PMP
"
2209,"Hindi|RBF napansin|VBTS ni|DTP Sabby|NNP ang|DTC pag|CCR -|PMS atake|NNC ni|DTP Covy|NNP kaya|CCR naubusan|VBTS siya|PRS ng|CCB tubig|NNC at|CCA si|DTP Covy|NNP ay|LM nakatakas|VBTS .|PMP
"
2210,"Hindi|RBF nagpapaawat|VBTR si|DTP Covy|NNP kaya|CCR tumulong|VBAF si|DTP Alco|NNP gamit|VBS ang|DTC asido|NNC .|PMP
"
2211,"Kaya|CCR si|DTP Covy|NNP ay|LM umusok|VBAF .|PMP
"
2212,"Malakas|JJD ang|DTC kalaban|NNC .|PMP  
"
2213,"""|PMS Kara|NNP ,|PMC depensa|NNC !|PMS  
"
2214,"""|PMS sigaw|NNC ng|CCB dalawa|CDB .|PMP  
"
2215,"""|PMS Si|DTP Covy|NNP malapit|JJD na|CCP ,|PMC dala|JJD niya|PRS ang|DTC epidemya|NNC !|PMS  
"
2216,"""|PMS Tumulong|VBAF si|DTP Kara|NNP .|PMP
"
2217,"Gumawa|VBAF siya|PRS ng|CCB panangga|NNC gamit|VBS ang|DTC manipis|JJD na|CCP tela|NNC .|PMP
"
2218,"Binalot|VBTS niya|PRS ang|DTC palasyo|NNC .|PMP
"
2219,"Si|DTP Covy|NNP hindi|RBF makalusot|VBW .|PMP
"
2220,"Bitbit|NNP pauwi|NNC ang|DTC mga|DTCP bakteryang|JJD_CCP nakakatakot|RBD ;|PMSC nanghina|VBTS na|RBI at|CCA natakot|VBTS ,|PMC tumakas|VBAF siya|PRS gamit|VBS ang|DTC sasakyang|NNC_CCP bulok|JJD .|PMP  
"
2221,"""|PMS Yay|NNP !|PMS
"
2222,"Ang|DTC galing|RBL po|RBS pala|NNC nila|PRP Kara|NNP !|PMS  
"
2223,"""|PMS masayang|JJD_CCP wika|NNC ni|DTP Tamtam|NNP .|PMP  
"
2224,"""|PMS Nang|RBW mabalitaan|VBW ng|CCB hari|NNC at|CCA reyna|NNC ang|DTC nangyari|VBTS ,|PMC nagdagdag|VBTS sila|PRP ng|CCB mga|DTCP bantay|NNC sa|CCT palasyo|NNC .|PMP
"
2225,"May|VBH mga|DTCP bago|RBW nang|RBD kasama|CCB sina|DTPP Kara|NNP ;|PMSC Si|DTP Susie|NNP na|CCP mahilig|JJD kumain|VBAF ng|CCB masustansya|JJD .|PMP
"
2226,"Si|DTP Resty|NNP na|CCP laging|JJD_CCP natutulog|VBTR sa|CCT tamang|JJD_CCP oras|NNC .|PMP
"
2227,"Si|DTP Vicky|NNP na|CCP hindi|RBF natatakot|VBTR magpabakuna|VBW .|PMP
"
2228,"Si|DTP Dexter|NNP na|CCP mahilig|JJD mag|VBW -|PMS ehersisyo|NNC .|PMP
"
2229,"Natakot|VBTS si|DTP Covy|NNP na|CCP bumalik|VBAF sa|CCT palasyo|NNC nang|CCB mabalitaang|RBD_CCP marami|PRI nang|CCB kasama|CCB sina|DTPP Kara|NNP .|PMP  
"
2230,"""|PMS patuloy|RBD na|CCP pagkukwento|VBW ng|CCB ina|NNC .|PMP  
"
2231,"""|PMS Masustansya|NNP po|RBS ba|RBI ang|DTC hapunan|NNC natin|PRP ,|PMC mama|NNC ?|PMQ  
"
2232,"""|PMS tanong|NNC ni|DTP Tamtam|NNP .|PMP  
"
2233,"""|PMS Oo|RBT ,|PMC Tamtam|NNC ,|PMC ang|DTC pinakbet|FW ay|LM iba|PRI -|PMS ibang|PRI_CCP uri|NNC ng|CCB gulay|NNC ,|PMC isda|NNC at|CCA hipon|NNC kaya|CCR masustansya|VBW ito|PRO .|PMP
"
2234,"Uminom|VBAF ka|PRS ng|CCB tubig|NNC at|CCA magtoothbrush|VBTF_VBAF agad|RBW dahil|CCR matutulog|JJD tayo|PRP ng|CCB maaga|JJD .|PMP  
"
2235,"""|PMS mahinahong|JJD_CCP tugon|NNC ng|CCB ina|NNC .|PMP
"
2236,"Sinunod|VBTS ni|DTP Tamtam|NNP ang|DTC utos|NNC ng|CCB ina|NNC .|PMP  
"
2237,"""|PMS Salamat|RBS po|RBS mama|NNC sa|CCT iyong|PRSP_CCP kwento|NNC .|PMP
"
2238,"Marami|PRI akong|PRS_CCP natutunan|VBTS ,|PMC ""|PMS wika|NNC ni|DTP Tamtam|NNP .|PMP
"
2239,"Si|DTP Kokoy|NNP ay|LM naninirahan|VBTR malapit|JJD sa|CCT dagat|NNC .|PMP
"
2240,"Tuwing|RBW hapon|RBW ay|LM isinasama|VBTR siya|PRS ng|CCB kaniyang|PRSP_CCP Lolo|NNC sa|CCT pamimingwit|NNC ng|CCB isda|NNC o|CCT panghuhuli|NNC ng|CCB mga|DTCP alimasag|NNC .|PMP
"
2241,"Isang|PRI_CCP araw|NNC ,|PMC habang|RBW sumisilong|VBTR_VBAF sila|PRP sa|CCT lilim|NNC ng|CCB puno|NNC ng|CCB Talisay|NNP ay|LM nakakita|VBTS siya|PRS ng|CCB isang|PRI_CCP hayop|NNC na|CCP gumagapang|VBTR_VBAF sa|CCT buhangin|NNC .|PMP
"
2242,"Hinuli|VBTS niya|PRS ito|PRO at|CCA iniuwi|VBTS sa|CCT kanilang|PRSP_CCP bahay|NNC .|PMP  
"
2243,"""|PMS Lola|NNP ,|PMC may|VBH nakita|VBTS akong|PRS_CCP hayop|NNC sa|CCT buhangin|NNC .|PMP
"
2244,"Ano|PRQ ang|DTC tawag|NNC dito|PRL ?|PMQ ""|PMS  
"
2245,"""|PMS Ay|RBF naku|VBTS ,|PMC Kokoy|NNP !|PMS
"
2246,"Umang|NNP -|PMS umang|NNC_CCP iyan|PRO .|PMP
"
2247,"Ano|PRQ ang|DTC gagawin|VBTF mo|PRS diyan|PRL ?|PMQ ""|PMS  
"
2248,"""|PMS Gagawin|VBTF ko|PRS sana|VBS siyang|PRS_CCP alaga|NNC .|PMP ""|PMS  
"
2249,"""|PMS Naku|NNP ,|PMC Kokoy|NNP !|PMS
"
2250,"Halos|JJD lahat|PRI ng|CCB umang|NNC_CCP -|PMS umang|VBS ay|LM hindi|RBF ginagawang|VBTR_CCP alaga|NNC ,|PMC ""|PMS sabi|VBS ng|CCB kaniyang|PRSP_CCP lola|NNC .|PMP  
"
2251,"""|PMS Kailangan|VBS nila|PRP ng|CCB kasama|CCB ,|PMC at|CCA mas|JJCC nakabubuti|VBTR kung|CCR nandoon|RBL sila|PRP mismo|RBT sa|CCT kanilang|PRSP_CCP tirahan|NNC .|PMP  
"
2252,"""|PMS Ngunit|CCT kahit|CCT na|CCP sinabihan|VBTS na|CCP ito|PRO ng|CCB kaniyang|PRSP_CCP lola|NNC ,|PMC inilagay|VBOF pa|RBI rin|RBI ni|DTP Kokoy|NNP sa|CCT labador|FW and|FW umang|FW -|PMS umang|VBAF .|PMP
"
2253,"Nilagyan|VBTS niya|PRS ng|CCB buhangin|NNC at|CCA mga|DTCP bato|NNC ang|DTC sisidlan|NNC nito|PRO .|PMP
"
2254,"Binigyan|VBOF niya|PRS ng|CCB tinadtad|VBOF na|CCP niyog|NNC at|CCA tubig|NNC na|CCP nakalagay|VBTS sa|CCT tansan|NNC ang|DTC kanyang|PRSP_CCP bagong|JJD_CCP alaga|NNC .|PMP
"
2255,"Sa|CCT unang|JJN_CCP araw|NNC ,|PMC malakas|JJD pa|RBI na|CCP gumagapang|VBTR_VBAF ang|DTC umang|NNC_CCP -|PMS umang|VBAF sa|CCT buhangin|NNC .|PMP
"
2256,"Ngunit|CCT ,|PMC pagkalipas|VBW ng|CCB ilang|PRQ_CCP araw|NNC ay|LM unti|JJD -|PMS unti|JJD na|CCP itong|PRO_CCP nanghina|VBTS .|PMP
"
2257,"Isang|PRI_CCP hapon|NNC ,|PMC inilagay|VBTS ni|DTP Kokoy|NNP ang|DTC umang|VBAF -|PMS umang|VBAF sa|CCT garapon|NNC at|CCA binitbit|VBOF ito|PRO sa|CCT kaniyang|PRSP_CCP paglalakad|NNC sa|CCT tabing|NNC -|PMS dagat|NNC .|PMP  
"
2258,"""|PMS Kokoy|NNP ,|PMC bakit|PRQ ka|PRS nag|NNCA -|PMS iisa|PRI dyan|NNC ?|PMQ  
"
2259,"""|PMS tanong|NNC ng|CCB kaniyang|PRSP_CCP lolo|NNC .|PMP  
"
2260,"""|PMS Wala|VBN kasing|JJCC may|VBH gustong|VBS_CCP makipagkaibigan|VBW sa|CCT akin|PRSP ,|PMC Lolo|NNC .|PMP  
"
2261,"""|PMS Sa|CCT ilalim|JJD ng|CCB puno|NNC ng|CCB talisay|NNC ay|LM pinagmasdan|VBRF ni|DTP Kokoy|NNP ang|DTC umang|VBAF -|PMS umang|VBAF na|CCP mistulang|RBM gustong|VBS_CCP -|PMS gusto|VBS nang|RBW kumawala|VBAF sa|CCT garapon|NNC .|PMP
"
2262,"Ngunit|CCT ,|PMC lagi|JJD lang|RBI itong|PRO_CCP nagdadausdos|VBTR .|PMP  
"
2263,"""|PMS Magkaibigan|NNP tayo|PRP ha|NNCA ,|PMC ""|PMS sabi|VBS ni|DTP Kokoy|NNP sa|CCT umang|NNC_CCP -|PMS umang|VBAF .|PMP
"
2264,"Makalipas|VBW ang|DTC ilang|PRQ_CCP araw|NNC ay|LM takang|NNC_CCP -|PMS taka|NNC si|DTP Kokoy|NNP kung|RBK bakit|RBQ laging|RBD_CCP nagtatago|VBTR ang|DTC umang|NNC_CCP -|PMS umang|VBAF sa|CCT kaniyang|PRSP_CCP alukaba|NNC .|PMP
"
2265,"Lagi|RBW rin|RBI itong|PRO_CCP naghuhukay|VBTS ng|CCB buhangin|NNC at|CCA minsanan|RBW lang|RBI kung|CCR kumain|VBAF o|CCT uminom|VBAF ng|CCB tubig|NNC .|PMP
"
2266,"Naalala|VBTS ni|DTP Kokoy|NNP ang|DTC sinabi|VBTS ng|CCB kaniyang|PRSP_CCP Lola|NNC tungkol|RBR sa|CCT mga|DTCP umang|NNC_CCP -|PMS umang|VBAF .|PMP
"
2267,"May|VBH kalungkutang|NNC_CCP nagpasya|VBTS si|DTP Kokoy|NNP .|PMP  
"
2268,"""|PMS Kaibigan|JJD kong|PRS_CCP umang|VBAF_CCP -|PMS umang|VBAF_CCP huwag|RBF ka|PRS nang|RBW malungkot|JJD .|PMP  
"
2269,"""|PMS Dinala|VBOF ni|DTP Kokoy|NNP ang|DTC garapon|NNC sa|CCT tabing|NNC -|PMS dagat|NNC at|CCA binuksan|VBOF ito|PRO .|PMP
"
2270,"Dagling|NNP gumapang|VBAF ang|DTC umang|NNC_CCP -|PMS umang|VBAF patungo|RBL sa|CCT buhangin|NNC .|PMP
"
2271,"Hindi|RBF napansin|VBTS ni|DTP Kokoy|NNP na|CCP may|VBH batang|JJD_CCP lumalapit|VBTR_VBAF sa|CCT kaniya|PRSP .|PMP  
"
2272,"""|PMS Uy|NNP !|PMS
"
2273,"Ano|PRQ ang|DTC ginagawa|VBTR mo|PRS diyan|PRL sa|CCT buhangin|NNC ?|PMQ  
"
2274,"""|PMS Ito|PRO ang|DTC unang|JJN_CCP beses|NNC na|CCP may|VBH batang|JJD_CCP gustong|VBS_CCP kumausap|VBAF kay|DTP Kokoy|NNP .|PMP  
"
2275,"""|PMS Ibinalik|VBTS ko|PRS ang|DTC aking|PRSP_CCP alagang|NNC_CCP umang|VBAF -|PMS umang|VBAF sa|CCT kaniyang|PRSP_CCP tirahan|NNC .|PMP ""|PMS  
"
2276,"""|PMS Ay|NNP ,|PMC nag|VBTS -|PMS alaga|NNC ka|PRS pala|NNC ng|CCB umang|NNC_CCP -|PMS umang|VBAF_CCP ?|PMQ ""|PMS  
"
2277,"""|PMS Oo|RBT ,|PMC pero|CCT pinakawalan|VBOF ko|PRS na|CCP ito|PRO .|PMP
"
2278,"Kailangan|VBS niya|PRS kasi|CCR ng|CCB kasama|CCB sabi|VBS ni|DTP Lola|NNP ,|PMC ""|PMS paliwanag|NNC ni|DTP Kokoy|NNP .|PMP  
"
2279,"""|PMS Mabuti|JJD at|CCA may|VBH kasama|CCB na|CCP ito|PRO ngayon|RBW .|PMP
"
2280,"Tara|NNP !|PMS
"
2281,"Makipaglaro|VBW ka|PRS sa|CCT amin|PRSP ,|PMC ""|PMS anyaya|NNC ng|CCB bata|NNC .|PMP
"
2282,"Tumakbo|VBAF ang|DTC bata|NNC kasama|CCB si|DTP Kokoy|NNP papunta|RBL sa|CCT iba|PRI pang|RBI_CCP mga|DTCP bata|NNC .|PMP
"
2283,"Isa|PRI -|PMS isa|PRI silang|PRP_CCP nagpakilala|VBTS kay|DTP Kokoy|NNP .|PMP
"
2284,"Doon|PRL sila|PRP tumalon|VBAF -|PMS talon|NNC sa|CCT tintin|FW -|PMS baka|NNC at|CCA tumawa|VBAF sa|CCT paglaro|VBW ng|CCB siyato|NNC at|CCA ins|FW -|PMS ins|FW .|PMP
"
2285,"Labis|JJCS ang|DTC tuwa|NNC ni|DTP Kokoy|NNP sa|CCT kaniyang|PRSP_CCP mga|DTCP bagong|JJD_CCP kalaro|NNC .|PMP  
"
2286,"""|PMS Babalik|VBTF ka|PRS pa|RBI ulit|RBW dito|PRL sa|CCT dagat|NNC ha|NNCA ?|PMQ  
"
2287,"""|PMS sabi|VBS ng|CCB kaniyang|PRSP_CCP bagong|JJD_CCP kaibigan|NNC .|PMP  
"
2288,"""|PMS Maglalaro|VBTF pa|RBI tayo|PRP .|PMP ""|PMS  
"
2289,"""|PMS Oo|RBT ,|PMC sasali|VBTF ulit|RBW ako|PRS sa|CCT inyo|PRSP .|PMP  
"
2290,"""|PMS At|CCA nang|CCB hapong|NNC_CCP iyon|PRO ,|PMC habang|RBW papalubog|JJD ang|DTC araw|NNC ,|PMC ay|LM masayang|JJD_CCP naglakad|VBTS si|DTP Kokoy|NNP pauwi|NNC sa|CCT kanilang|PRSP_CCP tahanan|NNC .|PMP
"
2291,"Talasalitaan|NNP :|PMS Tintin|NNP -|PMS baka|NNC ,|PMC siyato|NNC ,|PMC Ins|NNC -|PMS ins|FW -|PMS mga|DTCP larong|NNC_CCP pinoy|JJD Palaging|RBD_CCP nag|VBTS -|PMS iisa|JJD ang|DTC batang|NNC_CCP si|DTP Kokoy|NNP dahil|CCR wala|VBN itong|PRO_CCP mga|DTCP kalaro|NNC .|PMP
"
2292,"Isang|PRI_CCP araw|NNC ay|LM nakakita|VBTS sya|PRS ng|CCB isang|PRI_CCP umang|JJD_CCP -|PMS umang|VBAF .|PMP
"
2293,"Magkakaroon|VBTF na|CCP kaya|CCR ng|CCB kaibigan|NNC si|DTP Kokoy|NNP ?|PMQ
"
2294,"Ilang|PRQ_CCP araw|NNC nang|RBW walang|VBN_CCP tigil|NNC ang|DTC ulan|NNC ,|PMC pero|CCT ’|NNC yon|PRO ang|DTC unang|JJN_CCP beses|NNC na|CCP kumulog|JJD na|CCP sobrang|JJCS_CCP lakas|NNC .|PMP
"
2295,"Nasindak|VBTS si|DTP Lilly|NNP ,|PMC na|CCP nakatulog|VBTS sa|CCT pagdrowing|NNC ng|CCB sisiw|NNC ng|CCB pato|NNC nila|PRP .|PMP
"
2296,"Meron|VBH silang|PRP_CCP isang|PRI_CCP matandang|JJD_CCP pato|NNC na|CCP nangitlog|VBTS ng|CCB lima|CDB .|PMP
"
2297,"Ang|DTC saya|NNC ni|DTP Lilly|NNP dahil|CCR unang|JJN_CCP beses|NNC niya|PRS itong|PRO_CCP magkaroon|VBW ng|CCB alaga|NNC .|PMP
"
2298,"Ngunit|CCT lalong|JJCC_CCP lumakas|VBAF ang|DTC ulan|NNC .|PMP
"
2299,"Di|RBF nila|PRP napansin|VBTS ang|DTC pagtaas|NNC ng|CCB tubig|NNC .|PMP
"
2300,"Sinapaw|NNP ang|DTC tirahan|NNC ng|CCB mag|VBW -|PMS inang|NNC_CCP pato|NNC .|PMP
"
2301,"Gininaw|NNP ang|DTC tanging|JJD_CCP sisiw|NNC hanggang|RBW sa|CCT nawalan|VBTS ng|CCB buhay|NNC .|PMP
"
2302,"Solong|JJD_CCP anak|NNC lamang|RBI si|DTP Lilly|NNP .|PMP
"
2303,"Dati|RBW gusto|VBS niyang|PRS_CCP bumaba|VBAF ang|DTC mga|DTCP higante|RBD sa|CCT langit|NNC upang|CCB makipaglaro|VBW sa|CCT kaniya|PRSP doon|PRL sa|CCT palayan|NNC malapit|JJD sa|CCT ilog|NNC .|PMP
"
2304,"Tuwing|RBW umuulan|VBTR_VBAF ,|PMC naghihintay|VBTR siya|PRS na|CCP marinig|VBW ang|DTC langit|NNC dahil|CCR senyales|NNC ‘|PMS yan|PRO na|CCP ang|DTC higante|RBD mga|DTCP higante|RBD ay|LM naghahabulan|VBTR sa|CCT itaas|JJD .|PMP
"
2305,"Hinihintay|VBTR ni|DTP Lilly|NNP na|CCP may|VBH bumaba|VBAF sa|CCT langit|NNC .|PMP
"
2306,"Kapag|CCR naiisip|VBTR ito|PRO ni|DTP Lilly|NNP ,|PMC di|RBF niya|PRS mapigilang|RBD_CCP mapangiti|VBW .|PMP
"
2307,"Mas|JJCC lalo|JJCC pa|RBI siyang|PRS_CCP natuwa|VBTS nang|CCB nangingitlog|VBTR na|CCP ang|DTC pato|NNC .|PMP
"
2308,"Angkop|NNP na|CCP walang|VBN_CCP tigil|NNC ang|DTC ulan|NNC ,|PMC gusto|VBS ng|CCB mga|DTCP pato|NNC ang|DTC lalanguyan|NNC .|PMP
"
2309,"Pero|CCT nang|RBW namatay|VBTS ang|DTC kaisa|NNC -|PMS isang|PRI_CCP sisiw|NNC ,|PMC nagtampo|VBTS siya|PRS kay|DTP Langit|NNP ,|PMC inayawan|VBTS na|RBI rin|RBI niya|PRS ang|DTC mga|DTCP higante|RBD .|PMP
"
2310,"Kinusot|NNP muna|RBI ni|DTP Lilly|NNP ang|DTC mga|DTCP mata|NNC niya|PRS at|CCA pagkatapos|VBW tiningnan|VBOF ng|CCB husto|JJD ang|DTC iginuhit|VBTF niyang|PRS_CCP pato|NNC na|CCP pinangalanan|VBTS niyang|PRS_CCP ""|PMS Maggy|NNP ""|PMS .|PMP
"
2311,"Iniwan|VBOF muna|RBI niya|PRS ang|DTC drowing|FW sa|CCT kama|NNC at|CCA pakatapos|NNC ay|LM dumiretso|VBAF sa|CCT kusina|NNC .|PMP  
"
2312,"""|PMS Mama|NNP ,|PMC namatay|VBTS tuloy|JJD si|DTP Maggy|NNP dahil|CCR dito|PRL sa|CCT walang|VBN_CCP tigil|NNC na|CCP ulan|NNC ,|PMC ""|PMS sabi|VBS ni|DTP Lilly|NNP .|PMP  
"
2313,"""|PMS Iisa|JJD na|RBI lang|RBI nga|RBI .|PMP ""|PMS  
"
2314,"""|PMS Hayaan|VBOF mo|PRS ,|PMC Lilly|FW ,|PMC mangingitlog|VBW pa|RBI ang|DTC pato|NNC natin|PRP ,|PMC ""|PMS sabi|VBS ni|DTP Mama|NNP na|CCP naghihiwa|VBTS ng|CCB sibuyas|NNC .|PMP  
"
2315,"""|PMS Bakit|PRQ di|RBF tumitigil|VBTR_VBAF si|DTP Langit|NNP sa|CCT pag|CCR -|PMS iyak|NNC ?|PMQ  
"
2316,"""|PMS tanong|NNC ni|DTP Lilly|NNP .|PMP  
"
2317,"""|PMS Nalulumbay|VBTR pa|RBI si|DTP Langit|NNP ,|PMC Lilly|FW ,|PMC ""|PMS sagot|NNC ni|DTP Mama|NNP .|PMP
"
2318,"Alam|VBS ni|DTP Mama|NNP na|CCP nalungkot|VBTS si|DTP Lilly|NNP sa|CCT namatay|VBTS nilang|PRP_CCP sisiw|NNC na|CCP pato|NNC .|PMP  
"
2319,"""|PMS Ayokong|NNP_CCP umiyak|VBAF tulad|JJC ni|DTP Langit|NNP .|PMP
"
2320,"Di|RBF ako|PRS iiyak|VBTF ,|PMC ""|PMS bulong|NNC ni|DTP Lilly|NNP sa|CCT sarili|NNC niya|PRS habang|RBW nakasilong|VBTS siya|PRS sa|CCT labas|NNC ng|CCB pintuan|NNC sa|CCT kusina|NNC .|PMP
"
2321,"Pinipigilan|VBTR niyang|PRS_CCP bumuhos|VBAF ang|DTC luha|NNC niya|PRS kahit|CCT nangungulila|VBTR na|CCP siya|PRS kay|DTP Maggy|NNP .|PMP
"
2322,"Parang|CCT may|VBH mga|DTCP insektong|JJD_CCP gusto|VBS nang|RBW lumabas|VBAF sa|CCT dibdib|NNC niya|PRS upang|CCB sumama|VBAF sa|CCT ulan|NNC ,|PMC pero|CCT ayaw|VBS niyang|PRS_CCP bitawan|VBOF dahil|CCR ayaw|RBF niyang|PRS_CCP tularan|NNC ang|DTC gawi|NNC ni|DTP Langit|NNP .|PMP
"
2323,"Klaaaaattt|NNP !|PMS
"
2324,"Duguduuuu|NNP ,|PMC Duuuumm|NNP !|PMS
"
2325,"Biglang|RBD_CCP umugong|VBAF ang|DTC Langit|NNP .|PMP
"
2326,"Dali|NNP -|PMS daling|FW bumalik|VBAF si|DTP Lilly|NNP sa|CCT kuwarto|NNC niya|PRS .|PMP
"
2327,"Sumilip|VBAF siya|PRS sa|CCT labas|NNC ng|CCB bintana|NNC kung|CCR may|VBH natamaan|VBTS na|CCP puno|JJD ang|DTC kidlat|NNC .|PMP
"
2328,"Nanlaki|VBTS ang|DTC mga|DTCP mata|NNC ni|DTP Lilly|NNP sa|CCT nakita|VBTS niya|PRS .|PMP
"
2329,"Nabitawan|VBTS niya|PRS bigla|JJD ang|DTC papel|NNC na|CCP hawak|JJD -|PMS hawak|JJD .|PMP  
"
2330,"""|PMS Hello|NNP ,|PMC Lilly|FW ,|PMC ""|PMS sabi|VBS ng|CCB nakangiting|VBTR_CCP higante|RBD na|CCP may|VBH bunging|NNC_CCP ngipin|NNC .|PMP  
"
2331,"""|PMS Uy|NNP ,|PMC baka|RBM matakot|VBW sa|CCT ’|NNC yo|NNC ang|DTC bata|NNC ,|PMC ""|PMS sabi|VBS naman|RBI ng|CCB isa|PRI habang|RBW itinataas|VBTR ang|DTC kaniyang|PRSP_CCP maluwag|JJD na|CCP salawal|NNC .|PMP
"
2332,"Di|RBF makagalaw|VBW si|DTP Lilly|NNP .|PMP
"
2333,"Nakasandal|RBD lamang|RBI siya|PRS sa|CCT bintana|NNC na|CCP halo|JJD -|PMS halo|JJD ang|DTC nararamdaman|VBTR .|PMP  
"
2334,"""|PMS Matagal|JJD ka|PRS na|CCP naming|PRP_CCP inoobserbahan|VBTR ,|PMC Lilly|FW ,|PMC ""|PMS sabi|VBS ng|CCB matabang|JJD_CCP higante|RBD na|CCP may|VBH maamong|JJD_CCP mga|DTCP mata|NNC .|PMP  
"
2335,"""|PMS Gusto|VBS sana|VBS naming|PRP_CCP makipaglaro|VBW sa|CCT ‘|NNC yo|NNC ,|PMC pero|CCT di|RBF kami|PRP makababa|VBW .|PMP  
"
2336,"""|PMS Sasagot|VBTF na|CCP sana|VBS si|DTP Lilly|NNP pero|CCT may|VBH sinabi|VBTS ang|DTC mas|JJCC matangkad|JJD na|CCP higante|RBD .|PMP
"
2337,"Naunahan|VBTS siya|PRS nito|PRO ,|PMC at|CCA pagkatapos|VBW ay|LM umupo|VBAF malapit|JJD sa|CCT bintana|NNC kung|CCR nasaan|JJD si|DTP Lilly|NNP .|PMP  
"
2338,"""|PMS Wala|VBN kasi|CCR kaming|PRP_CCP malabasan|VBW para|CCT makababa|VBW dito|PRL sa|CCT lupa|NNC dahil|CCR iyak|NNC nang|RBW iyak|NNC pa|RBI rin|RBI si|DTP Langit|NNP ,|PMC ""|PMS nasagot|VBTS ng|CCB pinakamatangkad|JJCS_JJD na|CCP higante|RBD ang|DTC tanong|NNC ni|DTP Lilly|NNP sa|CCT isip|NNC .|PMP  
"
2339,"""|PMS Bumaba|VBAF kami|PRP upang|CCB ibalik|VBOF si|DTP Maggy|NNP .|PMP ""|PMS  
"
2340,"""|PMS Si|DTP Maggy|NNP ?|PMQ
"
2341,"Huwag|RBF na|CCP ninyong|RBD_CCP ibalik|VBOF si|DTP Maggy|NNP !|PMS
"
2342,"Nilunod|VBTS siya|PRS ni|DTP Langit|NNP .|PMP
"
2343,"Di|RBF na|RBI lang|RBI sana|VBS kayo|PRP bumaba|VBAF !|PMQ
"
2344,"Dinakip|NNP ninyo|PRP dapat|VBS si|DTP Langit|NNP at|CCA ikinulong|VBTS !|PMS
"
2345,"Ayokong|NNP_CCP kong|PRS_CCP umiyak|VBAF tulad|JJC ni|DTP Langit|NNP .|PMP
"
2346,"Di|RBF ako|PRS iiyak|VBTF .|PMP  
"
2347,"""|PMS Pinigilan|VBTS ni|DTP Lilly|NNP ang|DTC sarili|NNC kahit|CCT naiiyak|VBTR na|CCP siya|PRS .|PMP
"
2348,"Sasarahan|NNP na|CCP sana|VBS niya|PRS ang|DTC bintana|NNC nang|RBW dinukot|VBOF ng|CCB matabang|JJD_CCP higante|RBD ang|DTC sisiw|NNC sa|CCT bulsa|NNC ng|CCB damit|NNC nito|PRO .|PMP  
"
2349,"""|PMS Kwak|NNP ,|PMC kwak|NNC ,|PMC kwak|NNC !|PMS  
"
2350,"""|PMS huni|NNC ni|DTP Maggy|NNP habang|RBW nasa|RBL palad|NNC siya|PRS ng|CCB matabang|JJD_CCP higante|RBD .|PMP  
"
2351,"""|PMS Ma|NNP …|PMS Maggy|NNP ?|PMQ  
"
2352,"""|PMS sabi|VBS ni|DTP Lilly|NNP habang|RBW lumilingon|VBTR_VBAF .|PMP
"
2353,"Di|RBF niya|PRS alam|VBS kung|CCR kaya|CCR niya|PRS pang|RBI_CCP pigilan|VBOF ang|DTC iyak|NNC niya|PRS .|PMP
"
2354,"Dahan|NNP -|PMS dahang|NNC_CCP isinuksok|VBTR ng|CCB higante|RBD ang|DTC kamay|NNC niya|PRS sa|CCT bintana|NNC at|CCA inilagay|VBTS ang|DTC sisiw|NNC na|CCP pato|NNC sa|CCT kama|NNC .|PMP  
"
2355,"""|PMS Lilly|NNP ,|PMC heto|NNC si|DTP Maggy|NNP .|PMP
"
2356,"Di|RBF kami|PRP nagsisinungaling|VBTR .|PMP
"
2357,"Ano|PRQ ang|DTC problema|NNC at|CCA ayaw|RBF mo|PRS siyang|PRS_CCP makitang|VBW_CCP muli|RBW ?|PMQ  
"
2358,"""|PMS sabi|VBS ng|CCB higanteng|JJD_CCP maamo|RBD ang|DTC mata|NNC .|PMP  
"
2359,"""|PMS Ayokong|NNP_CCP umiyak|VBAF tulad|JJC ni|DTP Langit|NNP .|PMP
"
2360,"Di|RBF ako|PRS iiyak|VBTF ,|PMC ""|PMS sagot|NNC ni|DTP Lilly|NNP ,|PMC sabay|RBD kusot|RBD ng|CCB mata|NNC .|PMP  
"
2361,"""|PMS Alam|VBS mo|PRS kung|RBK bakit|RBQ umiiyak|VBTR_VBAF si|DTP Langit|NNP ?|PMQ  
"
2362,"""|PMS nakangiting|VBTS sabi|VBS ng|CCB matabang|JJD_CCP higante|RBD .|PMP  
"
2363,"""|PMS Nalulungkot|VBTR si|DTP Langit|NNP dahil|CCR malubha|JJD na|CCP ang|DTC init|NNC dito|PRL sa|CCT inyo|PRSP ,|PMC ""|PMS sabi|VBS ng|CCB mas|JJCC matangkad|JJD na|CCP higante|RBD .|PMP  
"
2364,"""|PMS Kaya|CCR kahit|CCT ayaw|RBF niyang|PRS_CCP umiyak|VBAF ,|PMC ginawa|VBTS niya|PRS pa|RBI rin|RBI upang|CCB matulungan|VBW ang|DTC mundo|NNC ,|PMC ""|PMS sabi|VBS ng|CCB isa|PRI pang|RBI_CCP higante|RBD .|PMP  
"
2365,"""|PMS Nadamay|NNP tuloy|JJD si|DTP Maggy|NNP .|PMP ""|PMS  
"
2366,"""|PMS Ayaw|RBF ni|DTP Langit|NNP na|CCP malungkot|JJD ka|PRS kaya|CCR sa|CCT pag|CCR -|PMS iyak|NNC niya|PRS ,|PMC nagkaroon|VBTS kami|PRP ng|CCB daanan|NNC para|CCT madala|VBW si|DTP Maggy|NNP papunta|RBL sa|CCT ‘|NNC yo|NNC ,|PMC ""|PMS sabi|VBS ng|CCB mas|JJCC matangkad|JJD na|CCP higante|RBD .|PMP  
"
2367,"""|PMS Wala|VBN namang|RBI_CCP problema|NNC kung|CCR tutularan|VBTF mo|PRS si|DTP Langit|NNP ,|PMC Lilly|FW ,|PMC ""|PMS sabi|VBS ng|CCB higante|RBD na|CCP may|VBH pinakamaamong|JJCS_JJD na|CCP mata|NNC .|PMP  
"
2368,"""|PMS Luha|NNP ang|DTC didilig|FW sa|CCT nalantang|VBTS_CCP pag|CCR -|PMS asa|NNC sa|CCT puso|NNC natin|PRP .|PMP ""|PMS  
"
2369,"""|PMS Tulad|JJC ni|DTP Langit|NNP ,|PMC dinilig|VBTS niya|PRS ang|DTC mga|DTCP nalalanta|VBTR nang|CCB mga|DTCP pananim|NNC sa|CCT mundo|NNC ,|PMC ""|PMS sabi|VBS ng|CCB pinakabatang|JJCS_JJD_CCP higante|RBD .|PMP  
"
2370,"""|PMS Kaya|CCR ,|PMC iiyak|VBTF mo|PRS na|RBI ang|DTC nadarama|VBTS mo.|NNCA ""|PMS Nasindak|VBTS hanggang|RBW namangha|VBTS ang|DTC mga|DTCP higante|RBD nang|RBD nagsilabasan|VBTS ang|DTC mga|DTCP tutubi|NNC sa|CCT dibdib|NNC ni|DTP Lilly|NNP .|PMP
"
2371,"Masaya|NNP silang|PRP_CCP lumipad|VBAF papunta|RBD kay|DTP Langit|NNP na|CCP nagsisimula|VBTR na|CCP ulit|RBW magliwanag|VBW .|PMP
"
2372,"Magaan|JJD na|CCP ang|DTC pakiramdam|NNC ni|DTP Lilly|NNP pati|CCA na|RBI rin|RBI ni|DTP Langit|NNP .|PMP
"
2373,"""|PMS Ma|NNC !|PMS
"
2374,"Gusto|VBS ko|PRS ng|CCB ice|FW cream|FW !|PMS  
"
2375,"""|PMS sabi|VBS ni|DTP Lisa|NNP .|PMP  
"
2376,"""|PMS Lisa|NNP ,|PMC mamaya|RBW na|RBI .|PMP
"
2377,"Di|RBF ba|RBI may|VBH gawa|VBS pa|RBI si|DTP Mama|NNP ,|PMC ""|PMS sabi|VBS ni|DTP Sara|NNP habang|RBW nagbobomba|VBTR ng|CCB poso|NNC na|CCP ipanlalaba|VBTR ng|CCB Mama|NNC nila|PRP .|PMP
"
2378,"Sila|PRP ni|DTP Lisa|NNP at|CCA Sara|NNP ang|DTC magkakambal|JJD na|CCP anak|NNC nila|PRP Mama|NNP Helen|NNP at|CCA Papa|NNP Romeo|NNP .|PMP
"
2379,"Pareho|JJC silang|PRP_CCP nasa|RBL ikalawang|JJN_CCP grado|NNC sa|CCT San|NNP Nicolas|NNP Elementary|NNP School|NNP .|PMP
"
2380,"Pareho|JJC silang|PRP_CCP magaling|JJD sa|CCT klase|NNC at|CCA maganda|JJD .|PMP
"
2381,"Si|DTP Sara|NNP ay|LM mabait|JJD at|CCA masunurin|JJD sa|CCT nakatatanda|NNC ,|PMC habang|RBW si|DTP Lisa|NNP naman|RBI ay|LM gustong|VBS_CCP laging|RBD_CCP mangyari|VBW ang|DTC nais|VBS niya|PRS .|PMP
"
2382,"Naglalaba|VBTS sina|DTPP Mama|NNP Helen|NNP at|CCA Sara|NNP habang|RBW nagkukuwentuhan|VBTR tungkol|RBR sa|CCT mga|DTCP gawain|NNC sa|CCT eskuwelahan|NNC .|PMP
"
2383,"Si|DTP Lisa|NNP ,|PMC nakaupo|VBTS sa|CCT sala|NNC habang|RBW nanonood|VBTR ng|CCB TV|NNPA .|PMP  
"
2384,"""|PMS Lisa|NNP ,|PMC isalansan|VBTS mo|PRS nga|RBI ang|DTC mga|DTCP hanger|FW diyan|PRL sa|CCT upuan|NNC ,|PMC ""|PMS utos|NNC ni|DTP Mama|NNP Helen|NNP .|PMP  
"
2385,"""|PMS Sige|NNP ,|PMC Mama|NNP ,|PMC pero|CCT pupunta|VBTF tayo|PRP ng|CCB bayan|NNC mamaya|RBW .|PMP
"
2386,"Bili|NNP tayo|PRP sa|CCT laruan|NNC ,|PMC opo|NNC ?|PMQ  
"
2387,"""|PMS masayang|JJD_CCP sabi|VBS ni|DTP Lisa|NNP .|PMP  
"
2388,"""|PMS Lisa|NNP ,|PMC marami|PRI pang|RBI_CCP gagawin|VBTF mamaya|RBW si|DTP Mama|NNP ,|PMC ""|PMS sabi|VBS ni|DTP Sara|NNP .|PMP  
"
2389,"""|PMS Isa|PRI pa|RBI ,|PMC di|RBF ka|PRS naman|RBI kasama|CCB mamaya|RBW .|PMP
"
2390,"May|VBH gagawin|VBTF ka|PRS ,|PMC di|RBF ba|RBI ?|PMQ  
"
2391,"""|PMS Pagkasalansan|NNP ng|CCB mga|DTCP hanger|FW ,|PMC lumapit|VBAF si|DTP Lisa|NNP sa|CCT Mama|NNC niya|PRS .|PMP  
"
2392,"""|PMS Mama|NNP ,|PMC bibili|VBTF ako|PRS ng|CCB sitsirya|NNC ,|PMC nagugutom|VBTR ako|PRS .|PMP ""|PMS  
"
2393,"""|PMS Sumosobra|NNP ka|PRS na|CCP ,|PMC Lisa|NNC .|PMP
"
2394,"Lahat|PRI na|RBI lang|RBI .|PMP
"
2395,"Alam|VBS mo|PRS naman|RBI ,|PMC di|RBF ba|RBI ,|PMC na|CCP bawal|JJD kang|PRS_CCP kumain|VBAF niyan|PRO .|PMP
"
2396,"Pinapabayaan|VBTR na|RBI lang|RBI nga|RBI kita|NNC sa|CCT mga|DTCP gusto|VBS mong|PRS_CCP gawin|VBOF ,|PMC kung|RBK ano|RBQ -|PMS ano|PRQ pa|RBI ang|DTC pumapasok|VBTR_VBAF sa|CCT isip|NNC mo|PRS !|PMQ
"
2397,"Kung|CCR nagugutom|VBTR ka|PRS ,|PMC maerong|JJD_CCP biskuwit|NNC at|CCA kanin|NNC .|PMP
"
2398,"Talagang|RBT_CCP sitsirya|NNC pa|RBI ang|DTC gusto|VBS mo|PRS ?|PMQ  
"
2399,"""|PMS Bumalik|VBAF si|DTP Lisa|NNP sa|CCT sala|NNC at|CCA nanonood|VBTR na|RBI lang|RBI ulit|RBW siya|PRS ng|CCB TV|NNPA .|PMP
"
2400,"Ganiyan|NNP lagi|RBW ang|DTC eksena|NNC sa|CCT bahay|NNC nila|PRP .|PMP
"
2401,"Kung|RBK ano|RBQ ang|DTC hingin|VBOF ni|DTP Lisa|NNP ,|PMC gusto|VBS niyang|PRS_CCP maibigay|VBW sa|CCT kaniya|PRSP .|PMP
"
2402,"Isa|PRI araw|NNC ng|CCB Linggo|NNP ,|PMC maaga|JJD pa|RBI ’|PMS y|FW naghanda|VBTS na|CCP ang|DTC pamilya|NNC para|CCT magsimba|VBW .|PMP
"
2403,"Maganda|JJD ang|DTC panahon|NNC .|PMP
"
2404,"Maganda|JJD ang|DTC araw|NNC .|PMP
"
2405,"Walang|VBN_CCP tanda|NNC ng|CCB pag|CCR -|PMS uulan|NNC o|CCT ano|PRQ mang|RBI_CCP sama|NNC ng|CCB panahon|NNC .|PMP
"
2406,"Maraming|PRI_CCP tao|NNC ang|DTC nagsimba|VBTS ,|PMC marami|PRI ring|RBI_CCP bata|NNC na|CCP tulad|JJC nila|PRP .|PMP
"
2407,"Tumahimik|NNP na|CCP ang|DTC mga|DTCP nagsisimba|VBTR ,|PMC ngunit|CCT nakakita|VBTS si|DTP Lisa|NNP sa|CCT nagtitinda|VBTR ng|CCB magagandang|JJD_CCP lobo|NNC .|PMP
"
2408,"Mga|DTCP lobong|JJD_CCP sari|NNC -|PMS sari|NNC ang|DTC kulay|NNC at|CCA porma|NNC .|PMP
"
2409,"Lumabas|VBAF siya|PRS upang|CCB tingnan|VBOF ang|DTC makukulay|JJD na|CCP mga|DTCP lobo|NNC .|PMP
"
2410,"Natuwa|VBTS siya|PRS dahil|CCR nakita|VBTS niya|PRS ang|DTC mga|DTCP paborito|NNC niyang|PRS_CCP mga|DTCP bulaklak|NNC at|CCA laruan|NNC na|CCP nakadrowing|VBTS sa|CCT mga|DTCP lobo|NNC at|CCA may|VBH sari|NNC -|PMS saring|JJD_CCP kulay|NNC .|PMP
"
2411,"Sumunod|VBAF si|DTP Sara|NNP kay|DTP Lisa|NNP .|PMP
"
2412,"Sinabihan|VBTS niyang|PRS_CCP pumasok|VBAF muna|RBI sa|CCT simbahan|NNC .|PMP
"
2413,"Kumurap|NNP -|PMS kurap|NNC lang|RBI si|DTP Lisa|NNP at|CCA nagsabi|VBTS ,|PMC ""|PMS Alam|VBS mo|PRS ,|PMC Sara|NNP ,|PMC ang|DTC gaganda|VBTF nitong|PRO_CCP mga|DTCP lobo|NNC .|PMP
"
2414,"Maganda|JJD silang|PRP_CCP tingnan|VBOF na|CCP lumilipad|VBTR_VBAF -|PMS lipad|NNC .|PMP
"
2415,"Gusto|VBS ko|PRS rin|RBI niyan|PRO kaya|CCR mamaya|RBW ,|PMC magpapabili|VBTF ako|PRS kay|DTP Mama|NNP ng|CCB dalawa|CDB .|PMP
"
2416,"’|PMS Yang|NNC_CCP mga|DTCP drowing|FW sa|CCT mga|DTCP retrato|NNC sa|CCT lobo|NNC ,|PMC gusto|VBS ko|PRS silang|PRP_CCP kalaruin|VBOF .|PMP  
"
2417,"""|PMS Sumimangot|NNP si|DTP Sara|NNP sa|CCT sinabi|VBTS ni|DTP Lisa|NNP .|PMP  
"
2418,"""|PMS Pero|CCT ,|PMC Lisa|NNC ,|PMC sabi|VBS ni|DTP Mama|NNP pumasok|VBAF ka|PRS na|CCP raw|RBI muna|RBI .|PMP
"
2419,"Mamaya|RBW ka|PRS na|RBI lang|RBI daw|RBI lumabas|VBAF pag|CCR tapos|RBW na|RBI ang|DTC misa|NNC para|CCT sama|NNC -|PMS sama|NNC na|CCP daw|RBI tayong|PRP_CCP pupunta|VBTF .|PMP  
"
2420,"""|PMS Tumayo|VBAF si|DTP Lisa|NNP at|CCA sumunod|VBAF kay|DTP Sara|NNP papasok|VBTF sa|CCT simbahan|NNC .|PMP
"
2421,"Pagkatapos|VBW ng|CCB misa|NNC ,|PMC kumain|VBAF ang|DTC magpamilya|VBAF sa|CCT isang|PRI_CCP restawran|NNC .|PMP
"
2422,"Nakatutuwa|RBD silang|PRP_CCP pagmasdan|VBW .|PMP
"
2423,"Larawan|NNC sila|PRP ng|CCB mabuting|JJD_CCP pamilya|NNC .|PMP
"
2424,"Pagkatapos|RBW kumain|VBAF ,|PMC umuwi|VBAF na|RBI sila|PRP at|CCA nagpahinga|VBTS .|PMP
"
2425,"Nag|NNP -|PMS aayos|FW na|CCP si|DTP Sara|NNP ng|CCB mga|DTCP gagamitin|VBTF kinabukasan|RBW sa|CCT eskuwelahan|NNC dahil|CCR Lunes|NNP na|CCP naman|RBI .|PMP
"
2426,"Habang|RBW si|DTP Lisa|NNP ,|PMC ang|DTC ganda|NNC ng|CCB upo|NNC ,|PMC kumakain|VBTR_VBAF ng|CCB donut|NNC habang|RBW nanonood|VBTR ng|CCB TV|NNPA .|PMP
"
2427,"Malalim|JJD na|CCP ang|DTC gabi|NNC .|PMP
"
2428,"Tahimik|JJD na|CCP ang|DTC mga|DTCP kabahayan|NNC .|PMP
"
2429,"Pinatulog|VBTS na|RBI ni|DTP Mama|NNP Helen|NNP ang|DTC dalawa|CDB dahil|CCR may|VBH pasok|NNC kinabukasan|RBW .|PMP
"
2430,"Nakatulog|VBTS na|CCP si|DTP Sara|NNP ngunit|CCT nagising|VBTS siya|PRS dahil|CCR nagsasalita|VBTR ng|CCB kung|RBK ano|RBQ -|PMS ano|PRQ si|DTP Lisa|NNP .|PMP
"
2431,"Tinitigan|VBOF niya|PRS ang|DTC kakambal|NNC dahil|CCR alam|VBS niyang|PRS_CCP mapagbiro|VBW ito|PRO sa|CCT kaniya|PRSP .|PMP
"
2432,"Pero|CCT biglang|RBD_CCP bumangon|VBAF si|DTP Lisa|NNP na|CCP sunod|JJD -|PMS sunod|JJD ang|DTC paghinga|NNC .|PMP
"
2433,"Niyakap|VBTS niya|PRS si|DTP Sara|NNP habang|RBW umiiyak|VBTR_VBAF .|PMP
"
2434,"Tinanong|VBTS ni|DTP Sara|NNP si|DTP Lisa|NNP kung|CCR may|VBH karamdaman|NNC o|CCT may|VBH masakit|JJD .|PMP
"
2435,"Patuloy|JJD pa|RBI rin|RBI ang|DTC iyak|NNC ni|DTP Lisa|NNP na|CCP nagkukuwento|VBTR sa|CCT kakambal|NNC niya|PRS .|PMP  
"
2436,"""|PMS Sara|NNP ,|PMC nanaginip|VBTR ako|PRS .|PMP
"
2437,"Nabuhay|VBTS ’|PMS yong|PRO_CCP mga|DTCP lobo|NNC sa|CCT simbahan|NNC .|PMP
"
2438,"Gusto|VBS nila|PRP akong|PRS_CCP kunin|VBOF upang|CCB dalhin|VBOF sa|CCT kanila|PRSP .|PMP
"
2439,"Di|RBF na|RBI nila|PRP ako|PRS ibabalik|VBTF kina|DTPP Mama|NNP at|CCA Papa|NNP .|PMP
"
2440,"Ililipad|VBOF na|CCP nila|PRP sana|VBS ako|PRS sa|CCT Asog|NNP dahil|CCR doon|PRL daw|RBI ang|DTC tirahan|NNC nila|PRP .|PMP
"
2441,"Mabuti|JJD na|RBI lang|RBI at|CCA nagising|VBTS ako|PRS .|PMP
"
2442,"Sara|NNP ,|PMC nakatatakot|JJD sobra|JJCS .|PMP
"
2443,"Ayoko|NNP na|CCP nun|FW .|PMP  
"
2444,"""|PMS Kinalma|VBTS ni|DTP Sara|NNP ang|DTC isip|NNC ni|DTP Lisa|NNP .|PMP
"
2445,"Pinagsabihan|VBRF siya|PRS na|CCP makinig|VBW dapat|VBS sa|CCT mas|JJCC nakatatanda|VBTR sa|CCT kaniya|PRSP .|PMP
"
2446,"Na|CCP lagi|RBW dapat|VBS magdasal|VBW bago|RBW matulog|VBW upang|CCB di|RBF managinip|NNC ng|CCB kung|RBK ano|RBQ -|PMS ano|PRQ .|PMP
"
2447,"Nakatulog|VBTS na|CCP si|DTP Lisa|NNP na|CCP yakap|NNC -|PMS yakap|NNC ang|DTC kakambal|NNC niya|PRS .|PMP
"
2448,"Mahal|NNP na|CCP mahal|JJD ni|DTP Mako|NNP ang|DTC kaniyang|PRSP_CCP bisekleta|NNC dahil|CCR ito|PRO ay|LM regalo|NNC ng|CCB kaniyang|PRSP_CCP tatay|NNC noong|RBW_CCP ito|PRO ay|LM buhay|JJD pa|RBI .|PMP
"
2449,"Palagi|RBW niya|PRS itong|PRO_CCP sinasakyan|VBTR kapag|CCR gumagala|VBTR_VBAF kasama|CCB ang|DTC kaniyang|PRSP_CCP mga|DTCP kaibigan|NNC .|PMP
"
2450,"Maliban|CCT sa|CCT kaniyang|PRSP_CCP Nanay|NNC na|CCP hindi|RBF pumapayag|VBTR_VBAF na|CCP gamiton|VBOF ito|PRO ,|PMC marami|PRI ang|DTC naiinggit|VBTR at|CCA pumupuri|VBTR_VBAF dahil|CCR sa|CCT bilis|NNC ng|CCB kaniyang|PRSP_CCP pagpapatakbo|NNC .|PMP  
"
2451,"""|PMS Mako|NNP ,|PMC punta|RBT tayo|PRP mamaya|RBW sa|CCT bagong|JJD_CCP bukas|JJD na|CCP <I>|PMS esplanade|FW </I>|FW sa|CCT kabilang|CCB baryo|NNC .|PMP
"
2452,"Maganda|JJD magbisekleta|VBTF_VBAF doon|PRL !|PMS  
"
2453,"""|PMS Aya|NNP ng|CCB kaniyang|PRSP_CCP kaibigan|NNC na|CCP si|DTP Niko|NNP noong|RBW_CCP nagkita|VBTS sila|PRP sa|CCT harap|NNC ng|CCB <I>|NNPA barangay|NNC hall|NNC </I>|NNPA .|PMP  
"
2454,"""|PMS Kaso|CCR ayaw|RBF ni|DTP Nanay|NNP na|CCP magbisekleta|VBTF ako|PRS sa|CCT malayo|JJD .|PMP
"
2455,"Lalo|JJCC na|RBI at|CCA magagabihan|VBTF ako|PRS ng|CCB uwi|NNC .|PMP
"
2456,"Papagalitan|NNP niya|PRS ako|PRS ,|PMC ""|PMS sagot|NNC ni|DTP Mako|NNP .|PMP  
"
2457,"""|PMS Ay|NNP ,|PMC bakit|PRQ ,|PMC magpapa|VBTF -|PMS alam|VBS ka|PRS ba|RBI ?|PMQ
"
2458,"Hindi|RBF naman|RBI tayo|PRP magtatagal|VBTF .|PMP
"
2459,"Hindi|RBF tayo|PRP magpapagabi|VBTF .|PMP
"
2460,"Ikaw|NNP lang|RBI doon|PRL mamaya|RBW ang|DTC wala|VBN kung|RBK hindi|RBF ka|PRS sasama|VBTF ,|PMC ""|PMS pangungumbinsi|JJD ni|DTP Niko|NNP .|PMP  
"
2461,"""|PMS Sige|NNP !|PMS
"
2462,"Magkita|VBW kita|NNC nalang|VBTS_CCP doon|PRL mamaya|RBW !|PMS  
"
2463,"""|PMS At|CCA saka|CCA siya|PRS mabilis|RBD na|CCP nagpatakbo|VBTS ng|CCB bisekleta|NNC pauwi|NNC .|PMP
"
2464,"Pabalik|NNP -|PMS balik|NNC na|CCP tumatakbo|VBTR_VBAF si|DTP Mako|NNP sa|CCT harap|NNC ng|CCB kaniyang|PRSP_CCP Nanay|NNC ngunit|CCT hindi|RBF niya|PRS ito|PRO masabi|VBW .|PMP
"
2465,"Gustong|VBS_CCP -|PMS gusto|VBS talaga|RBT niya|PRS na|CCP makapunta|VBW sa|CCT esplanade|FW kasama|CCB sina|DTPP Niko|NNP .|PMP
"
2466,"Sa|CCT tuwing|RBW tinitingnan|VBTR niya|PRS ang|DTC kaniyang|PRSP_CCP bisekleta|NNC ay|LM parang|CCT inaanyaya|VBTR talaga|RBT nito|PRO na|CCP sumakay|VBAF .|PMP
"
2467,"Ngunit|CCT alam|VBS niya|PRS na|CCP hindi|RBF siya|PRS papayagan|VBTF ng|CCB kaniyang|PRSP_CCP Nanay|NNC kung|CCR magpapaalam|VBW siya|PRS .|PMP  
"
2468,"""|PMS Mako|NNP ,|PMC bumili|VBAF ka|PRS muna|RBI ng|CCB mantika|NNC sa|CCT palengke|NNC .|PMP
"
2469,"Bilisan|VBOF mo|PRS lang|RBI ha|NNCA ,|PMC kasi|CCR magprito|VBW pa|RBI ako|PRS ng|CCB isda|NNC .|PMP ""|PMS  
"
2470,"""|PMS Opo|NNP ,|PMC Nanay|NNP !|PMS  
"
2471,"""|PMS Habang|RBW nakasakay|VBTS si|DTP Mako|NNP ng|CCB kaniyang|PRSP_CCP bisekleta|NNC ,|PMC naalala|VBTS niya|PRS ang|DTC sinabi|VBTS ni|DTP Niko|NNP —|CDB ""|PMS Ikaw|RBW lang|RBI ang|DTC wala|VBN doon|PRL mamaya|RBW kung|RBK hindi|RBF ka|PRS sasama|VBTF .|PMP  
"
2472,"""|PMS Kung|CCR kaya|CCR ,|PMC sa|CCT halip|CCT na|CCP pupunta|VBTF ito|PRO sa|CCT palengke|NNC ay|LM tumungo|VBAF si|DTP Mako|NNP sa|CCT esplanade|FW .|PMP
"
2473,"Dahil|CCR mabilis|JJD itong|PRO_CCP magpatakbo|VBW ,|PMC makababalik|VBW din|RBI ito|PRO agad|RBD at|CCA makabibili|VBW ng|CCB mantika|NNC .|PMP
"
2474,"Masaya|NNP silang|PRP_CCP nagpaikot|VBTS -|PMS ikot|NNC sa|CCT esplanade|FW .|PMP
"
2475,"Maraming|PRI_CCP tao|NNC doon|PRL .|PMP
"
2476,"Mayroong|VBH_CCP naglalakad|VBTR ,|PMC may|VBH tumatakbo|VBTR_VBAF ,|PMC at|CCA may|VBH nagbibisekleta|VBTS rin|RBI kagaya|JJC nila|PRP .|PMP
"
2477,"Marami|PRI rin|RBI ang|DTC nagbebenta|VBTR ng|CCB mga|DTCP pagkain|NNC at|CCA nagseselpon|VBTS dahil|CCR sa|CCT marami|PRI ang|DTC magagandang|JJD_CCP tanawin|NNC ,|PMC lalo|JJCC na|RBI ang|DTC papalubog|JJD na|CCP araw|NNC .|PMP
"
2478,"Hala|NNP !|PMS
"
2479,"Papalubog|NNP na|CCP ang|DTC araw|NNC nang|RBW maalala|VBW ni|DTP Mako|NNP ang|DTC bilin|NNC ng|CCB kaniyang|PRSP_CCP Nanay|NNC !|PMS
"
2480,"Naaliw|VBTS siya|PRS sa|CCT pagbibisekleta|NNC at|CCA hindi|RBF na|RBI niya|PRS namalayan|VBTS ang|DTC oras|NNC .|PMP  
"
2481,"""|PMS Hala|NNP !|PMS
"
2482,"Gabi|RBW na|RBI !|PMQ
"
2483,"Papagalitan|NNP ako|PRS ng|CCB Nanay|NNC nito|PRO !|PMQ ""|PMS  
"
2484,"""|PMS Para|CCT mabilis|JJD ,|PMC magpaligsahan|VBW tayo|PRP sa|CCT pag|CCR -|PMS uwi|NNCA .|PMP
"
2485,"Tingnan|VBOF natin|PRP kung|RBK sino|RBQ ang|DTC unang|JJN_CCP makarating|VBW sa|CCT barangay|NNC hall|NNC !|PMS  
"
2486,"""|PMS paghahamon|NNC ni|DTP Niko|NNP .|PMP
"
2487,"Mabilis|RBD ang|DTC kanilang|PRSP_CCP takbo|NNC maliban|CCT na|RBI lang|RBI kay|DTP Mako|NNP .|PMP
"
2488,"Ginusto|VBTS niyang|PRS_CCP magpahuli|VBAF para|CCT makaliko|VBW siya|PRS sa|CCT isang|PRI_CCP maliit|JJD na|CCP eskenita|NNC na|CCP maari|VBS niyang|PRS_CCP daanan|NNC .|PMP
"
2489,"Medyo|JJCC mataas|JJD at|CCA masikip|JJD nga|RBI lang|RBI pero|CCT mas|JJCC madali|JJD ang|DTC rutang|NNC_CCP ito|PRO .|PMP  
"
2490,"""|PMS Hahaha|NNP !|PMS
"
2491,"Ako|PRS na|RBI ang|DTC mauuna|VBTF nito|PRO !|PMS  
"
2492,"""|PMS pagmamayabang|NNC ni|DTP Mako|NNP sa|CCT kaniyang|PRSP_CCP sarili|NNC .|PMP
"
2493,"Dahil|CCR medyo|JJC madilim|JJD na|CCP ,|PMC hindi|RBF nakita|VBTS ni|DTP Mako|NNP ang|DTC nakaharang|JJD na|CCP bato|NNC sa|CCT daanan|NNC .|PMP
"
2494,"Biglang|RBD_CCP sumirko|VBAF ang|DTC kaniyang|PRSP_CCP bisekleta|NNC .|PMP
"
2495,"Tumalsik|VBAF si|DTP Mako|NNP at|CCA napunta|VBTS sa|CCT mabatong|JJD_CCP bahagi|NNC .|PMP  
"
2496,"""|PMS Aray|NNP !|PMS
"
2497,"Dugo|NNP !?|CDB
"
2498,"May|VBH dugo|NNC sa|CCT paa|NNC ko|PRS !|PMQ
"
2499,"Tulong|NNC !!|PMS  
"
2500,"""|PMS sigaw|NNC ni|DTP Mako|NNP ngunit|CCT walang|VBN_CCP may|VBH nakarinig|VBTS .|PMP
"
2501,"Pinilit|VBTS niyang|PRS_CCP makatayo|VBW at|CCA puntahan|VBOF ang|DTC kaniyang|PRSP_CCP nahulog|VBTS na|CCP bisekleta|NNC .|PMP  
"
2502,"""|PMS Ang|DTC bisekleta|NNC ko|PRS !|PMQ
"
2503,"Bakit|PRQ nasira|VBTS ang|DTC bisekleta|NNC ko|PRS !?|PMS
"
2504,"sabi|VBS ni|DTP Mako|NNP .|PMP
"
2505,"Gusto|VBS niyang|PRS_CCP malaman|VBW kung|CCR may|VBH sira|JJD pero|CCT hindi|RBF niya|PRS ito|PRO makita|VBW .|PMP
"
2506,"Itinulak|VBTS niya|PRS nalang|VBTS_CCP ito|PRO at|CCA ipinagpatuloy|VBTS ang|DTC paika|NNC -|PMS ika|JJN nitong|PRO_CCP paglalakad|NNC ""|PMS Kung|CCR naniwala|VBTS lang|RBI sana|VBS ako|PRS kay|DTP Nanay|NNP na|CCP hindi|RBF magpagabi|VBW ,|PMC hindi|RBF sana|VBS ako|PRS nahulog|VBTS ,|PMC ""|PMS pagsisisi|NNC ni|DTP Mako|NNP .|PMP
"
2507,"Malalim|JJD na|CCP ang|DTC gabi|RBW nang|RBW makarating|VBW ito|PRO sa|CCT kanilang|PRSP_CCP bahay|NNC .|PMP
"
2508,"Nandoon|VBTS si|DTP Nanay|NNP na|CCP naghihintay|VBTR sa|CCT labas|NNC .|PMP  
"
2509,"""|PMS Mako|NNP !|PMS
"
2510,"Bakit|PRQ ngayon|RBW ka|PRS lang|RBI ?|PMQ
"
2511,"Saan|PRQ ka|PRS nanggaling|VBTS ?|PMQ  
"
2512,"""|PMS pasigaw|JJD na|CCP sigaw|NNC ng|CCB kaniyang|PRSP_CCP Nanay|NNC nang|RBW makita|VBW ito|PRO .|PMP  
"
2513,"""|PMS Nanay|NNP ...|PMS ""|PMS sabi|VBS ni|DTP Mako|NNP habang|RBW umiiyak|VBTR_VBAF .|PMP  
"
2514,"""|PMS Ano|PRQ ang|DTC nangyari|VBTS sa|CCT mga|DTCP tuhod|NNC mo|PRS ?|PMQ
"
2515,"Naaksidente|VBTS ka|PRS ba|RBI sa|CCT bisekleta|NNC ?|PMQ  
"
2516,"""|PMS tanong|NNC ng|CCB Nanay|NNC nang|RBW makita|VBW ang|DTC dumudugong|VBTR_VBAF_CCP tuhod|NNC ni|DTP Mako|NNP .|PMP  
"
2517,"""|PMS Opo|NNP ,|PMC Nanay|NNP !|PMS  
"
2518,"""|PMS umiiyak|VBTR_VBAF na|CCP sagot|NNC ni|DTP Mako|NNP .|PMP  
"
2519,"""|PMS Ay|RBF naku|VBTS ,|PMC ang|DTC batang|NNC_CCP ito|PRO !|PMQ
"
2520,"Ito|PRO ang|DTC sinasabi|VBTR kong|PRS_CCP huwag|RBF na|CCP sanang|VBS_CCP pumunta|VBAF sa|CCT malayo|JJD kapag|CCR nagbibisekleta|VBTS dahil|CCR delikado|JJD ?|PMQ
"
2521,"Hindi|RBF ka|PRS talaga|RBT nakikinig|VBTR sa|CCT mga|DTCP sinasabi|VBTR ko|PRS ,|PMC ""|PMS sabi|VBS ng|CCB Nanay|NNC habang|RBW ginagamot|VBTR ang|DTC ang|DTC paa|NNC ni|DTP Mako|NNP .|PMP  
"
2522,"""|PMS Paumanhin|RBS po|RBS ,|PMC Nanay|NNC !|PMS
"
2523,"Nainggit|VBTS kasi|CCR ako|PRS kina|DTPP Niko|NNP na|CCP magbibisekleta|VBTF sa|CCT esplanade|FW .|PMP
"
2524,"At|CCA saka|CCA baka|RBM tuksuhin|VBOF nila|PRP ako|PRS dahil|CCR hindi|RBF ako|PRS nakasama|VBTS ,|PMC ""|PMS umiiyak|VBTR_VBAF na|CCP sabi|VBS ni|DTP Mako|NNP habang|RBW niyayakap|VBTR nang|RBD mahigpit|JJD ang|DTC kaniyang|PRSP_CCP Nanay|NNC .|PMP  
"
2525,"""|PMS Mako|NNP ,|PMC alam|VBS mo|PRS naman|RBI na|CCP hinahayaan|VBTR naman|RBI kita|NNC na|CCP magbisekleta|VBTF basta|CCT huwag|RBF lang|RBI mabilis|JJD at|CCA malayo|JJD .|PMP
"
2526,"At|CCA dapat|VBS ay|LM nasa|RBL bahay|NNC ka|PRS na|CCP bago|RBW mag|VBW -|PMS alas|FW sais|FW at|CCA ito|PRO ay|LM madilim|JJD na|RBI .|PMP
"
2527,"Tingnan|VBOF mo|PRS ang|DTC nangyari|VBTS sa|CCT iyo|PRSP ngayon|RBW .|PMP
"
2528,"Oh|CCT ano|PRQ ,|PMC uulit|VBTF ka|PRS pa|RBI ba|RBI ?|PMQ  
"
2529,"""|PMS sabi|VBS ng|CCB Nanay|NNC niya|PRS .|PMP  
"
2530,"""|PMS Hindi|RBF na|CCP po|RBS ako|PRS uulit|VBTF pa|RBI ,|PMC Nanay|NNC !|PMS  
"
2531,"""|PMS pangako|NNC ni|DTP Mako|NNP .|PMP
"
2532,"Simula|RBW noon|RBW ay|LM hindi|RBF na|RBI pumupunta|VBTR_VBAF sa|CCT malayo|JJD si|DTP Mako|NNP at|CCA bago|RBW pa|RBI man|RBI din|RBI dumilim|VBAF ay|LM nandoon|RBL na|CCP ito|PRO sa|CCT kanilang|PRSP_CCP bahay|NNC kasama|CCB ang|DTC kaniyang|PRSP_CCP bisekleta|NNC .|PMP
"
2533,"Matalino|JJD ,|PMC masipag|JJD at|CCA maaasahan|VBTF .|PMP
"
2534,"Iyan|PRS si|DTP Nanoy|NNP !|PMS
"
2535,"Lumaki|VBAF siya|PRS sa|CCT simpleng|JJD_CCP pamumuhay|NNC kasama|CCB ang|DTC Mama|NNP ,|PMC Papa|NNP at|CCA kapatid|NNC niya|PRS .|PMP
"
2536,"Nakatira|VBTS sila|PRP sa|CCT simpleng|JJD_CCP bahay|NNC sa|CCT gilid|JJD ng|CCB palayan|NNC .|PMP  
"
2537,"""|PMS Na|CCP …|PMS noooo|FW ,|PMC ""|PMS nag|VBTS -|PMS uumpisa|VBOF pa|RBI lang|RBI na|CCP tumawag|VBAF ng|CCB Mama|NNC niya|PRS ay|LM nariyan|VBTS na|CCP kaagad|RBD si|DTP Nanoy|NNP .|PMP  
"
2538,"""|PMS Ano|PRQ po|RBS ’|PMS yon|PRO ,|PMC Mama|NNP ?|PMQ  
"
2539,"""|PMS tanong|NNC ni|DTP Nanoy|NNP .|PMP  
"
2540,"""|PMS O|NNPA ,|PMC andito|RBR ka|PRS na|CCP agad|RBD ?|PMQ  
"
2541,"""|PMS nabiglang|RBD_CCP tanong|NNC ni|DTP Mama|NNP .|PMP  
"
2542,"""|PMS Maghain|VBTF ka|PRS na|RBI ng|CCB kanin|NNC at|CCA kakain|VBTF na|CCP tayo|PRP ,|PMC ""|PMS sabi|VBS ng|CCB Mama|NNC ni|DTP Nanoy|NNP .|PMP  
"
2543,"""|PMS Opo|NNP ,|PMC Ma|NNP .|PMP
"
2544,"Tatawagin|VBTF_VBOF ko|PRS na|CCP rin|RBI po|RBS si|DTP Lina|NNP ,|PMC ""|PMS sagot|NNC ni|DTP Nanoy|NNP na|CCP dali|JJD -|PMS daling|FW tinawag|VBOF si|DTP Lina|NNP dahil|CCR kakain|VBTF na|RBI .|PMP  
"
2545,"""|PMS Pagkatapos|VBW nating|PRP_CCP kumain|VBAF ay|LM ako|PRS na|CCP po|RBS ang|DTC maghuhugas|VBW ,|PMC ""|PMS sabi|VBS ni|DTP Nanoy|NNP .|PMP  
"
2546,"""|PMS Huwag|RBF na|RBI .|PMP
"
2547,"Ako|PRS na|RBI .|PMP
"
2548,"Makipaglaro|VBW ka|PRS na|CCP sa|CCT mga|DTCP pinsan|NNC mo|PRS sa|CCT kabila|JJD at|CCA hinihintay|VBTR ka|PRS na|CCP ,|PMC ""|PMS sabi|VBS ng|CCB Mama|NNC .|PMP  
"
2549,"""|PMS Salamat|RBS po|RBS ,|PMC Mama|NNC ,|PMC ""|PMS sabi|VBS ni|DTP Nanoy|NNP ,|PMC at|CCA tumakbo|VBAF siya|PRS papunta|RBL sa|CCT kabilang|CCB bahay|NNC para|CCT maglaro|VBAF .|PMP
"
2550,"Isang|PRI_CCP araw|NNC ,|PMC nagising|VBTS si|DTP Nanoy|NNP na|CCP hinahanap|VBTR ang|DTC Papa|NNP niya|PRS .|PMP  
"
2551,"""|PMS Ma|NNP !|PMS
"
2552,"Ma|NNP !|PMS
"
2553,"nasaan|JJD po|RBS si|DTP Papa|NNP ?|PMQ  
"
2554,"""|PMS tanong|NNC ni|DTP Nanoy|NNP dahil|CCR di|RBF niya|PRS makita|VBW ang|DTC Papa|NNP niya|PRS sa|CCT kuwarto|NNC at|CCA sala|NNC .|PMP  
"
2555,"""|PMS Napakaaga|VBTS namang|RBI_CCP umalis|VBTS_VBAF ni|DTP Papa|NNP !|PMS  
"
2556,"""|PMS malungkot|JJD na|CCP sabi|VBS ni|DTP Nanoy|NNP .|PMP  
"
2557,"""|PMS Nanoy|NNP ,|PMC anak|NNC ,|PMC maagang|RBD_CCP umalis|VBAF ang|DTC Papa|NNP mo|PRS dahil|CCR kinuha|VBOF siya|PRS ni|DTP Tiyo|NNP mo|PRS na|CCP magtrabaho|VBAF sa|CCT malayo|JJD .|PMP
"
2558,"Mga|DTCP isang|PRI_CCP buwan|NNC lang|RBI naman|RBI o|CCT baka|RBM hindi|RBF nga|RBI ,|PMC ""|PMS sagot|NNC ng|CCB Mama|NNC niya|PRS .|PMP  
"
2559,"""|PMS Di|RBF man|RBI lang|RBI ako|PRS ginising|VBOF ni|DTP Papa|NNP !|PMS  
"
2560,"""|PMS malungkot|JJD na|CCP sabi|VBS ni|DTP Nanoy|NNP .|PMP  
"
2561,"""|PMS Nagsabi|VBTS ’|PMS yon|PRO na|CCP tatawag|VBTF na|RBI lang|RBI daw|RBI siya|PRS pag|CCR nakarating|VBTS na|CCP siya|PRS sa|CCT pagtatarabahuhan|NNC niya|PRS ,|PMC ""|PMS paliwanag|NNC ng|CCB Mama|NNC niya|PRS na|CCP nalulungkot|VBTR din|RBI .|PMP  
"
2562,"""|PMS Ang|DTC dami|NNC kasi|CCR nating|PRP_CCP gastusin|VBOF ngayon|RBW ,|PMC anak|NNC .|PMP
"
2563,"At|CCA para|CCT rin|RBI sa|CCT iyo|PRSP ang|DTC pagtatrabaho|NNC ni|DTP Papa|NNP mo|PRS sa|CCT malayo|JJD .|PMP ""|PMS  
"
2564,"""|PMS Di|RBF ba|RBI gusto|VBS mong|PRS_CCP maghayskul|VBW sa|CCT lungsod|NNC at|CCA mabili|VBW ang|DTC mga|DTCP gamit|NNC sa|CCT eskuwelahan|NNC na|CCP kailangan|VBS ninyo|PRP ni|DTP Lina|NNP ?|PMQ  
"
2565,"""|PMS paliwanag|NNC ng|CCB mama|NNC ni|DTP Nanoy|NNP .|PMP
"
2566,"Di|RBF na|CCP umimik|VBAF si|DTP Nanoy|NNP .|PMP
"
2567,"Parang|CCT nahimasmasan|VBTS siya|PRS na|CCP nag|VBTS -|PMS iisip|FW .|PMP
"
2568,"Nang|RBW magsabi|VBW ang|DTC Mama|NNC niya|PRS na|CCP ,|PMC ""|PMS Hintayin|VBOF na|RBI lang|RBI natin|PRP ang|DTC tawag|NNC niya|PRS .|PMP  
"
2569,"""|PMS Dun|NNP lang|RBI umaliwalas|VBTR ang|DTC mukha|NNC at|CCA napangiti|VBTS na|CCP si|DTP Nanoy|NNP .|PMP  
"
2570,"""|PMS Sige|NNP po|RBS ,|PMC Mama|NNC ,|PMC ""|PMS sabi|VBS ni|DTP Nanoy|NNP na|CCP naintindihan|VBTS ang|DTC paliwanag|NNC ng|CCB Mama|NNC niya|PRS .|PMP  
"
2571,"""|PMS Tutulungan|NNP kita|NNC ,|PMC Ma|NNC ,|PMC sa|CCT mga|DTCP gawain|NNC dito|PRL sa|CCT bahay|NNC .|PMP
"
2572,"Ako|PRS na|CCP po|RBS ang|DTC maghahanda|VBW ng|CCB mga|DTCP paninda|NNC mong|PRS_CCP meryenda|NNC .|PMP  
"
2573,"""|PMS Pagkatapos|VBW na|CCP sabihin|VBOF ’|PMS yon|PRO ni|DTP Nanoy|NNP ay|LM tumalikod|VBAF na|CCP siya|PRS .|PMP
"
2574,"At|CCA kinuha|VBOF ang|DTC nigo|NNC na|CCP nakasabit|VBTS sa|CCT dingding|NNC .|PMP  
"
2575,"""|PMS Ako|PRS na|CCP niyan|PRO .|PMP
"
2576,"Mag|NNP -|PMS aral|NNC ka|PRS na|RBI at|CCA gawin|VBOF mo|PRS na|RBI ang|DTC assignment|FW mo|PRS ,|PMC at|CCA tulungan|VBTF_VBOF mo|PRS rin|RBI si|DTP Lina|NNP sa|CCT mga|DTCP assignment|FW niya|PRS ,|PMC ""|PMS sabi|VBS ng|CCB Mama|NNC niya|PRS na|CCP nagsimula|VBTS nang|RBW magtahip|VBW ng|CCB malagkit|JJD na|CCP bigas|NNC sa|CCT nigo|NNC .|PMP  
"
2577,"""|PMS Ma|NNP ,|PMC tapos|RBW ko|PRS na|CCP po|RBS ang|DTC assignment|FW ko|PRS .|PMP
"
2578,"At|CCA tapos|RBW ko|PRS na|RBI rin|RBI pong|PRS_CCP tulungan|VBTF_VBOF si|DTP Lina|NNP sa|CCT assignment|FW niya|PRS ,|PMC ""|PMS sabi|VBS ni|DTP Nanoy|NNP na|CCP kumakamot|VBTR_VBAF sa|CCT ulo|NNC .|PMP  
"
2579,"""|PMS Maglalaro|VBTF na|CCP po|RBS ako|PRS ,|PMC Ma|NNC ,|PMC ""|PMS sabi|VBS ni|DTP Nanoy|NNP na|CCP tumakbo|VBAF palabas|NNC ng|CCB bahay|NNC nila|PRP .|PMP  
"
2580,"""|PMS Na|CCP …|PMS no|FW …|FW ""|PMS Di|RBF pa|RBI man|RBI tapos|JJD ang|DTC Mama|NNC niya|PRS sa|CCT pagtawag|NNC ,|PMC nariyan|VBTS na|CCP naman|RBI kaagad|RBW si|DTP Nanoy|NNP .|PMP  
"
2581,"""|PMS O|NNPA ,|PMC bakit|PRQ narito|PRL ka|PRS na|CCP kaagad|RBW ?|PMQ
"
2582,"Ang|DTC liksi|NNC -|PMS liksi|FW mo|PRS naman|RBI !|PMS  
"
2583,"""|PMS sabi|VBS ng|CCB Mama|NNC niya|PRS na|CCP namamagha|VBTR .|PMP  
"
2584,"""|PMS Tapos|RBW na|CCP ba|RBI kayo|PRP ng|CCB ginagawa|VBTR ninyo|PRP ni|DTP Lina|NNP ?|PMQ ""|PMS  
"
2585,"""|PMS Opo|NNP ,|PMC Mama|NNP ,|PMC ""|PMS sagot|NNC ni|DTP Nanoy|NNP .|PMP
"
2586,"Araw|NNP -|PMS araw|NNC ganun|PRC na|CCP ang|DTC naging|VBTS ugali|NNC ni|DTP Nanoy|NNP .|PMP
"
2587,"Lagi|RBW siyang|PRS_CCP alerto|JJD sa|CCT pagtulong|NNC sa|CCT Mama|NNC niya|PRS .|PMP
"
2588,"Maasikaso|VBTF rin|RBI sa|CCT kapatid|NNC niya|PRS .|PMP
"
2589,"Masipag|JJD mag|VBW -|PMS aral|NNC .|PMP
"
2590,"At|CCA kahit|CCT nakikipaglaro|VBTR sa|CCT ibang|PRI_CCP mga|DTCP bata|NNC ,|PMC palagi|RBW siyang|PRS_CCP alisto|JJD .|PMP
"
2591,"Iyan|PRS si|DTP Nanoy|NNP ,|PMC ang|DTC batang|JJD_CCP di|RBF -|PMS nagpapatawag|VBTR .|PMP
"
2592,"Kinaumagahan|NNP nagyaya|VBTS ang|DTC mga|DTCP kaibigan|NNC ni|DTP Nanoy|NNP na|CCP mamingwit|NNC ng|CCB isda|NNC sa|CCT lawa|NNC .|PMP  
"
2593,"""|PMS Nanoy|NNP ,|PMC di|RBF ba|RBI ’|PMS t|NNCA matagal|JJD mo|PRS nang|RBW gusto|VBS na|CCP pumunta|VBAF doon|PRL sa|CCT lawa|NNC ng|CCB Bato|NNC upang|CCB mamangka|VBW at|CCA mamingwit|VBW ng|CCB isda|NNC ?|PMQ
"
2594,"Tara|NNP na|CCP !|PMS
"
2595,"Sama|NNP na|CCP kayo|PRP !|PMQ
"
2596,"Kasama|CCB ko|PRS si|DTP Papa|NNP ,|PMC mamamasyal|JJD kami|PRP doon|PRL ,|PMC ""|PMS alok|NNC ng|CCB mga|DTCP kaibigan|NNC ni|DTP Nanoy|NNP .|PMP  
"
2597,"""|PMS Gusto|VBS ko|PRS sanang|VBS_CCP sumama|VBAF ngunit|CCT nangako|VBTS ako|PRS kay|DTP Mama|NNP na|CCP tutulungan|VBTF ko|PRS siya|PRS sa|CCT bahay|NNC ,|PMC ""|PMS malungkot|JJD na|CCP sagot|NNC ni|DTP Nanoy|NNP .|PMP  
"
2598,"""|PMS Na|CCP …|PMS ""|PMS Di|RBF pa|RBI man|RBI tapos|RBW tawagin|VBOF ay|LM maliksing|JJD_CCP lumapit|VBAF si|DTP Nanoy|NNP kay|DTP Mama|NNP niya|PRS .|PMP  
"
2599,"""|PMS Opo|NNP ,|PMC Mama|NNP ""|PMS ""|PMS Anak|NNC ,|PMC tumawag|VBAF ang|DTC Papa|NNP mo|PRS ,|PMC tapos|RBW na|CCP raw|RBI ang|DTC trabaho|NNC niya|PRS kaya|CCR uuwi|JJD na|CCP raw|RBI siya|PRS bukas|JJD .|PMP
"
2600,"Pag|CCR -|PMS uwi|NNCA raw|RBI niya|PRS ay|LM sabay|RBD tayong|PRP_CCP mamamasyal|JJD sa|CCT lawa|NNC ng|CCB Bato|NNC para|CCT mamingwit|VBW at|CCA mamangka|VBW .|PMP
"
2601,"Alam|VBS kong|PRS_CCP matagal|JJD mo|PRS na|CCP ’|PMS yang|PRO gustong|VBS_CCP puntahan|VBOF ,|PMC ""|PMS masayang|JJD_CCP ibinalita|VBTS ng|CCB Mama|NNC ni|DTP Nanoy|NNP sa|CCT kaniya|PRSP .|PMP  
"
2602,"""|PMS Yehey|NNP !|PMS
"
2603,"Yehey|NNP !|PMS  
"
2604,"""|PMS sobrang|JJCS_CCP nagtatalon|VBTR si|DTP Nanoy|NNP sa|CCT kasiyahan|NNC .|PMP
"
2605,"Alas|NNP -|PMS singko|NNC ng|CCB madaling|JJD_CCP araw|NNC ay|LM nagising|VBTS na|CCP si|DTP Nanoy|NNP .|PMP
"
2606,"Pakakita|VBTS niya|PRS kay|DTP Papa|NNP niya|PRS ay|LM niyakap|VBTS niya|PRS ito|PRO ng|CCB napakahigpit|JJCS_JJD .|PMP  
"
2607,"""|PMS Salamat|RBS ,|PMC Papa|NNP ,|PMC at|CCA nakauwi|VBTS ka|PRS na|CCP ,|PMC ""|PMS masayang|JJD_CCP sabi|VBS ni|DTP Nanoy|NNP .|PMP  
"
2608,"""|PMS Nabalitaan|VBTR ko|PRS ,|PMC anak|NNC ,|PMC na|CCP tinutulungan|VBTR mo|PRS ang|DTC Mama|NNP mo|PRS dito|PRL sa|CCT bahay|NNC ,|PMC kaya|CCR ngayon|RBW ay|LM pupuntahan|RBD_CCP natin|PRP ang|DTC matagal|JJD mo|PRS nang|RBW gustong|VBS_CCP puntahan|VBOF .|PMP
"
2609,"Mamamangka|NNP tayo|PRP at|CCA mamimingwit|VBW kasama|CCB ang|DTC Mama|NNP mo|PRS at|CCA si|DTP Lina|NNP doon|PRL sa|CCT lawa|NNC ng|CCB Bato|NNC .|PMP
"
2610,"Diretso|JJD na|CCP tayong|PRP_CCP magpipiknik|VBW ,|PMC at|CCA pinapaluto|VBTR ko|PRS ang|DTC Mama|NNC mo|PRS ng|CCB paborito|NNC ninyong|NNC_CCP ulam|NNC ni|DTP Lina|NNP na|CCP pikadilyong|NNC_CCP tilapya|NNC at|CCA gulay|NNC na|CCP laing|NNC .|PMP ""|PMS  
"
2611,"""|PMS Talaga|NNP ,|PMC Papa|NNP ?|PMQ
"
2612,"Yehey|NNP !|PMS
"
2613,"Yehey|NNP !|PMS  
"
2614,"""|PMS nagtatalon|VBTR si|DTP Nanoy|NNP sa|CCT sobrang|JJCS_CCP kasiyahan|NNC .|PMP
"
2615,"Namasyal|NNP na|CCP sila|PRP doon|PRL sa|CCT lawa|NNC ng|CCB Bato|NNC .|PMP
"
2616,"Sumasagwan|NNP ang|DTC papa|NNC niya|PRS habang|RBW namimingwit|VBTR naman|RBI si|DTP Nanoy|NNP ng|CCB isda|NNC kasama|CCB ang|DTC Mama|NNC niya|PRS at|CCA si|DTP Lina|NNP .|PMP
"
2617,"Halos|JJD di|RBF na|CCP mabura|VBW ang|DTC ngiti|NNC sa|CCT labi|NNC ni|DTP Nanoy|NNP .|PMP
"
2618,"Habang|RBW nagkukuwentuhan|VBTS sila|PRP doon|PRL sa|CCT bangka|NNC ,|PMC napasigaw|VBTS nang|RBW malakas|JJD si|DTP Nanoy|NNP .|PMP  
"
2619,"""|PMS Isda|NNP !|PMS
"
2620,"isda|NNC !|PMS
"
2621,"isda|NNC !|PMS  
"
2622,"""|PMS sigaw|NNC ni|DTP Nanoy|NNP na|CCP pinagtatawanan|VBTR_VBRF ng|CCB Papa|NNP at|CCA Mama|NNP niya|PRS .|PMP  
"
2623,"""|PMS Ano|PRQ ’|PMS yan|PRO ,|PMC Nanoy|NNP ?|PMQ  
"
2624,"""|PMS tanong|NNC ng|CCB Papa|NNP niya|PRS .|PMP  
"
2625,"""|PMS Nakahuli|VBTS ako|PRS ng|CCB isda|NNC ,|PMC Pa|NNC ,|PMC ""|PMS mas|JJCC lalong|JJCC_CCP nadagdagan|VBTS ang|DTC kasiyahan|NNC ni|DTP Nanoy|NNP .|PMP
"
2626,"Masaya|NNP si|DTP Nanoy|NNP dahil|CCR nakompleto|VBTS silang|PRP_CCP magpamilya|VBW at|CCA nakamit|VBTS ang|DTC matagal|JJD na|CCP niyang|PRS_CCP gusto|VBS ,|PMC na|CCP makasama|VBW silang|PRP_CCP mamasyal|VBW doon|PRL sa|CCT lawa|NNC ng|CCB Bato|NNC .|PMP
"
2627,"Nagpatuloy|VBTS ang|DTC Papa|NNP ni|DTP Nanoy|NNP sa|CCT pagtatrabaho|NNC bilang|CCT karpintero|NNC sa|CCT iba|PRI -|PMS ibang|PRI_CCP lugar|NNC ,|PMC kaya|CCR nakapag|VBTS -|PMS aral|NNC sa|CCT Nanoy|NNP sa|CCT siyudad|NNC at|CCA lalo|JJCC pang|RBI_CCP nagsipag|VBTS ,|PMC hanggang|RBW sa|CCT lumaki|VBAF siya|PRS na|CCP di|RBF nagpapatawag|VBTR .|PMP
"
2628,"""|PMS Yehey|FW ""|PMS Sigaw|NNC ng|CCB pugitang|NNC_CCP si|DTP Pogi|NNP .|PMP
"
2629,"Mabilis|RBD ang|DTC paghakbang|NNC ni|DTP Pogi|NNP sa|CCT mapupulang|JJD_CCP korales|NNC sa|CCT dagat|NNC ng|CCB Palumban|NNP habang|RBW sinusundan|VBTR siya|PRS ng|CCB isa|PRI pang|RBI_CCP pugitang|NNC_CCP si|DTP Pogs|NNP .|PMP  
"
2630,"""|PMS Pogi|NNP ,|PMC tama|JJD na|RBI .|PMP
"
2631,"Huwag|RBF kang|PRS_CCP maglaro|VBAF diyan|PRL .|PMP  
"
2632,"""|PMS Walang|VBN_CCP ginagawa|VBTR si|DTP Pogi|NNP kung|RBK hindi|RBF ang|DTC sumunod|VBAF kay|DTP Pogs|NNP .|PMP
"
2633,"Magkapatid|JJD na|CCP pugita|NNC sila|PRP Pogi|NNP at|CCA Pogs|NNP .|PMP
"
2634,"Wala|VBN na|CCP silang|PRP_CCP mga|DTCP magulang|NNC kaya|CCR ang|DTC panganay|NNC na|CCP si|DTP Pogs|NNP ang|DTC palaging|JJD_CCP nasusunod|VBTR .|PMP
"
2635,"Hindi|RBF siya|PRS pwedeng|RBT_CCP suwayin|VBOF ng|CCB kapatid|NNC niyang|PRS_CCP si|DTP Pogi|NNP .|PMP  
"
2636,"""|PMS Huwag|RBF kang|PRS_CCP pumunta|VBAF diyan|PRL .|PMP
"
2637,"Huwag|RBF kang|PRS_CCP pumunta|VBAF rito|PRL .|PMP
"
2638,"Huwag|RBF mong|PRS_CCP hahawakan|VBTF ’|PMS yan|PRO .|PMP
"
2639,"Lahat|PRI bawal|JJD .|PMP  
"
2640,"""|PMS Kaya|CCR si|DTP Pogi|NNP ,|PMC panay|JJD ang|DTC simangot|NNC .|PMP
"
2641,"Habang|RBW ang|DTC magkapatid|NNC ay|LM namamasyal|VBTR sa|CCT mapupulang|JJD_CCP korales|NNC ,|PMC biglang|RBD_CCP nakaisip|VBTS ng|CCB plano|NNC si|DTP Pogi|NNP .|PMP  
"
2642,"""|PMS Pogs|NNP ,|PMC taguan|NNC tayo|PRP .|PMP
"
2643,"Ako|PRS ang|DTC taya|NNC .|PMP
"
2644,"Pag|CCR nahuli|VBTS kita|NNC ,|PMC ikaw|PRS ang|DTC maghahanap|VBTF_VBAF ng|CCB alimasag|NNC na|CCP kakainin|VBTF natin|PRP pero|CCT pag|CCR hindi|RBF ,|PMC ako|PRS ang|DTC maghahanap|VBTF_VBAF ng|CCB alimasag|NNC .|PMP  
"
2645,"""|PMS Hamon|NNP ni|DTP Pogi|NNP .|PMP
"
2646,"Nagtago|VBTS silang|PRP_CCP dalawa|CDB .|PMP
"
2647,"Kaagad|RBD na|CCP nagtago|VBTS si|DTP Pogs|NNP sa|CCT mga|DTCP korales|NNC .|PMP
"
2648,"At|CCA si|DTP Pogi|NNP ,|PMC ginaya|VBOF ang|DTC kulay|NNC ng|CCB buhangin|NNC .|PMP  
"
2649,"""|PMS Makakatakas|VBTF na|CCP ako|PRS kay|DTP Pogs|NNP .|PMP  
"
2650,"""|PMS Matagal|JJD na|CCP naghintay|VBTS si|DTP Pogs|NNP kay|DTP Pogi|NNP .|PMP
"
2651,"Nang|RBW mainip|VBW ,|PMC lumabas|VBAF na|CCP siya|PRS sa|CCT kanyang|PRSP_CCP pinagtataguan|VBTR_VBRF ,|PMC subalit|CCT hindi|RBF na|RBI niya|PRS nakita|VBTS si|DTP Pogi|NNP .|PMP  
"
2652,"""|PMS Pogi|NNP ,|PMC nasaan|JJD ka|PRS ?|PMQ
"
2653,"Kanina|RBW pa|RBI ako|PRS naghihintay|VBTR sa|CCT iyo|PRSP .|PMP
"
2654,"Hindi|RBF mo|PRS naman|RBI ako|PRS hinahanap|VBTR .|PMP
"
2655,"Ikaw|NNP na|CCP ang|DTC kukuha|VBTF ng|CCB kakainin|VBTF natin|PRP .|PMP  
"
2656,"""|PMS At|CCA walang|VBN_CCP sumagot|VBAF kay|DTP Pogs|NNP .|PMP
"
2657,"Lumangoy|VBAF na|CCP pala|NNC palayo|RBD si|DTP Pogi|NNP .|PMP
"
2658,"Nakaabot|VBTS siya|PRS sa|CCT madamong|JJD_CCP lugar|NNC ng|CCB karagatan|NNC .|PMP
"
2659,"Sa|CCT gitna|JJD ng|CCB damuhan|NNC ,|PMC mayroong|VBH_CCP malaki|JJD at|CCA matabang|JJD_CCP alimasag|NNC .|PMP
"
2660,"Mabilis|RBD na|CCP pinuluputan|VBTR ito|PRO ni|DTP Pogi|NNP ng|CCB kanyang|PRSP_CCP mga|DTCP galamay|NNC .|PMP
"
2661,"Nasundan|VBTS pala|NNC siya|PRS ni|DTP Pogs|NNP .|PMP  
"
2662,"""|PMS Pogi|NNP ,|PMC bitawan|VBOF mo|PRS iyan|PRO ,|PMC tora|FW -|PMS tora|NNC iyan|PRO !|PMQ ""|PMS  
"
2663,"""|PMS Hinila|VBOF na|CCP si|DTP Pogi|NNP ng|CCB tora|NNC -|PMS tora|NNC .|PMP
"
2664,"Napapikit|VBTS si|DTP Pogs|NNP .|PMP
"
2665,"Umiiyak|VBTR_VBAF si|DTP Pogi|NNP habang|RBW hinihila|VBTR pataas|NNC ng|CCB tora|NNC -|PMS tora|NNC .|PMP
"
2666,"Naisip|VBTS ni|DTP Pogs|NNP na|CCP wala|VBN na|CCP siyang|PRS_CCP magagawa|VBTF dahil|CCR ganoon|PRC din|RBI ang|DTC nangyari|VBTS sa|CCT kanilang|PRSP_CCP mga|DTCP magulang|NNC .|PMP
"
2667,"Maganda|JJD ,|PMC makintab|JJD ,|PMC at|CCA mapula|JJD ang|DTC kulay|NNC ng|CCB tora|NNC -|PMS tora|NNC .|PMP
"
2668,"Katulad|JJC ito|PRO ng|CCB itsura|NNC ng|CCB alimasag|NNC na|CCP paboritong|JJD_CCP kainin|VBOF ng|CCB mga|DTCP pugita|NNC .|PMP
"
2669,"Hinihila|VBOF nito|PRO paitaas|RBD ng|CCB dagat|NNC ang|DTC mga|DTCP pugita|NNC at|CCA hindi|RBF na|RBI sila|PRP nakakabalik|VBTR .|PMP  
"
2670,"""|PMS Pinangako|VBOF ko|PRS sa|CCT sarili|NNC ko|PRS na|CCP poprotektahan|VBTF ko|PRS ang|DTC kapatid|NNC ko|PRS sa|CCT tora|NNC -|PMS tora|NNC .|PMP
"
2671,"Subalit|CCT hindi|RBF ko|PRS ito|PRO nagawa|VBTS .|PMP  
"
2672,"""|PMS Tumalikod|VBAF na|RBI si|DTP Pogs|NNP para|CCT bumalik|VBAF sa|CCT mga|DTCP korales|NNC .|PMP  
"
2673,"""|PMS Pogs|NNP !|PMS
"
2674,"Pogs|NNP !|PMS  
"
2675,"""|PMS Paglingon|NNP ni|DTP Pogs|NNP ,|PMC lumalangoy|VBTR_VBAF na|CCP si|DTP Pogi|NNP papalapit|JJD sa|CCT kaniya|PRSP !|PMS  
"
2676,"""|PMS Pogs|NNP ,|PMC akala|VBS ko|PRS talaga|RBT alimasag|NNC iyon|PRO ,|PMC mabuti|RBD na|RBI lang|RBI nakatakas|VBTS ako|PRS .|PMP
"
2677,"Susundin|VBTF na|CCP kita|NNC mula|RBW ngayon|RBW ,|PMC ""|PMS naiiyak|VBTR na|CCP sabi|VBS ni|DTP Pogi|NNP .|PMP  
"
2678,"""|PMS Pogi|NNP ,|PMC iyon|PRO ang|DTC tora|NNC -|PMS tora|RBD na|CCP kamukha|JJD ng|CCB alimasag|NNC ,|PMC iyon|PRO ang|DTC kumuha|VBAF kay|DTP Nanay|NNP at|CCA kay|DTP Tatay|NNP .|PMP
"
2679,"Kaya|CCR palagi|RBW kitang|RBD_CCP sinasaway|VBTR dahil|CCR ayaw|RBF kong|PRS_CCP matulad|VBW ka|PRS sa|CCT kanila|PRSP .|PMP  
"
2680,"""|PMS Niyakap|VBTS ni|DTP Pogs|NNP ang|DTC kanyang|PRSP_CCP kapatid|NNC at|CCA magkasama|VBW silang|PRP_CCP lumangoy|VBAF papalayo|RBD sa|CCT tora|NNC -|PMS tora|NNC .|PMP
"
2681,"Sa|CCT isang|PRI_CCP malayong|JJD_CCP baryo|NNC sa|CCT Iriga|NNP ,|PMC inaalagaan|VBTR si|DTP Tikay|NNP ng|CCB Lolo|NNP at|CCA Lola|NNC niya|PRS .|PMP
"
2682,"Wala|VBN kasi|CCR siyang|PRS_CCP kasama|CCB sa|CCT bahay|NNC nila|PRP ,|PMC dahil|CCR abalang|NNC_CCP -|PMS abala|NNC ang|DTC mga|DTCP magulang|NNC niya|PRS .|PMP
"
2683,"Maganda|JJD ang|DTC lugar|NNC nila|PRP .|PMP
"
2684,"Lahat|PRI ng|CCB bagay|NNC ay|LM natural|JJD dahil|CCR naroon|PRL sila|PRP sa|CCT kabundukan|NNC .|PMP
"
2685,"May|VBH mga|DTCP kahoy|NNC ,|PMC sapa|NNC ,|PMC isda|NNC ,|PMC malawak|JJD na|CCP maisan|VBW ,|PMC at|CCA prutas|NNC at|CCA gulay|NNC na|CCP pinipitas|VBTS lang|RBI sa|CCT balisbisan|NNC .|PMP
"
2686,"Di|RBF ito|PRO mararating|VBTF kung|CCR di|RBF ka|PRS maglakad|VBW ng|CCB isa|PRI ’|PMS t|NNCA kalahating|PRI_CCP kilometro|NNC .|PMP
"
2687,"Madulas|NNP ,|PMC pataas|NNC -|PMS pababa|JJD ,|PMC nakakapagod|VBTR tumawid|VBTS_VBAF lalo|JJCC na|CCP kung|CCR baha|NNC sa|CCT spillway|FW ,|PMC marami|PRI nang|CCB di|RBF nakatatawid|VBTS .|PMP
"
2688,"Kung|CCR minsan|RBW si|DTP Tikay|NNP ay|LM sinusuwerte|VBTR pa|RBI rin|RBI ,|PMC may|VBH maaawang|JJD_CCP magpasakay|NNC hanggang|RBW sa|CCT kabayanan|NNC .|PMP
"
2689,"Kahit|CCT pa|RBI mabagal|JJD ,|PMC dahil|CCR pababa|JJD ang|DTC daan|NNC ,|PMC pero|CCT tingnan|VBOF mo|PRS si|DTP Tikay|NNP ,|PMC natutuwa|VBTS naman|RBI .|PMP
"
2690,"’|PMS Yong|PRO_CCP malayong|JJD_CCP lugar|NNC ay|LM tinawag|VBOF nilang|PRP_CCP ""|PMS luyo|NNC ""|PMS ,|PMC dahil|CCR tatawid|VBTF sa|CCT sapa|NNC ,|PMC bago|RBW makarating|VBW kay|DTP lolo|NNC .|PMP
"
2691,"May|VBH laging|RBW_CCP nakalaan|VBTS para|CCT sa|CCT kaniya|PRSP ,|PMC na|CCP tilapyang|NNC_CCP prito|NNC ,|PMC nakalagay|VBTS sa|CCT basket|FW ,|PMC nakabitin|VBTS sa|CCT bubong|NNC na|CCP gawa|VBS sa|CCT yero|NNC .|PMP
"
2692,"Alas|NNP -|PMS kuwatro|NNC ng|CCB hapon|NNC ,|PMC bumisita|VBAF si|DTP Tatay|NNP sa|CCT fish|FW pond|FW ,|PMC sumasama|VBTR_VBAF si|DTP Tikay|NNP ,|PMC at|CCA magpakain|VBTF ng|CCB ipa|NNC .|PMP
"
2693,"Mga|DTCP isda|NNC ,|PMC biglang|RBD_CCP nag|VBTS -|PMS agawan|NNC ,|PMC kaniya|PRSP -|PMS kaniyang|PRSP_CCP kuha|NNC ,|PMC masayang|JJD_CCP pagmasdan|VBW ,|PMC nakakawala|VBTR ng|CCB problema|NNC talaga|RBT .|PMP
"
2694,"Kung|CCR oras|NNC na|CCP ng|CCB pagtatanim|NNC doon|PRL sa|CCT palayan|NNC ,|PMC sumasama|VBTR_VBAF si|DTP Tikay|NNP kay|DTP Nanay|NNP doon|PRL sa|CCT taniman|NNC .|PMP
"
2695,"Dala|VBS -|PMS dala|JJD ang|DTC balde|NNC at|CCA iba|PRI pang|RBI_CCP mga|DTCP kailangan|NNC ,|PMC hinahatiran|VBTR ang|DTC mga|DTCP nagtatanim|VBTR ng|CCB nahuling|VBTS_CCP tilapya|NNC Si|DTP Laki|NNC na|CCP kalabaw|NNC ay|LM alaga|NNC ni|DTP Tata|NNP Papo|NNP ,|PMC kasa|JJD -|PMS kasama|CCB niya|PRS sa|CCT pag|CCR -|PMS aararo|VBTF .|PMP
"
2696,"Sinasakyan|VBTR din|RBI papuntang|RBL_CCP Antipolo|NNP ,|PMC para|CCT mag|VBW -|PMS ani|NNC ng|CCB kaniyang|PRSP_CCP mga|DTCP produkto|NNC .|PMP
"
2697,"Alas|NNP -|PMS sais|FW empunto|FW ,|PMC nakapaghapunan|VBTS na|RBI ,|PMC walang|VBN_CCP ibang|PRI_CCP maririnig|VBTF ,|PMC tipaklong|NNC sa|CCT sakahan|NNC .|PMP
"
2698,"Tanging|JJD_CCP libangan|NNC ,|PMC ang|DTC radyong|NNC_CCP de-baterya|NNC ,|PMC Gabi|RBW ng|CCB Lagim|NNP ,|PMC Simatar|NNP ,|PMC at|CCA ang|DTC Matud|NNP Nila|NNP .|PMP
"
2699,"Mahaba|JJD ang|DTC gabi|NNC ,|PMC maikli|JJD ang|DTC araw|NNC ,|PMC isa|PRI lang|RBI kadilim|JJD ,|PMC isang|PRI_CCP kurap|NNC lang|RBI ng|CCB mga|DTCP mata|NNC .|PMP
"
2700,"Takot|NNC si|DTP Tikay|NNP ,|PMC na|CCP magpagala|VBAF -|PMS gala|NNC dahil|CCR kung|CCR makasalubong|VBW ,|PMC mga|DTCP aswang|NNC na|CCP nagbabantay|VBTR .|PMP
"
2701,"Isang|PRI_CCP araw|NNC ,|PMC si|DTP Tikaw|NNP ay|LM nagkalagnat|VBTS ,|PMC walang|VBN_CCP malapit|JJD na|CCP ospital|NNC ,|PMC nars|NNC ,|PMC o|CCT kaya|CCR doktora|NNC .|PMP
"
2702,"Nagpakulo|VBTS si|DTP Nanay|NNP ng|CCB bayabas|NNC at|CCA damong|NNC_CCP maria|JJD ,|PMC tinapalan|VBTS ang|DTC tiyan|NNC ng|CCB buyo|NNC ,|PMC pinahiran|VBTS ng|CCB vicks|FW ,|PMC magaling|JJD na|RBI .|PMP
"
2703,"Sa|CCT oras|NNC na|CCP dinadalaw|VBTR si|DTP Tikaw|NNP ng|CCB lumbay|NNC ,|PMC maraming|PRI_CCP mga|DTCP bagay|NNC ang|DTC kaniyang|PRSP_CCP naiisip|VBTR .|PMP
"
2704,"Sa|CCT may|VBH bintana|NNC umupo|VBAF ,|PMC at|CCA tumingin|VBAF sa|CCT malayo|JJD ,|PMC dumadaing|VBAF sa|CCT kalungkutan|NNC .|PMP
"
2705,"Ayaw|RBF lang|RBI ni|DTP Tikay|NNP ,|PMC kapag|CCR bumibisita|VBTR_VBAF ,|PMC kaniyang|PRSP_CCP Mama|NNP at|CCA Papa|NNP ,|PMC na|CCP may|VBH isda|NNC na|CCP dala|JJD -|PMS dala|JJD .|PMP
"
2706,"Dahil|CCR pag|CCR nagpaalam|VBTS na|RBI sila|PRP ay|LM aalis|VBTF na|RBI ,|PMC parang|CCT gusto|VBS niyang|PRS_CCP humandusay|VBAF ,|PMC humabol|VBAF sa|CCT kanila|PRSP .|PMP
"
2707,"Tuwing|RBW mahabang|JJD_CCP bakasyon|NNC ,|PMC si|DTP Tikay|NNP ay|LM ipapadala|VBTF ,|PMC para|CCT makasama|VBW rin|RBI ang|DTC kaniyang|PRSP_CCP mama|NNC at|CCA papa|NNC .|PMP
"
2708,"Natuwa|VBTS si|DTP Tikay|NNP na|CCP sumasakay|VBTR_VBAF sa|CCT pababa|JJD ,|PMC palabas|NNC doon|PRL sa|CCT crossing|FW ,|PMC pauwi|NNC sa|CCT kanila|PRSP .|PMP
"
2709,"Habang|RBW nasa|RBL kabayanan|NNC di|RBF niya|PRS maintindihan|VBW ,|PMC bakit|PRQ mas|JJCC gusto|VBS niyang|PRS_CCP bumalik|VBAF doon|PRL sa|CCT kabundukan|NNC ?|PMQ
"
2710,"Kung|CCR iisipin|VBTF ay|LM malungkot|JJD ,|PMC at|CCA nasa|RBL kabundukan|NNC .|PMP
"
2711,"Mas|JJCC gusto|VBS pa|RBI niya|PRS roon|PRL ,|PMC dahil|CCR may|VBH katiwasayan|NNC .|PMP
"
2712,"Doon|PRL sa|CCT kabayanan|NNC ,|PMC marami|PRI ang|DTC kaniyang|PRSP_CCP libangan|NNC ,|PMC na|CCP di|RBF niya|PRS mahanap|VBW ,|PMC doon|PRL sa|CCT kabundukan|NNC .|PMP
"
2713,"Kompyuter|NNP ,|PMC internet|NNC ,|PMC telebisyon|NNC ,|PMC hanggang|RBW sa|CCT iba|PRI pang|RBI_CCP kasangkapan|NNC ,|PMC bahay|NNC ,|PMC kotse|NNC ,|PMC pera|NNC –|PMS senyales|NNC ng|CCB kaunlaran|NNC .|PMP
"
2714,"Para|CCT kasi|CCR kay|DTP Tikay|NNP ,|PMC meron|VBH pang|RBI_CCP mas|JJCC importante|JJD ,|PMC oras|NNC sa|CCT pamilya|NNC ,|PMC pagpapatnubay|NNC ,|PMC pagmamahal|NNC na|CCP husto|JJD .|PMP
"
2715,"Di|RBF maibibigay|VBTF sa|CCT anak|NNC kung|CCR parehong|JJC_CCP di|RBF nariyan|VBTS ,|PMC mga|DTCP magulang|NNC na|CCP abala|NNC sa|CCT trabaho|NNC palagi|RBW .|PMP
"
2716,"Ngunit|CCT sa|CCT murang|JJD_CCP edad|NNC ,|PMC si|DTP Tikay|NNP ay|LM napanilay|VBTS ,|PMC kung|CCR di|RBF naman|RBI magsikap|VBAF ,|PMC matindi|JJD ang|DTC paghihirap|NNC .|PMP
"
2717,"Dito|PRL sa|CCT mundo|NNC ,|PMC kung|CCR di|RBF ka|PRS magsasakripisyo|VBW at|CCA mag|VBW -|PMS iisip|VBTF ,|PMC asahan|VBOF na|CCP walang|RBF paroroonan|PRL ,|PMC itong|PRO_CCP buhay|NNC mo|PRS na|CCP hinaharap|NNC .|PMP
"
2718,"Magkakatabi|VBW sa|CCT kagubatan|NNC ngunit|CCT hindi|RBF nagpapansinan|VBTR .|PMP
"
2719,"Tatlong|JJN_CCP bungang|NNC_CCP -|PMS kahoy|NNC isa|PRI ang|DTC kalaban|NNC .|PMP
"
2720,"Iba|PRI ,|PMC sampalok|NNC ,|PMC kalamansi|NNC laban|NNC kay|DTP batuan|NNC .|PMP
"
2721,"Yay|NNP !|PMS
"
2722,"Ang|DTC asim|NNC !|PMS
"
2723,"Yay|NNP !|PMS
"
2724,"Ang|DTC asim|NNC !|PMS
"
2725,"Pagsikat|VBW ng|CCB araw|NNC ,|PMC apat|JJN na|CCP bunga|NNC ang|DTC nagsibabaan|VBTS mula|RBW sa|CCT kanilang|PRSP_CCP tahanan|NNC .|PMP  
"
2726,"""|PMS Tara|NNP !|PMS
"
2727,"Laro|NNP tayo|PRP !|PMS  
"
2728,"""|PMS Pagyayaya|NNP ni|DTP Wanda|NNP Batuan|NNP .|PMP
"
2729,"Walang|VBN_CCP sumagot|VBAF .|PMP
"
2730,"Tahimik|JJD ang|DTC lahat|PRI ,|PMC Ang|DTC asim|NNC ng|CCB tatlo|CDB !|PMS
"
2731,"Pati|CCA ugali|NNC maasim|JJD din|RBI .|PMP  
"
2732,"""|PMS Tara|NNP !|PMS
"
2733,"Magkantahan|NNP tayo|PRP !|PMS  
"
2734,"""|PMS pagyayaya|VBW ulit|RBW ni|DTP Batuan|NNP .|PMP
"
2735,"Walang|VBN_CCP sumagot|VBAF .|PMP
"
2736,"Tahimik|JJD ang|DTC lahat|PRI ,|PMC Ang|DTC asim|NNC ng|CCB tatlo|CDB !|PMS
"
2737,"Pati|CCA ugali|NNC maasim|JJD din|RBI .|PMP  
"
2738,"""|PMS Tara|NNP ,|PMC sumayaw|VBAF tayo|PRP !|PMS  
"
2739,"""|PMS yaya|NNC ulit|RBW ni|DTP batuan|NNC .|PMP
"
2740,"Masama|JJD ang|DTC tingin|NNC ni|DTP Olin|NNP Iba|PRI .|PMP
"
2741,"Nang|RBW -|PMS irap|VBOF si|DTP Tamar|NNP Sampalok|NNP .|PMP
"
2742,"Sumimangot|NNP si|DTP Edan|NNP Kalamansi|NNP .|PMP  
"
2743,"""|PMS Ewan|NNP sa|CCT ’|NNC yo|NNC ,|PMC Wanda|NNP !|PMS  
"
2744,"""|PMS sabay|RBD -|PMS sabay|RBD nilang|PRP_CCP sagot|NNC Bumalik|VBAF si|DTP Wanda|NNP sa|CCT kaniyang|PRSP_CCP sanga|NNC .|PMP
"
2745,"Umupo|NNP ,|PMC walang|VBN_CCP kausap|NNC .|PMP
"
2746,"Nanalamin|VBTS sa|CCT patak|NNC ng|CCB hamog|NNC na|CCP naiwan|VBTS sa|CCT dahon|NNC .|PMP
"
2747,"Hinawakan|VBOF ang|DTC katawang|NNC_CCP baluktot|NNC at|CCA puno|NNC ng|CCB batik|NNC .|PMP
"
2748,"Iba|PRI ang|DTC itsura|NNC ni|DTP Wanda|NNP ,|PMC kaya|CCR ayaw|RBF ng|CCB lahat|PRI sa|CCT kaniya|PRSP .|PMP
"
2749,"Walang|VBN_CCP namamansin|VBTR ,|PMC walang|VBN_CCP nakikipaglaro|VBTR .|PMP
"
2750,"Kahit|CCT di|RBF siya|PRS kasali|CCB sa|CCT kasiyahan|NNC ,|PMC tinatanaw|VBTR lamang|RBI niya|PRS ang|DTC mga|DTCP ito|PRO at|CCA binabantayan|VBTR .|PMP  
"
2751,"""|PMS Mag|NNP -|PMS ingat|NNC kayo|PRP !|PMS  
"
2752,"""|PMS sigaw|NNC ni|DTP Wanda|NNP nang|RBW makita|VBW ang|DTC mga|DTCP hantik|NNC .|PMP
"
2753,"Walang|VBN_CCP sumagot|VBAF .|PMP
"
2754,"Tahimik|JJD ang|DTC lahat|PRI .|PMP
"
2755,"Paglingon|NNP ng|CCB tatlo|CDB ,|PMC natakot|VBTS sila|PRP ,|PMC at|CCA tumakbo|VBAF papunta|VBW sa|CCT kanilang|PRSP_CCP tirahan|NNC .|PMP
"
2756,"Nagsiksikan|VBTR sa|CCT sanga|NNC sina|DTPP Olin|NNP ,|PMC Tamar|NNP ,|PMC at|CCA Edan|NNP .|PMP
"
2757,"Nagtago|VBTS sila|PRP sa|CCT likod|NNC ng|CCB malapad|JJD na|CCP dahon|NNC .|PMP
"
2758,"Pasilip|NNP -|PMS silip|NNC sa|CCT butas|NNC ng|CCB dahon|NNC habang|RBW pinagmamasdan|VBTR_VBRF baka|RBM umakyat|VBAF ang|DTC mga|DTCP hantik|NNC at|CCA sila|PRP ’|PMS y|FW kagatin|FW .|PMP
"
2759,"Nakatago|VBTS din|RBI si|DTP Wanda|NNP sa|CCT likod|NNC ng|CCB mga|DTCP dahon|NNC na|CCP ginawa|VBOF niya|PRS bilang|CCT panangga|NNC .|PMP
"
2760,"Sinisilip|VBTR niya|PRS rin|RBI ang|DTC kalagayan|NNC ng|CCB tatlo|CDB .|PMP
"
2761,"Nanalangin|VBTR siya|PRS ,|PMC ""|PMS Sana|VBS ligtas|JJD sina|DTPP Olin|NNP ,|PMC Tamar|NNP ,|PMC at|CCA Edan|NNP .|PMP ""|PMS  
"
2762,"""|PMS Kumusta|NNP kayo|PRP diyan|PRL ,|PMC Olin|NNP !|PMS
"
2763,",|PMC Tamar|NNP !|PMS
"
2764,"Edan|NNP !|PMS  
"
2765,"""|PMS nag|VBTS -|PMS aalalang|NNC_CCP tanong|NNC ni|DTP Wanda|NNP .|PMP
"
2766,"Walang|VBN_CCP sumagot|VBAF .|PMP
"
2767,"Tahimik|JJD ang|DTC lahat|PRI .|PMP
"
2768,"Yay|NNP !|PMS
"
2769,"Ang|DTC asim|NNC !|PMS
"
2770,"Yay|NNP !|PMS
"
2771,"Ang|DTC asim|NNC !|PMS
"
2772,"Naging|VBTS maasim|JJD pati|CCA ang|DTC panahon|NNC .|PMP
"
2773,"Maya|NNP -|PMS maya|NNC ,|PMC dumilim|VBAF ang|DTC kalangitan|NNC ,|PMC lumakas|VBAF ang|DTC hangin|NNC ,|PMC bumuhos|VBAF ang|DTC ulan|NNC .|PMP
"
2774,"Wooosh|NNP !|PMS
"
2775,"Woooosh|NNP !|PMS
"
2776,"Wooooosh|NNP !|PMS
"
2777,"Napakalakas|JJCS_JJD ng|CCB hangin|NNC !|PMS
"
2778,"Napakalas|NNP ng|CCB ulan|NNC !|PMS
"
2779,"Nadala|VBTS ng|CCB hangin|NNC ang|DTC mga|DTCP langgam|NNC at|CCA mga|DTCP dahoon|NNC .|PMP
"
2780,"Mahigpit|JJD ang|DTC hawak|NNC nina|DTPP Wanda|NNP ,|PMC Olin|NNP ,|PMC Tamar|NNP ,|PMC at|CCA Edan|NNP .|PMP  
"
2781,"""|PMS Humawak|VBAF kayo|PRP ng|CCB mabuti|JJD !|PMS  
"
2782,"""|PMS sabi|VBS ni|DTP batuan|NNC .|PMP
"
2783,"Walang|VBN_CCP sumagot|VBAF .|PMP
"
2784,"Tahimik|JJD ang|DTC lahat|PRI .|PMP
"
2785,"Sa|CCT takot|NNC ,|PMC di|RBF makasagot|VBW sina|DTPP Olin|NNP ,|PMC Tamar|NNP ,|PMC at|CCA Edan|NNP .|PMP
"
2786,"Sumasayaw|VBTR sa|CCT ihip|FW ng|CCB hangin|NNC at|CCA buhos|NNC ng|CCB ulas|JJD ang|DTC mga|DTCP puno|NNC .|PMP
"
2787,"Wooooosh|NNP !|PMS
"
2788,"Woooooosh|NNP !|PMS
"
2789,"Wooooooosh|NNP !|PMS
"
2790,"Parang|CCT mapuputol|VBW ,|PMC dinuduyan|VBTR -|PMS duyan|NNC .|PMP
"
2791,"Hinawakan|VBOF ni|DTP Wanda|NNP ang|DTC kamay|NNC ni|DTP Edan|NNP .|PMP
"
2792,"Ginaya|VBOF din|RBI ni|DTP Tamar|NNP at|CCA Olin|NNP ang|DTC kaniyang|PRSP_CCP ginawa|VBOF .|PMP
"
2793,"Mahigpit|JJD na|CCP naghawakan|VBTR silang|PRP_CCP apat|CDB .|PMP
"
2794,"Kaya|CCR nakaligtas|VBTS sila|PRP sa|CCT malakas|JJD na|CCP hangin|NNC at|CCA ulan|NNC .|PMP
"
2795,"Magkakatabi|VBW sa|CCT kagubatan|NNC .|PMP
"
2796,"Magkakaibigan|VBTF .|PMP
"
2797,"Apat|JJN na|CCP bungang|NNC_CCP -|PMS kahoy|NNC ,|PMC magkakampi|NNC ,|PMC nagtutulungan|VBTR .|PMP
"
2798,"Iba|PRI ,|PMC sampalok|NNC ,|PMC kalamansi|NNC ,|PMC at|CCA batuan|NNC .|PMP
"
2799,"Yay|NNP !|PMS
"
2800,"Ang|DTC asim|NNC !|PMS
"
2801,"Yay|NNP !|PMS
"
2802,"Ang|DTC asim|NNC !|PMS
"
2803,"Pero|CCT matamis|JJD ang|DTC pagsasama|NNC .|PMP
"
2804,"Wonderful|NNP Words|NNP Batuan|NNP -|PMS Garcinia|FW binucao|FW Iba|PRI -|PMS Averrhoa|FW bilimbi|FW Sampalok|NNP -|PMS Tamarindus|NNP Indica|NNP Limon|NNP -|PMS Citrofortunella|NNP Microcarpa|NNP
"
