,tokens,lemma,postag
0,sinasali|VBTR,sinasali,VBTR
1,Foxy|NNP,Foxy,NNP
2,School|NNP,School,NNP
3,panghihikayat|JJD,panghihikayat,JJD
4,paguugali|NNC,paguugali,NNC
5,Pupunta|VBTF,Pupunta,VBTF
6,magkano|VBW,magkano,VBW
7,mobile|FW,mobile,FW
8,gisingin|VBOF,gisingin,VBOF
9,tumalbog|VBAF,tumalbog,VBAF
10,matuyo|RBD,matuyo,RBD
11,Inipon|NNP,Inipon,NNP
12,Nagbayanihan|VBTS,Nagbayanihan,VBTS
13,diamayadong|RBD_CCP,diamayadong,RBD_CCP
14,habanglumalangoy|RBW,habanglumalangoy,RBW
15,maiiwan|VBW,maiiwan,VBW
16,makalilipad|VBTF,makalilipad,VBTF
17,hingal|VBTS,hingal,VBTS
18,Napagkasunduan|VBTS,Napagkasunduan,VBTS
19,dumadaan|VBTR_VBAF,dumadaan,VBTR_VBAF
20,Kwento|NNP,Kwento,NNP
21,Hé|NNP,Hé,NNP
22,Sumisid|NNP,Sumisid,NNP
23,pinagsamang|VBRF_CCP,pinagsamang,VBRF_CCP
24,ikaw|PRS,ikaw,PRS
25,Maglaro|VBTF,Maglaro,VBTF
26,HI|NNPA,HI,NNPA
27,Malik|NNP,Malik,NNP
28,Sinabayan|VBOF,Sinabayan,VBOF
29,excited|FW,excited,FW
30,paibabaw|NNC,paibabaw,NNC
31,mahimig|JJD,mahimig,JJD
32,algae|FW,algae,FW
33,lilipat|VBTF,lilipat,VBTF
34,napalingon|VBTS,napalingon,VBTS
35,inang|NNC_CCP,inang,NNC_CCP
36,berde|NNC,berde,NNC
37,pauwi|VBW,pauwi,VBW
38,dose|FW,dose,FW
39,publikasyong|NNC_CCP,publikasyong,NNC_CCP
40,Bengal|NNP,Bengal,NNP
41,Umpisahan|VBOF,Umpisahan,VBOF
42,bakurang|NNC_CCP,bakurang,NNC_CCP
43,yoon|PRO,yoon,PRO
44,rebolusyon|NNC,rebolusyon,NNC
45,babasagin|VBTF,babasagin,VBTF
46,sandal|FW,sandal,FW
47,recipe|FW,recipe,FW
48,aalalaMatakaw|NNP,aalalaMatakaw,NNP
49,sasakyan|NNC,sasakyan,NNC
50,Humiling|NNP,Humiling,NNP
51,bisikleta|NNC,bisikleta,NNC
52,itinanong|VBTS,itinanong,VBTS
53,Vietnamese|NNP,Vietnamese,NNP
54,tongue|FW,tongue,FW
55,napakaraming|JJCS_JJD_CCP,napakaraming,JJCS_JJD_CCP
56,Manok|NNC,Manok,NNC
57,malalakas|JJD,malalakas,JJD
58,Naasar|VBTS,Naasar,VBTS
59,Kumikislap|NNP,Kumikislap,NNP
60,nakasama|VBTS,nakasama,VBTS
61,kumikindat|VBTR,kumikindat,VBTR
62,There|NNP,There,NNP
63,hanap|FW,hanap,FW
64,pailallim|RBD,pailallim,RBD
65,nakapagsalita|VBTS,nakapagsalita,VBTS
66,bag|FW,bag,FW
67,Dadalhin|VBTF,Dadalhin,VBTF
68,baon|NNC,baon,NNC
69,Nagsama|VBTS,Nagsama,VBTS
70,mangyayari|VBTR,mangyayari,VBTR
71,Matatapos|VBTF,Matatapos,VBTF
72,nahuhulog|VBTR,nahuhulog,VBTR
73,Mapaparami|NNP,Mapaparami,NNP
74,buu|NNCA,buu,NNCA
75,Yehey|FW,Yehey,FW
76,NAFA|NNPA,NAFA,NNPA
77,nagsaing|VBTS,nagsaing,VBTS
78,Nakapagtapos|VBTS,Nakapagtapos,VBTS
79,Ashish|NNP,Ashish,NNP
80,natanaw|VBTS,natanaw,VBTS
81,hinulaang|VBTS_CCP,hinulaang,VBTS_CCP
82,please|FW,please,FW
83,mathematics|FW,mathematics,FW
84,natitira|VBTR,natitira,VBTR
85,dahan|VBTS_VBOF,dahan,VBTS_VBOF
86,Nilalagyan|VBTR,Nilalagyan,VBTR
87,madudungis|JJD,madudungis,JJD
88,makasalubong|VBW,makasalubong,VBW
89,Naguluhan|VBTS,Naguluhan,VBTS
90,ginawang|VBTS_CCP,ginawang,VBTS_CCP
91,kamote|NNC,kamote,NNC
92,@hotmail|FW,@hotmail,FW
93,lupon|NNC,lupon,NNC
94,Minsan|RBW,Minsan,RBW
95,nakatatakot|JJD,nakatatakot,JJD
96,suotin|FW,suotin,FW
97,kasingtigas|JJD,kasingtigas,JJD
98,buyo|NNC,buyo,NNC
99,Tutul|NNP,Tutul,NNP
100,whocame|FW,whocame,FW
101,nasinisikad|VBTR,nasinisikad,VBTR
102,Leste|NNP,Leste,NNP
103,ganyan|PRC,ganyan,PRC
104,ganap|JJD,ganap,JJD
105,pagbuga|NNC,pagbuga,NNC
106,Paglabas|NNP,Paglabas,NNP
107,Kailangan|VBS,Kailangan,VBS
108,dahan|NNC,dahan,NNC
109,elepanteng|NNC_CCP,elepanteng,NNC_CCP
110,pagsusumamo|VBW,pagsusumamo,VBW
111,makina|NNC,makina,NNC
112,pusod|NNC,pusod,NNC
113,nagtipon|VBTS,nagtipon,VBTS
114,Tinku!Ḧindi|NNP,Tinku!Ḧindi,NNP
115,nilabhan|VBTS,nilabhan,VBTS
116,pinakamalayong|JJCS_JJD_CCP,pinakamalayong,JJCS_JJD_CCP
117,siklo|NNC,siklo,NNC
118,naninilbihan|VBTR,naninilbihan,VBTR
119,ikinawit|VBOF,ikinawit,VBOF
120,magsasanay|VBW,magsasanay,VBW
121,kantahin|VBOF,kantahin,VBOF
122,hinihiling|VBTR,hinihiling,VBTR
123,WHOOOSH|NNPA,WHOOOSH,NNPA
124,Iniwan|VBOF,Iniwan,VBOF
125,Tay|NNP,Tay,NNP
126,pansamantalang|JJD_CCP,pansamantalang,JJD_CCP
127,pagkuha|NNC,pagkuha,NNC
128,Kumar|NNP,Kumar,NNP
129,pinipinturahan|VBOF,pinipinturahan,VBOF
130,batong|NNC_CCP,batong,NNC_CCP
131,aninong|NNC_CCP,aninong,NNC_CCP
132,Kaya|CCR,Kaya,CCR
133,Naawa|NNP,Naawa,NNP
134,magtipon|VBW,magtipon,VBW
135,Neeeeey|NNP,Neeeeey,NNP
136,kinausap|VBOF,kinausap,VBOF
137,paghihimagsik|NNC,paghihimagsik,NNC
138,sinabing|VBOF_CCP,sinabing,VBOF_CCP
139,Kung|RBK,Kung,RBK
140,AminSi|FW,AminSi,FW
141,Gundu|NNP,Gundu,NNP
142,tilapyang|NNC_CCP,tilapyang,NNC_CCP
143,paano|RBQ,paano,RBQ
144,nasalubong|VBTS,nasalubong,VBTS
145,Kampana|NNP,Kampana,NNP
146,sintas|FW,sintas,FW
147,Mukuka|NNP,Mukuka,NNP
148,aalagaan|VBTF,aalagaan,VBTF
149,compare|FW,compare,FW
150,nakagugulat|RBD,nakagugulat,RBD
151,noooo|FW,noooo,FW
152,mo|PRS,mo,PRS
153,Dibuho|NNP,Dibuho,NNP
154,nagpalingon|VBTS,nagpalingon,VBTS
155,ungal|NNC,ungal,NNC
156,produktong|NNC_CCP,produktong,NNC_CCP
157,Sumilip|NNP,Sumilip,NNP
158,Minahal|NNP,Minahal,NNP
159,sunod|RBD,sunod,RBD
160,nakangiting|RBD_CCP,nakangiting,RBD_CCP
161,Tracker|NNP,Tracker,NNP
162,Gabi|RBW,Gabi,RBW
163,Buong|PRI_CCP,Buong,PRI_CCP
164,disc|FW,disc,FW
165,pinaliliguan|VBTS,pinaliliguan,VBTS
166,kartoon|NNC,kartoon,NNC
167,Patakbong|NNP_CCP,Patakbong,NNP_CCP
168,pagkakalat|NNC,pagkakalat,NNC
169,Janaki|NNP,Janaki,NNP
170,nagnenegosyo|VBTR,nagnenegosyo,VBTR
171,nakaranas|VBTS,nakaranas,VBTS
172,Hulihin|VBOF,Hulihin,VBOF
173,Naku|PRS,Naku,PRS
174,sweet|FW,sweet,FW
175,lumulundag|VBTR_VBAF,lumulundag,VBTR_VBAF
176,pagsikat|NNC,pagsikat,NNC
177,Nilunod|VBTS,Nilunod,VBTS
178,nangisda|VBTS,nangisda,VBTS
179,kapayapaan|NNC,kapayapaan,NNC
180,masikip|JJD,masikip,JJD
181,plauta|NNC,plauta,NNC
182,Greyling|NNP,Greyling,NNP
183,Gogo|NNP,Gogo,NNP
184,yuko|RBD,yuko,RBD
185,bumulosok|VBTR_VBAF,bumulosok,VBTR_VBAF
186,lens|NNC,lens,NNC
187,nspaka|FW,nspaka,FW
188,Nasaan|RBD,Nasaan,RBD
189,kayTok|NNP,kayTok,NNP
190,sitio|NNC,sitio,NNC
191,magtiyaga|VBW,magtiyaga,VBW
192,assist|FW,assist,FW
193,Bopha|NNP,Bopha,NNP
194,nakakakita|VBTR,nakakakita,VBTR
195,touchscreen|FW,touchscreen,FW
196,kabababaihan|NNC,kabababaihan,NNC
197,bubuyog|NNC,bubuyog,NNC
198,kapal|NNC,kapal,NNC
199,sampalok|NNC,sampalok,NNC
200,magagagamot|VBTF,magagagamot,VBTF
201,lavender|NNC,lavender,NNC
202,rutangito|NNC,rutangito,NNC
203,singkwenta|JJN,singkwenta,JJN
204,lumiwanag|VBTS_VBAF,lumiwanag,VBTS_VBAF
205,nyo|FW,nyo,FW
206,She|NNP,She,NNP
207,mabasa|VBW,mabasa,VBW
208,ah|FW,ah,FW
209,pilyo|NNC,pilyo,NNC
210,Magkikita|VBTF,Magkikita,VBTF
211,kuliglig|NNC,kuliglig,NNC
212,talbog|JJD,talbog,JJD
213,LEAD|NNPA,LEAD,NNPA
214,Sinubukan|VBOF,Sinubukan,VBOF
215,Ilag|NNP,Ilag,NNP
216,Ilang|PRQ_CCP,Ilang,PRQ_CCP
217,Enero|NNP,Enero,NNP
218,agham|NNC,agham,NNC
219,Ani|NNP,Ani,NNP
220,Ninyo|NNP,Ninyo,NNP
221,Ola|NNP,Ola,NNP
222,Nagmakaawa|VBTS,Nagmakaawa,VBTS
223,Aa|NNP,Aa,NNP
224,masabi|VBW,masabi,VBW
225,should|FW,should,FW
226,Kailangang|VBS_CCP,Kailangang,VBS_CCP
227,Inantay|VBTS,Inantay,VBTS
228,precious|FW,precious,FW
229,dyaket|FW,dyaket,FW
230,Douangkeo|NNP,Douangkeo,NNP
231,Rommuel|NNP,Rommuel,NNP
232,Yogi|NNP,Yogi,NNP
233,Boxes|NNP,Boxes,NNP
234,koshari|NNC,koshari,NNC
235,Rhino|NNC,Rhino,NNC
236,Cheeko|NNP,Cheeko,NNP
237,petrel|FW,petrel,FW
238,evacuation|FW,evacuation,FW
239,patingin|RBD,patingin,RBD
240,niyang|PRS_CCP,niyang,PRS_CCP
241,isulat|VBOF,isulat,VBOF
242,Eline|NNP,Eline,NNP
243,makaramdam|VBW,makaramdam,VBW
244,papa|NNC,papa,NNC
245,Nanghina|VBTS,Nanghina,VBTS
246,Makakain|VBW,Makakain,VBW
247,landas|NNC,landas,NNC
248,napalitan|VBTS,napalitan,VBTS
249,sea|FW,sea,FW
250,Kastila|NNP,Kastila,NNP
251,Hinakot|VBOF,Hinakot,VBOF
252,atdipa|NNC,atdipa,NNC
253,Ibinabaon|VBTS,Ibinabaon,VBTS
254,walang|VBN_CCP,walang,VBN_CCP
255,p|NNCA,p,NNCA
256,Pagkatapos|RBW,Pagkatapos,RBW
257,Tagak|NNP,Tagak,NNP
258,nahuhugas|VBTR,nahuhugas,VBTR
259,sumusulat|VBTR_VBAF,sumusulat,VBTR_VBAF
260,Kumain|VBAF,Kumain,VBAF
261,asteroid|FW,asteroid,FW
262,WepenerAko|NNP,WepenerAko,NNP
263,naglalathala|RBD,naglalathala,RBD
264,makagagawa|VBTF,makagagawa,VBTF
265,nakaimbak|VBTS,nakaimbak,VBTS
266,Joko|NNP,Joko,NNP
267,bubuksan|VBTF,bubuksan,VBTF
268,rely|FW,rely,FW
269,sumulpot|VBAF,sumulpot,VBAF
270,Matapos|VBW,Matapos,VBW
271,Paliliparin|NNP,Paliliparin,NNP
272,Umuulan|NNP,Umuulan,NNP
273,tauhan|NNC,tauhan,NNC
274,Larawan|NNC,Larawan,NNC
275,Sayang|RBS,Sayang,RBS
276,sinulidsa|FW,sinulidsa,FW
277,eto|FW,eto,FW
278,Aayusin|VBTF,Aayusin,VBTF
279,kayang|RBD_CCP,kayang,RBD_CCP
280,taro|NNC,taro,NNC
281,www.bilumbooks.com|FW,www.bilumbooks.com,FW
282,sumabit|VBAF,sumabit,VBAF
283,magbabayad|VBTF,magbabayad,VBTF
284,Krook!krook|NNP,Krook!krook,NNP
285,clickety|FW,clickety,FW
286,kaunlarang|NNC_CCP,kaunlarang,NNC_CCP
287,binuo|VBTS,binuo,VBTS
288,kasuotan|NNC,kasuotan,NNC
289,matiyak|JJD,matiyak,JJD
290,Tongtong|NNP_CCP,Tongtong,NNP_CCP
291,nagpapások|VBTR,nagpapások,VBTR
292,kinagigiliwan|VBOF,kinagigiliwan,VBOF
293,Pahina|NNP,Pahina,NNP
294,matagumpay|JJD,matagumpay,JJD
295,pamaba|NNC,pamaba,NNC
296,makapagpisa|VBW,makapagpisa,VBW
297,Mooooo|NNP,Mooooo,NNP
298,kartero|NNC,kartero,NNC
299,Chenda|NNP,Chenda,NNP
300,Idinulog|VBTS,Idinulog,VBTS
301,napakalayo|JJCS_JJD,napakalayo,JJCS_JJD
302,mabuhol|VBW,mabuhol,VBW
303,anogagawin|VBTF,anogagawin,VBTF
304,putahe|NNC,putahe,NNC
305,Subukin|VBOF,Subukin,VBOF
306,East|NNP,East,NNP
307,paghahanda|NNC,paghahanda,NNC
308,미있는이야기들이한국에많이소개되었으면좋|FW,미있는이야기들이한국에많이소개되었으면좋,FW
309,Nagmadaling|RBD_CCP,Nagmadaling,RBD_CCP
310,magtalaga|VBW,magtalaga,VBW
311,dioxide|FW,dioxide,FW
312,nasara|VBTS,nasara,VBTS
313,winawagayway|VBTR,winawagayway,VBTR
314,magtuloy|VBW,magtuloy,VBW
315,Trun|NNP,Trun,NNP
316,Hiniram|VBOF,Hiniram,VBOF
317,kaibuturan|NNC,kaibuturan,NNC
318,samantalang|CCT_CCP,samantalang,CCT_CCP
319,bright|FW,bright,FW
320,Winawagayway|VBTR,Winawagayway,VBTR
321,alipin|NNC,alipin,NNC
322,nakiisa|VBTS,nakiisa,VBTS
323,ate|FW,ate,FW
324,Pugad|NNC,Pugad,NNC
325,detective|FW,detective,FW
326,Napalilibutan|VBTS,Napalilibutan,VBTS
327,Ginulo|NNP,Ginulo,NNP
328,Andito|RBR,Andito,RBR
329,pagkamangha|NNC,pagkamangha,NNC
330,Espesyal|JJD,Espesyal,JJD
331,unan|NNC,unan,NNC
332,pumagitna|VBAF,pumagitna,VBAF
333,hangerSobrang|JJD_CCP,hangerSobrang,JJD_CCP
334,malaki|JJD,malaki,JJD
335,Marima|NNP,Marima,NNP
336,lanta|FW,lanta,FW
337,kambyo|NNC,kambyo,NNC
338,hanggangikalabintatlong|NNC_CCP,hanggangikalabintatlong,NNC_CCP
339,pastulan|NNC,pastulan,NNC
340,halimaw|NNC,halimaw,NNC
341,sakto|JJD,sakto,JJD
342,simbahan|NNC,simbahan,NNC
343,imbitahan|VBOF,imbitahan,VBOF
344,pailalim|RBD,pailalim,RBD
345,Tagumpay|NNP,Tagumpay,NNP
346,C37|CDB,C37,CDB
347,nagbihis|VBTS,nagbihis,VBTS
348,family|FW,family,FW
349,insektong|NNC_CCP,insektong,NNC_CCP
350,makapuntos|VBW,makapuntos,VBW
351,Kumain|VBTS_VBAF,Kumain,VBTS_VBAF
352,laing|NNC,laing,NNC
353,nakikipag|VBTS,nakikipag,VBTS
354,Trang|RBT,Trang,RBT
355,sinadya|VBOF,sinadya,VBOF
356,Langitngit|NNP,Langitngit,NNP
357,humawak|VBAF,humawak,VBAF
358,Ginoong|NNP_CCP,Ginoong,NNP_CCP
359,Mo|NNP,Mo,NNP
360,naghilik|VBTS,naghilik,VBTS
361,Pino|NNP,Pino,NNP
362,taga|JJD,taga,JJD
363,natatangi|VBTR,natatangi,VBTR
364,Educationand|NNP,Educationand,NNP
365,River|NNP,River,NNP
366,nakasilong|VBTS,nakasilong,VBTS
367,Nakapagdala|VBTS,Nakapagdala,VBTS
368,Nagmumuni|NNP,Nagmumuni,NNP
369,pom|FW,pom,FW
370,pandisiplina|JJD,pandisiplina,JJD
371,bale|FW,bale,FW
372,Ow|NNP,Ow,NNP
373,tralala|FW,tralala,FW
374,pagmasdan|VBOF,pagmasdan,VBOF
375,저의부모님께이책을선물로드리고싶습니다|NNC,저의부모님께이책을선물로드리고싶습니다,NNC
376,Titay|JJD,Titay,JJD
377,Cuckoo|NNP,Cuckoo,NNP
378,naamoy|VBTS,naamoy,VBTS
379,ipinatong|VBTS,ipinatong,VBTS
380,kumakalat|VBTR_VBAF,kumakalat,VBTR_VBAF
381,Balwan|NNP,Balwan,NNP
382,Kumupas|NNP,Kumupas,NNP
383,container|FW,container,FW
384,kumpleto|JJD,kumpleto,JJD
385,Katagalugang|NNP_CCP,Katagalugang,NNP_CCP
386,hamapas|NNC,hamapas,NNC
387,patungong|RBL_CCP,patungong,RBL_CCP
388,Dagdagan|VBTF,Dagdagan,VBTF
389,panloloko|NNC,panloloko,NNC
390,hulaan|VBAF,hulaan,VBAF
391,future|FW,future,FW
392,oktopus|FW,oktopus,FW
393,makapagsalita|VBW,makapagsalita,VBW
394,Matutuwa|VBTF,Matutuwa,VBTF
395,Naglalabas|VBTR,Naglalabas,VBTR
396,tulungan|NNC,tulungan,NNC
397,Pagkasalansan|NNP,Pagkasalansan,NNP
398,lang|RBI,lang,RBI
399,lobo|NNC,lobo,NNC
400,sasabad|JJD,sasabad,JJD
401,Sinigawan|VBTS,Sinigawan,VBTS
402,maipasa|VBW,maipasa,VBW
403,Jharkhand|NNP,Jharkhand,NNP
404,Kiniliti|VBTS,Kiniliti,VBTS
405,Magdiriwang|NNP_CCP,Magdiriwang,NNP_CCP
406,Waaah|NNP,Waaah,NNP
407,ang|DTC,ang,DTC
408,pamunas|NNC,pamunas,NNC
409,lungsod|NNC,lungsod,NNC
410,dalagitang|JJD_CCP,dalagitang,JJD_CCP
411,kumakanta|VBTR_VBAF,kumakanta,VBTR_VBAF
412,ginabayan|VBOF,ginabayan,VBOF
413,makanap|VBW,makanap,VBW
414,Ipininta|VBTS,Ipininta,VBTS
415,Halaaaaaaa|NNP,Halaaaaaaa,NNP
416,kagayang|NNC_CCP,kagayang,NNC_CCP
417,madala|VBW,madala,VBW
418,Punchku|NNP,Punchku,NNP
419,DUMI|NNPA,DUMI,NNPA
420,naturang|VBTS_CCP,naturang,VBTS_CCP
421,Mmmmmmm|NNP,Mmmmmmm,NNP
422,hampas|FW,hampas,FW
423,Makakasama|VBTF,Makakasama,VBTF
424,Swoosh|NNP,Swoosh,NNP
425,sitsiryapa|VBTR,sitsiryapa,VBTR
426,nakakikila|VBTR,nakakikila,VBTR
427,nabigyan|VBTS,nabigyan,VBTS
428,bug|FW,bug,FW
429,idea|NNC,idea,NNC
430,salita|NNC,salita,NNC
431,nakikinig|VBTR,nakikinig,VBTR
432,magnanakaw|NNC,magnanakaw,NNC
433,aral|NNC,aral,NNC
434,Pinapaganda|VBTR,Pinapaganda,VBTR
435,papatalong|NNC_CCP,papatalong,NNC_CCP
436,Bottles|FW,Bottles,FW
437,Prach|NNP,Prach,NNP
438,Aminado|JJD,Aminado,JJD
439,나비와개미|CDB,나비와개미,CDB
440,inay|NNC,inay,NNC
441,pasingawin|RBD,pasingawin,RBD
442,Deepika|NNP,Deepika,NNP
443,tiningnan|VBOF,tiningnan,VBOF
444,hummingbird|FW,hummingbird,FW
445,ere|NNC,ere,NNC
446,Suman|NNP,Suman,NNP
447,bulawbulaw|NNC,bulawbulaw,NNC
448,inunahan|VBTS,inunahan,VBTS
449,pababâ|VBOF,pababâ,VBOF
450,Napangisi|VBTS,Napangisi,VBTS
451,haring|NNC_CCP,haring,NNC_CCP
452,signal|NNC,signal,NNC
453,ipapadala|VBTF,ipapadala,VBTF
454,babalang|NNC_CCP,babalang,NNC_CCP
455,Lolo|NNP,Lolo,NNP
456,magsisimula|VBTF,magsisimula,VBTF
457,katindi|JJD,katindi,JJD
458,matangkad|JJD,matangkad,JJD
459,Dadaan|VBTF,Dadaan,VBTF
460,Prach|FW,Prach,FW
461,makapaghintay|VBW,makapaghintay,VBW
462,Paapaayaa|NNP,Paapaayaa,NNP
463,Satisg|NNP,Satisg,NNP
464,Charan|NNP,Charan,NNP
465,Oink|NNP,Oink,NNP
466,umiikot|VBTR,umiikot,VBTR
467,Sumisid|VBAF,Sumisid,VBAF
468,pagdumi|NNC,pagdumi,NNC
469,madilim|JJD,madilim,JJD
470,kinukutya|VBOF,kinukutya,VBOF
471,Pawikan|NNP,Pawikan,NNP
472,maituturo|VBTF,maituturo,VBTF
473,papatawid|VBTF,papatawid,VBTF
474,Luna|NNP,Luna,NNP
475,Lumabas|VBAF,Lumabas,VBAF
476,노경실작가이책은서울특별시와아시아재단이공동제작하|CDB,노경실작가이책은서울특별시와아시아재단이공동제작하,CDB
477,StoryWeaver|NNP,StoryWeaver,NNP
478,paibaba|RBD,paibaba,RBD
479,makabibisita|VBW,makabibisita,VBW
480,0n|CDB,0n,CDB
481,makakakita|VBW,makakakita,VBW
482,kahihiyan|NNC,kahihiyan,NNC
483,Pinakiusapan|VBTS,Pinakiusapan,VBTS
484,Hinatid|VBOF,Hinatid,VBOF
485,environment|FW,environment,FW
486,pensiyon|NNC,pensiyon,NNC
487,makaakyat|VBW,makaakyat,VBW
488,ilalagay|VBTF,ilalagay,VBTF
489,language|FW,language,FW
490,Takot|NNP,Takot,NNP
491,Pagsasaway|NNP,Pagsasaway,NNP
492,Tatlo|CDB,Tatlo,CDB
493,pagkabahala|NNC,pagkabahala,NNC
494,sanamatay|JJD,sanamatay,JJD
495,Yolly|NNP,Yolly,NNP
496,makakatulong|VBTF,makakatulong,VBTF
497,higupin|VBOF,higupin,VBOF
498,usaping|NNC_CCP,usaping,NNC_CCP
499,awiting|NNC_CCP,awiting,NNC_CCP
500,putol|JJD,putol,JJD
501,ugali|NNC,ugali,NNC
502,diin|NNC,diin,NNC
503,hintayin|VBOF,hintayin,VBOF
504,Akay|NNP,Akay,NNP
505,pagsabog|NNC,pagsabog,NNC
506,Grand|NNP,Grand,NNP
507,snake|FW,snake,FW
508,Kumakaway|VBTR,Kumakaway,VBTR
509,matampuhing|JJD_CCP,matampuhing,JJD_CCP
510,pantalan|NNC,pantalan,NNC
511,tumitingin|VBTR_VBAF,tumitingin,VBTR_VBAF
512,paghinga|NNC,paghinga,NNC
513,nakaraang|JJD_CCP,nakaraang,JJD_CCP
514,nilalaman|NNC,nilalaman,NNC
515,kuryente|NNC,kuryente,NNC
516,muntik|RBD,muntik,RBD
517,Narito|NNP,Narito,NNP
518,morning|FW,morning,FW
519,laruang|JJD_CCP,laruang,JJD_CCP
520,Tignan|VBOF,Tignan,VBOF
521,magpipintura|VBTF_VBAF,magpipintura,VBTF_VBAF
522,Inilawan|VBTS,Inilawan,VBTS
523,mapisa|VBW,mapisa,VBW
524,gitara|NNC,gitara,NNC
525,Kash|NNP,Kash,NNP
526,paggawa|NNC,paggawa,NNC
527,umungal|VBAF,umungal,VBAF
528,Okey|NNP,Okey,NNP
529,Nagpahinga|VBTS,Nagpahinga,VBTS
530,Paalis|NNP,Paalis,NNP
531,Hinanginan|VBTR,Hinanginan,VBTR
532,Pumaikot|NNP,Pumaikot,NNP
533,tambo|NNC,tambo,NNC
534,individuals|FW,individuals,FW
535,nakaimik|VBTS,nakaimik,VBTS
536,kalimbahin|NNC,kalimbahin,NNC
537,makapagbibigay|VBW,makapagbibigay,VBW
538,Kayong|PRO_CCP,Kayong,PRO_CCP
539,tumatalon|VBTR_VBAF,tumatalon,VBTR_VBAF
540,magparami|VBW,magparami,VBW
541,tradisyonal|JJD,tradisyonal,JJD
542,Yeti|NNP,Yeti,NNP
543,구와같은생명의별을찾느라바쁩니다|NNC,구와같은생명의별을찾느라바쁩니다,NNC
544,tirang|JJD_CCP,tirang,JJD_CCP
545,magtrabaho|VBW,magtrabaho,VBW
546,inalis|VBTS,inalis,VBTS
547,magkakarugtong|JJD,magkakarugtong,JJD
548,naisulay|VBTS,naisulay,VBTS
549,babasahin|NNC,babasahin,NNC
550,kayganda|NNC,kayganda,NNC
551,wool|FW,wool,FW
552,Ipapakita|VBTF,Ipapakita,VBTF
553,Lugar|NNP,Lugar,NNP
554,inilalabas|VBTR,inilalabas,VBTR
555,mabibigyan|VBW,mabibigyan,VBW
556,Hoy|NNP,Hoy,NNP
557,nun|NNC,nun,NNC
558,tutubi|VBTF,tutubi,VBTF
559,Lipad|NNP,Lipad,NNP
560,sirain|VBOF,sirain,VBOF
561,Rehana|NNP,Rehana,NNP
562,wagtail|FW,wagtail,FW
563,hinikayat|VBTS,hinikayat,VBTS
564,nagpalangoy|VBTS,nagpalangoy,VBTS
565,humagulhol|VBTR,humagulhol,VBTR
566,pagbuo|NNC,pagbuo,NNC
567,makauwi|VBW,makauwi,VBW
568,kana|RBW,kana,RBW
569,napatingin|VBTS,napatingin,VBTS
570,turan|NNC,turan,NNC
571,saka|CCA,saka,CCA
572,mahal|RBD,mahal,RBD
573,ingit|FW,ingit,FW
574,naalala|VBTS,naalala,VBTS
575,tumalsik|VBAF,tumalsik,VBAF
576,ay|LM,ay,LM
577,Iyan|VBTS_VBOF,Iyan,VBTS_VBOF
578,Pagbibiseklita|NNP,Pagbibiseklita,NNP
579,Snap|NNP,Snap,NNP
580,Bilisan|NNP,Bilisan,NNP
581,pabirong|JJD_CCP,pabirong,JJD_CCP
582,도없다고합니다|PMS,도없다고합니다,PMS
583,Patpatin|NNP,Patpatin,NNP
584,MFA|NNPA,MFA,NNPA
585,nakaluhod|VBTS,nakaluhod,VBTS
586,kabigat|NNC,kabigat,NNC
587,Naniwala|VBTS,Naniwala,VBTS
588,gasolina|NNC,gasolina,NNC
589,Ipagpaumanhin|NNP,Ipagpaumanhin,NNP
590,experto|NNC,experto,NNC
591,Sap|NNP,Sap,NNP
592,Mababa|JJD,Mababa,JJD
593,unang|CDB_CCP,unang,CDB_CCP
594,rohingya|NNC,rohingya,NNC
595,Tamarindus|NNP,Tamarindus,NNP
596,tupa|NNC,tupa,NNC
597,kumukulong|VBTR_VBAF_CCP,kumukulong,VBTR_VBAF_CCP
598,kaarawan|NNC,kaarawan,NNC
599,ship|FW,ship,FW
600,isuot|VBOF,isuot,VBOF
601,maglalagay|VBAF,maglalagay,VBAF
602,Commons|NNP,Commons,NNP
603,Marami|PRI,Marami,PRI
604,pabulusok|NNC,pabulusok,NNC
605,nakakainom|VBTR,nakakainom,VBTR
606,nahihiyang|VBTS_CCP,nahihiyang,VBTS_CCP
607,Mangga|VBW,Mangga,VBW
608,kita|NNC,kita,NNC
609,Arts|NNP,Arts,NNP
610,inom|FW,inom,FW
611,Dhawan|NNP,Dhawan,NNP
612,kinagugulatan|VBTR,kinagugulatan,VBTR
613,WAAAAHHHH|NNPA,WAAAAHHHH,NNPA
614,nagmumula|VBTR,nagmumula,VBTR
615,Pradesh|NNP,Pradesh,NNP
616,mapalaya|VBW,mapalaya,VBW
617,ikahiya|VBOF,ikahiya,VBOF
618,gastos|NNC,gastos,NNC
619,Lintang|NNP,Lintang,NNP
620,jaggery|FW,jaggery,FW
621,sinundan|VBOF,sinundan,VBOF
622,Pagtugmain|NNP,Pagtugmain,NNP
623,kayong|JJC,kayong,JJC
624,gana|NNC,gana,NNC
625,mabibilis|JJD,mabibilis,JJD
626,Ilog|NNP,Ilog,NNP
627,dampened|FW,dampened,FW
628,keyk|JJD,keyk,JJD
629,binubuo|VBTR,binubuo,VBTR
630,palatandaan|NNC,palatandaan,NNC
631,makakuhang|JJD_CCP,makakuhang,JJD_CCP
632,Sabik|JJD,Sabik,JJD
633,lundag|NNC,lundag,NNC
634,Sean|NNP,Sean,NNP
635,Subalit|CCT,Subalit,CCT
636,makukulit|JJD,makukulit,JJD
637,pagbabalik|NNC,pagbabalik,NNC
638,galing|RBL,galing,RBL
639,ulo|NNC,ulo,NNC
640,Pumatak|VBAF,Pumatak,VBAF
641,palamigan|NNC,palamigan,NNC
642,Ipinagmamalaki|VBTR,Ipinagmamalaki,VBTR
643,pinakadakilang|JJCS_JJD_CCP,pinakadakilang,JJCS_JJD_CCP
644,Napakabango|JJCS_JJD,Napakabango,JJCS_JJD
645,pabiro|RBD,pabiro,RBD
646,Kingsfisher|NNP,Kingsfisher,NNP
647,Kabugwasun|NNP,Kabugwasun,NNP
648,carbon|FW,carbon,FW
649,Garcinia|FW,Garcinia,FW
650,kasinlusog|JJCC,kasinlusog,JJCC
651,matitibay|JJD,matitibay,JJD
652,lumutas|VBAF,lumutas,VBAF
653,Nababasa|VBTS,Nababasa,VBTS
654,abalang|NNC_CCP,abalang,NNC_CCP
655,Nabuo|VBTS,Nabuo,VBTS
656,face|FW,face,FW
657,female|FW,female,FW
658,mangingitlog|JJD,mangingitlog,JJD
659,pagbalik|NNC,pagbalik,NNC
660,hininga|NNC,hininga,NNC
661,huni|NNC,huni,NNC
662,panatag|JJD,panatag,JJD
663,ethnic|FW,ethnic,FW
664,langur|NNC,langur,NNC
665,nasisira|VBTR,nasisira,VBTR
666,in|NNP,in,NNP
667,학기술로연구|FW,학기술로연구,FW
668,magtatayo|VBTF,magtatayo,VBTF
669,walong|JJN_CCP,walong,JJN_CCP
670,delivery|NNC,delivery,NNC
671,lizard|FW,lizard,FW
672,magmadali|VBW,magmadali,VBW
673,pigil|NNC,pigil,NNC
674,kuwadernong|NNC_CCP,kuwadernong,NNC_CCP
675,paboritong|JJD_CCP,paboritong,JJD_CCP
676,RHOMBUS|NNPA,RHOMBUS,NNPA
677,Kinain|VBOF,Kinain,VBOF
678,time|FW,time,FW
679,radyo|NNC,radyo,NNC
680,Nababagot|VBTS,Nababagot,VBTS
681,walong|VBN_CCP,walong,VBN_CCP
682,napaiyak|VBTS,napaiyak,VBTS
683,nagbukas|VBTS,nagbukas,VBTS
684,pridyeder|NNC,pridyeder,NNC
685,salubungin|VBOF,salubungin,VBOF
686,magtawanan|RBD,magtawanan,RBD
687,kada|PRI,kada,PRI
688,konsiyerto|NNC,konsiyerto,NNC
689,Nagpasyang|RBD_CCP,Nagpasyang,RBD_CCP
690,umidlip|VBTR,umidlip,VBTR
691,Gamo|NNP,Gamo,NNP
692,pinapunasan|VBTS,pinapunasan,VBTS
693,sasama|VBTF,sasama,VBTF
694,mamahagi|NNC,mamahagi,NNC
695,lamunin|RBD,lamunin,RBD
696,gubat|NNC,gubat,NNC
697,ginagambala|VBTR,ginagambala,VBTR
698,pinsel|NNC,pinsel,NNC
699,inuuwian|VBTR,inuuwian,VBTR
700,Pinakain|VBOF,Pinakain,VBOF
701,inay|RBI,inay,RBI
702,fruit|FW,fruit,FW
703,THUDDD|NNPA,THUDDD,NNPA
704,pagbasa|VBW,pagbasa,VBW
705,kabang|JJD_CCP,kabang,JJD_CCP
706,Boutong|NNP,Boutong,NNP
707,pampaaralanLabis|JJD,pampaaralanLabis,JJD
708,tutulong|VBTF,tutulong,VBTF
709,sulit|JJD,sulit,JJD
710,uri|NNC,uri,NNC
711,Napapalutang|VBTS_CCP,Napapalutang,VBTS_CCP
712,namamalayan|VBTR,namamalayan,VBTR
713,nagtatrabaho|VBTR,nagtatrabaho,VBTR
714,Tinatapon|VBOF,Tinatapon,VBOF
715,surfing|FW,surfing,FW
716,magtinda|VBW,magtinda,VBW
717,Bumuga|NNP,Bumuga,NNP
718,biyahe|NNC,biyahe,NNC
719,Nanatili|VBTS,Nanatili,VBTS
720,napaalis|VBTS,napaalis,VBTS
721,sinimot|FW,sinimot,FW
722,buwanbilang|JJD_CCP,buwanbilang,JJD_CCP
723,makaipon|VBW,makaipon,VBW
724,malamab|JJD,malamab,JJD
725,napadaan|VBTS,napadaan,VBTS
726,Kutti|NNP,Kutti,NNP
727,머니그램재단|CDB,머니그램재단,CDB
728,nakiusap|VBTS,nakiusap,VBTS
729,maikasal|VBW,maikasal,VBW
730,pagmamasid|NNC,pagmamasid,NNC
731,Agad|RBW,Agad,RBW
732,bilisan|VBOF,bilisan,VBOF
733,biryani|FW,biryani,FW
734,Minh|NNP,Minh,NNP
735,masikap|JJD,masikap,JJD
736,matinding|JJD_CCP,matinding,JJD_CCP
737,Mango|JJD,Mango,JJD
738,nililibot|VBTR,nililibot,VBTR
739,Pagdating|VBW,Pagdating,VBW
740,magkakatugma|VBTF,magkakatugma,VBTF
741,nagpupunta|VBTR,nagpupunta,VBTR
742,Nutty|NNP,Nutty,NNP
743,creatives|FW,creatives,FW
744,pasayawsayaw|JJD,pasayawsayaw,JJD
745,naglaway|VBTS,naglaway,VBTS
746,Tipaklong|NNP,Tipaklong,NNP
747,nakahilata|VBTS,nakahilata,VBTS
748,isasahog|VBOF,isasahog,VBOF
749,Nakikita|VBTR,Nakikita,VBTR
750,Tinupok|JJD,Tinupok,JJD
751,nakahanda|VBTS,nakahanda,VBTS
752,kondisyon|NNC,kondisyon,NNC
753,Malulungkot|RBD,Malulungkot,RBD
754,Pakitawag|NNP,Pakitawag,NNP
755,dahoon|NNC,dahoon,NNC
756,nasusunod|VBTR,nasusunod,VBTR
757,inililimbag|VBTS,inililimbag,VBTS
758,maikling|JJD_CCP,maikling,JJD_CCP
759,kulubot|JJD,kulubot,JJD
760,Pagpasok|NNC,Pagpasok,NNC
761,gibbon|FW,gibbon,FW
762,ilog|NNC,ilog,NNC
763,ring|FW,ring,FW
764,Meerkat|NNP,Meerkat,NNP
765,Hmm|FW,Hmm,FW
766,katabi|CCB,katabi,CCB
767,masiyahan|VBW,masiyahan,VBW
768,makapagtanim|VBW,makapagtanim,VBW
769,Pinapanood|VBTR,Pinapanood,VBTR
770,nalungkot|VBTS,nalungkot,VBTS
771,magpapaskil|VBAF,magpapaskil,VBAF
772,anggasera|NNC,anggasera,NNC
773,masama|VBW,masama,VBW
774,Ngayon|RBW,Ngayon,RBW
775,kilo|FW,kilo,FW
776,Masaganang|RBD_CCP,Masaganang,RBD_CCP
777,nauna|VBTS,nauna,VBTS
778,kikig|NNC,kikig,NNC
779,ulit|NNC,ulit,NNC
780,Chenda|NNC,Chenda,NNC
781,masamang|JJD_CCP,masamang,JJD_CCP
782,illustrador|NNC,illustrador,NNC
783,susundin|VBTF,susundin,VBTF
784,itik|NNC,itik,NNC
785,hinidi|RBF,hinidi,RBF
786,am|NNCA,am,NNCA
787,Hayan|NNP,Hayan,NNP
788,Binuhusan|VBOF,Binuhusan,VBOF
789,creamo|FW,creamo,FW
790,Secondary|NNP,Secondary,NNP
791,Napakagaling|VBTS,Napakagaling,VBTS
792,Paglingon|NNP,Paglingon,NNP
793,nagbibigkas|VBTS,nagbibigkas,VBTS
794,because|FW,because,FW
795,ipinasa|VBTS,ipinasa,VBTS
796,kinauupuan|JJD,kinauupuan,JJD
797,binibigyan|VBTR,binibigyan,VBTR
798,Nepal|NNP,Nepal,NNP
799,Tractor|NNP,Tractor,NNP
800,manikang|VBW_CCP,manikang,VBW_CCP
801,ginising|NNC_CCP,ginising,NNC_CCP
802,magaling|JJD,magaling,JJD
803,propesyonal|NNC,propesyonal,NNC
804,titigan|VBOF,titigan,VBOF
805,natalo|VBTS,natalo,VBTS
806,Claaannggg|NNP,Claaannggg,NNP
807,matatalo|VBTF,matatalo,VBTF
808,Ginuhit|VBOF,Ginuhit,VBOF
809,Galit|RBD,Galit,RBD
810,Lala|NNP,Lala,NNP
811,Layon|NNP,Layon,NNP
812,Patakbo|RBD,Patakbo,RBD
813,sapit|JJD,sapit,JJD
814,order|NNC,order,NNC
815,namumuhay|VBTR,namumuhay,VBTR
816,magpastol|VBW,magpastol,VBW
817,Palaka|NNC,Palaka,NNC
818,Thrush|NNP,Thrush,NNP
819,butones|NNC,butones,NNC
820,Humiram|VBAF,Humiram,VBAF
821,AngaklatnaitoayC|NNP,AngaklatnaitoayC,NNP
822,maputla|JJD,maputla,JJD
823,pagkaing|NNC_CCP,pagkaing,NNC_CCP
824,Coff|NNP,Coff,NNP
825,lamang|RBI,lamang,RBI
826,nakaalis|VBTS,nakaalis,VBTS
827,Mahilig|JJD,Mahilig,JJD
828,Napalingon|NNP,Napalingon,NNP
829,titik|NNC,titik,NNC
830,vegetables|FW,vegetables,FW
831,hawakan|JJD,hawakan,JJD
832,Ibinalot|VBTS,Ibinalot,VBTS
833,pinasalamatan|VBOF,pinasalamatan,VBOF
834,한국에서생활한지는5년이되었|CDB,한국에서생활한지는5년이되었,CDB
835,ikuha|VBOF,ikuha,VBOF
836,napagtanto|VBTS,napagtanto,VBTS
837,Multo|NNP,Multo,NNP
838,Napakaraming|RBD_CCP,Napakaraming,RBD_CCP
839,ibinigay|VBTS,ibinigay,VBTS
840,boteay|FW,boteay,FW
841,Malulusog|NNP,Malulusog,NNP
842,hapong|NNC_CCP,hapong,NNC_CCP
843,magiging|VBTF,magiging,VBTF
844,Baka|NNP,Baka,NNP
845,ATING|NNPA,ATING,NNPA
846,tumahimik|VBAF,tumahimik,VBAF
847,other|FW,other,FW
848,makapaghihintay|VBW,makapaghihintay,VBW
849,ibang|PRI_CCP,ibang,PRI_CCP
850,kumulot|VBAF,kumulot,VBAF
851,butong|NNC_CCP,butong,NNC_CCP
852,Mesh|VBS,Mesh,VBS
853,duming|NNC_CCP,duming,NNC_CCP
854,hahaplusin|VBOF,hahaplusin,VBOF
855,fairly|FW,fairly,FW
856,Covy|NNP,Covy,NNP
857,Inay|NNP,Inay,NNP
858,bihisan|VBOF,bihisan,VBOF
859,napakahaba|JJCS_JJD,napakahaba,JJCS_JJD
860,upuang|CCB,upuang,CCB
861,Sumulong|VBAF,Sumulong,VBAF
862,Tinungo|VBOF,Tinungo,VBOF
863,notebook|FW,notebook,FW
864,kasal|NNC,kasal,NNC
865,BUKAS|NNPA,BUKAS,NNPA
866,sentimetro|NNC,sentimetro,NNC
867,aapi|FW,aapi,FW
868,Panahon|NNP,Panahon,NNP
869,tubuhan|NNC,tubuhan,NNC
870,Napakarami|JJCS_JJD,Napakarami,JJCS_JJD
871,adults|FW,adults,FW
872,Malinaw|RBD,Malinaw,RBD
873,Aapa|NNP,Aapa,NNP
874,bakuran|VBOF,bakuran,VBOF
875,magnanakaw|VBTF_VBAF,magnanakaw,VBTF_VBAF
876,itiniraSino|VBOF,itiniraSino,VBOF
877,written|FW,written,FW
878,nagsusunog|VBTR,nagsusunog,VBTR
879,napakalambot|JJCS_JJD,napakalambot,JJCS_JJD
880,tabla|NNC,tabla,NNC
881,Nagbunyi|VBTS,Nagbunyi,VBTS
882,layang|NNC,layang,NNC
883,kabataan|NNC,kabataan,NNC
884,nagsimulangkumuha|VBTR,nagsimulangkumuha,VBTR
885,mainip|VBW,mainip,VBW
886,makataong|JJD_CCP,makataong,JJD_CCP
887,pulutong|NNC,pulutong,NNC
888,iinom|VBTF,iinom,VBTF
889,tuwid|JJD,tuwid,JJD
890,kanyan|NNC,kanyan,NNC
891,bodega|NNC,bodega,NNC
892,pagkarating|VBW,pagkarating,VBW
893,husto|JJD,husto,JJD
894,Shrabon|NNP,Shrabon,NNP
895,artipisyal|JJD,artipisyal,JJD
896,bansang|NNC_CCP,bansang,NNC_CCP
897,ipinamalas|VBTS,ipinamalas,VBTS
898,Pffft|NNP,Pffft,NNP
899,siyá|NNC,siyá,NNC
900,magluluto|VBW,magluluto,VBW
901,maramdaman|RBD,maramdaman,RBD
902,katangi|JJD,katangi,JJD
903,mahahalagang|JJD_CCP,mahahalagang,JJD_CCP
904,naiipit|VBTR,naiipit,VBTR
905,pagkilos|VBW,pagkilos,VBW
906,지금은다시캄보|CDB,지금은다시캄보,CDB
907,Plop|NNP,Plop,NNP
908,Argh|NNP,Argh,NNP
909,espesyal.|JJD,espesyal.,JJD
910,pangmalayang|JJD_CCP,pangmalayang,JJD_CCP
911,Mira|NNP,Mira,NNP
912,Palindi|NNP,Palindi,NNP
913,higpit|JJD,higpit,JJD
914,ipapatalo|VBOF,ipapatalo,VBOF
915,nagpumilit|VBTS,nagpumilit,VBTS
916,Mito|NNP,Mito,NNP
917,Carl|NNP,Carl,NNP
918,Pinoproseso|VBTR,Pinoproseso,VBTR
919,hangad|NNC,hangad,NNC
920,Natusok|NNP,Natusok,NNP
921,Magpaalam|NNP,Magpaalam,NNP
922,ngingiti|NNC,ngingiti,NNC
923,sumasama|VBTR_VBAF,sumasama,VBTR_VBAF
924,pagtira|NNC,pagtira,NNC
925,halo|JJD,halo,JJD
926,pulot|NNC,pulot,NNC
927,ikaapat|JJN,ikaapat,JJN
928,pinakamalaking|JJCS_JJD_CCP,pinakamalaking,JJCS_JJD_CCP
929,makapagpapatapon|VBW,makapagpapatapon,VBW
930,pagpupukpok|NNC,pagpupukpok,NNC
931,sinubukang|VBOF_CCP,sinubukang,VBOF_CCP
932,humina|VBAF,humina,VBAF
933,Sinabihan|VBTS,Sinabihan,VBTS
934,Nalubog|VBTS,Nalubog,VBTS
935,lng|FW,lng,FW
936,Lavenders|FW,Lavenders,FW
937,mabawi|VBW,mabawi,VBW
938,Nalaman|VBTS,Nalaman,VBTS
939,tsaa|NNC,tsaa,NNC
940,Broom|NNP,Broom,NNP
941,ladrilyo|NNC,ladrilyo,NNC
942,Kicchu|NNP,Kicchu,NNP
943,silim|NNC,silim,NNC
944,nagmumukmok|VBTR,nagmumukmok,VBTR
945,kaagad|RBW,kaagad,RBW
946,malumanay|JJD,malumanay,JJD
947,nahiwalay|VBTS,nahiwalay,VBTS
948,sisigaw|VBTF,sisigaw,VBTF
949,hitik|NNC,hitik,NNC
950,liblib|JJD,liblib,JJD
951,Oso|NNP,Oso,NNP
952,naaarawan|VBTR,naaarawan,VBTR
953,Kaarawan|RBW,Kaarawan,RBW
954,patient|FW,patient,FW
955,mabilog|JJD,mabilog,JJD
956,binubuksan|VBTR,binubuksan,VBTR
957,tappa|FW,tappa,FW
958,magnet|VBW,magnet,VBW
959,Makalipas|VBW,Makalipas,VBW
960,Agawin|VBOF,Agawin,VBOF
961,you|FW,you,FW
962,malayo|JJD,malayo,JJD
963,pangkulay|JJD,pangkulay,JJD
964,Anim|JJN,Anim,JJN
965,alulong|NNC_CCP,alulong,NNC_CCP
966,which|FW,which,FW
967,nagtatampok|VBTR,nagtatampok,VBTR
968,Read|NNP,Read,NNP
969,nata|RBD,nata,RBD
970,nadamay|VBTS,nadamay,VBTS
971,kinang|VBOF,kinang,VBOF
972,matataba|VBTF,matataba,VBTF
973,iba|PRI,iba,PRI
974,asno|NNC,asno,NNC
975,ingay|NNC,ingay,NNC
976,pagod|NNC,pagod,NNC
977,Tahipan|NNP,Tahipan,NNP
978,www.youtube.com/watch?v=XGlTHR8a|NNP,www.youtube.com/watch?v=XGlTHR8a,NNP
979,Nena|NNP,Nena,NNP
980,themes|FW,themes,FW
981,Khonesavan|NNP,Khonesavan,NNP
982,sumayaw|VBAF,sumayaw,VBAF
983,lubos|JJCS,lubos,JJCS
984,malakas|RBD,malakas,RBD
985,magmano|VBAF,magmano,VBAF
986,katatawa|NNC,katatawa,NNC
987,Magsaliksik|NNP,Magsaliksik,NNP
988,makapatubo|VBW,makapatubo,VBW
989,magigiting|JJD,magigiting,JJD
990,chhhooo|FW,chhhooo,FW
991,makakaabot|VBW,makakaabot,VBW
992,Sabitan|NNP,Sabitan,NNP
993,ipinagdiwang|VBTS,ipinagdiwang,VBTS
994,three|FW,three,FW
995,Kapag|RBK,Kapag,RBK
996,madalas|JJD,madalas,JJD
997,Neeeeey|FW,Neeeeey,FW
998,mangingibabaw|VBTR,mangingibabaw,VBTR
999,kaguluhan|NNC,kaguluhan,NNC
1000,dilag|NNC,dilag,NNC
1001,nakapipinsalang|VBTS_CCP,nakapipinsalang,VBTS_CCP
1002,agaw|NNC,agaw,NNC
1003,soda|FW,soda,FW
1004,sampayan|NNC,sampayan,NNC
1005,Anumang|PRI_CCP,Anumang,PRI_CCP
1006,Inilágay|VBOF,Inilágay,VBOF
1007,Radinka|NNP,Radinka,NNP
1008,Parati|RBD,Parati,RBD
1009,school|FW,school,FW
1010,hinga|RBD,hinga,RBD
1011,Ikinuwento|VBOF,Ikinuwento,VBOF
1012,buhangin|NNC,buhangin,NNC
1013,puti|JJD,puti,JJD
1014,inaabot|VBTR,inaabot,VBTR
1015,scientist|FW,scientist,FW
1016,katerpilar|NNC,katerpilar,NNC
1017,haharang|VBTF,haharang,VBTF
1018,Umaabot|VBTR_VBAF,Umaabot,VBTR_VBAF
1019,binabanlawan|VBTR,binabanlawan,VBTR
1020,gumagala|VBTR_VBAF,gumagala,VBTR_VBAF
1021,makipag|VBW,makipag,VBW
1022,rosas|NNC,rosas,NNC
1023,nagpraktis|VBTR,nagpraktis,VBTR
1024,eating|FW,eating,FW
1025,ipinunla|VBTS,ipinunla,VBTS
1026,Kadiri|NNP,Kadiri,NNP
1027,galit|NNC,galit,NNC
1028,kaldero|NNC,kaldero,NNC
1029,sumasagot|VBTR_VBAF,sumasagot,VBTR_VBAF
1030,daan|NNC,daan,NNC
1031,patibong|NNC,patibong,NNC
1032,nilikha|VBTS,nilikha,VBTS
1033,Pagkadating|VBW,Pagkadating,VBW
1034,ganon|PRC,ganon,PRC
1035,pagpipinta|NNC,pagpipinta,NNC
1036,hinga|FW,hinga,FW
1037,kawayanay|NNC,kawayanay,NNC
1038,pumapahimpapawid|VBTR_VBAF,pumapahimpapawid,VBTR_VBAF
1039,maibebenta|VBTF,maibebenta,VBTF
1040,paghuhulma|VBW,paghuhulma,VBW
1041,Pasipiko|NNP,Pasipiko,NNP
1042,supported|FW,supported,FW
1043,hinahangaan|VBTR,hinahangaan,VBTR
1044,kumakagat|VBAF,kumakagat,VBAF
1045,angmga|NNC,angmga,NNC
1046,bangko|NNC,bangko,NNC
1047,Nila|NNP,Nila,NNP
1048,Tugon|NNC,Tugon,NNC
1049,paniniwala|NNC,paniniwala,NNC
1050,sasakyang|NNC_CCP,sasakyang,NNC_CCP
1051,Ma'am|NNP,Ma'am,NNP
1052,그누구도|CDB,그누구도,CDB
1053,Parehas|JJD,Parehas,JJD
1054,manoood|VBW,manoood,VBW
1055,tatay|NNC,tatay,NNC
1056,Tok|NNC,Tok,NNC
1057,Kawawang|NNP_CCP,Kawawang,NNP_CCP
1058,uminum|VBAF,uminum,VBAF
1059,Mataas|JJD,Mataas,JJD
1060,materials|FW,materials,FW
1061,Boyd|NNP,Boyd,NNP
1062,bolador|FW,bolador,FW
1063,madamong|JJD_CCP,madamong,JJD_CCP
1064,hinog|JJD,hinog,JJD
1065,drew|FW,drew,FW
1066,nagtalo|VBTS,nagtalo,VBTS
1067,data|NNC,data,NNC
1068,aralan|RBD,aralan,RBD
1069,kabanata|NNC,kabanata,NNC
1070,principal|NNC,principal,NNC
1071,kanelaat|FW,kanelaat,FW
1072,MakawAsiwa|VBW,MakawAsiwa,VBW
1073,groups|FW,groups,FW
1074,ipipiit|VBOF,ipipiit,VBOF
1075,nagsasalita|VBTR,nagsasalita,VBTR
1076,kalukuhan|FW,kalukuhan,FW
1077,nagsabing|VBTS,nagsabing,VBTS
1078,empunto|FW,empunto,FW
1079,Sapsap|NNP,Sapsap,NNP
1080,kapwa|PRI,kapwa,PRI
1081,alinman|PRI,alinman,PRI
1082,ihagis|VBTF,ihagis,VBTF
1083,talikuran|VBOF,talikuran,VBOF
1084,nakalalabas|VBTS,nakalalabas,VBTS
1085,takpan|VBOF,takpan,VBOF
1086,itápon|VBOF,itápon,VBOF
1087,Susundin|VBTF,Susundin,VBTF
1088,tulala|JJD,tulala,JJD
1089,nagsasayaw|VBTR,nagsasayaw,VBTR
1090,women|FW,women,FW
1091,Dayday|NNP,Dayday,NNP
1092,동화를많이들려주셨습니다|NNC,동화를많이들려주셨습니다,NNC
1093,sulit|NNC,sulit,NNC
1094,sariliniya|NNC,sariliniya,NNC
1095,rambutanAyos|FW,rambutanAyos,FW
1096,langgam|NNC,langgam,NNC
1097,bugoy|NNC,bugoy,NNC
1098,Sundin|VBOF,Sundin,VBOF
1099,Sone|NNP,Sone,NNP
1100,May|VBH,May,VBH
1101,uulan|NNC,uulan,NNC
1102,mahikero|VBW,mahikero,VBW
1103,maibibigay|VBTF,maibibigay,VBTF
1104,Patahian|NNP,Patahian,NNP
1105,nakapalibot|VBTS,nakapalibot,VBTS
1106,kokopyahin|NNC,kokopyahin,NNC
1107,Manatili|VBW,Manatili,VBW
1108,kikik|FW,kikik,FW
1109,pabalik|RBD,pabalik,RBD
1110,nagmungkahi|VBTS,nagmungkahi,VBTS
1111,abong|JJD_CCP,abong,JJD_CCP
1112,nandidito|NNC,nandidito,NNC
1113,Tumugon|VBAF,Tumugon,VBAF
1114,an|DTC,an,DTC
1115,Napuluputan|VBTS,Napuluputan,VBTS
1116,nakaraang|RBW_CCP,nakaraang,RBW_CCP
1117,magdalang|VBW_CCP,magdalang,VBW_CCP
1118,Mainam|JJD,Mainam,JJD
1119,Nag|NNC,Nag,NNC
1120,nangwawasak|VBTR,nangwawasak,VBTR
1121,nawawala|VBTR,nawawala,VBTR
1122,alternatibong|NNC_CCP,alternatibong,NNC_CCP
1123,editing|FW,editing,FW
1124,hinagis|VBTS,hinagis,VBTS
1125,napangiti|VBTS,napangiti,VBTS
1126,hinabol|VBTS,hinabol,VBTS
1127,Sabi|VBS,Sabi,VBS
1128,tumila|VBAF,tumila,VBAF
1129,Pagdaan|VBW,Pagdaan,VBW
1130,banderitas|NNC,banderitas,NNC
1131,pinagtataguan|VBTR_VBRF,pinagtataguan,VBTR_VBRF
1132,Pasensiya|NNP,Pasensiya,NNP
1133,dalagita|NNC,dalagita,NNC
1134,kayó|JJD,kayó,JJD
1135,misteryosong|JJD_CCP,misteryosong,JJD_CCP
1136,binaha|RBD,binaha,RBD
1137,Paniguradong|NNP_CCP,Paniguradong,NNP_CCP
1138,tagaplano|NNC,tagaplano,NNC
1139,gawi|NNC,gawi,NNC
1140,pagpupulong|NNC,pagpupulong,NNC
1141,dibdib|NNC,dibdib,NNC
1142,pagtahi|NNC,pagtahi,NNC
1143,Saktong|JJD_CCP,Saktong,JJD_CCP
1144,kabab|NNC,kabab,NNC
1145,BAM|NNPA,BAM,NNPA
1146,alcohol|FW,alcohol,FW
1147,Niyayaya|VBTS,Niyayaya,VBTS
1148,katulong|NNC,katulong,NNC
1149,narin|CCB,narin,CCB
1150,teddy|FW,teddy,FW
1151,buyawa|FW,buyawa,FW
1152,Dapat|VBS,Dapat,VBS
1153,tinatatwag|VBTR,tinatatwag,VBTR
1154,pagpapakilala|NNC,pagpapakilala,NNC
1155,pinasa|VBOF,pinasa,VBOF
1156,baunan|NNC,baunan,NNC
1157,itong|PRO_CCP,itong,PRO_CCP
1158,natutunaw|VBTR,natutunaw,VBTR
1159,pagkabigo|NNC,pagkabigo,NNC
1160,iniimbitahan|VBTR,iniimbitahan,VBTR
1161,Tatlong|JJN_CCP,Tatlong,JJN_CCP
1162,합니다|FW,합니다,FW
1163,loro|FW,loro,FW
1164,sinag|NNC,sinag,NNC
1165,Suot|JJD,Suot,JJD
1166,mapikon|VBW,mapikon,VBW
1167,Sumba|NNP,Sumba,NNP
1168,mapanlinlang|JJD,mapanlinlang,JJD
1169,linapwahan|VBTR,linapwahan,VBTR
1170,nakulay|VBTS,nakulay,VBTS
1171,magturok|VBAF,magturok,VBAF
1172,x|NNC,x,NNC
1173,member|NNC,member,NNC
1174,pizza|FW,pizza,FW
1175,Sumigaw|VBAF,Sumigaw,VBAF
1176,Buti|NNP,Buti,NNP
1177,also|FW,also,FW
1178,lock|FW,lock,FW
1179,creativity|FW,creativity,FW
1180,anumang|PRI_CCP,anumang,PRI_CCP
1181,Linisin|VBOF,Linisin,VBOF
1182,akalain|VBOF,akalain,VBOF
1183,natagpuan|VBTS,natagpuan,VBTS
1184,tangkad|NNC,tangkad,NNC
1185,mang|RBI_CCP,mang,RBI_CCP
1186,Maririnig|VBTF,Maririnig,VBTF
1187,bakit|PRQ,bakit,PRQ
1188,bumigat|VBAF,bumigat,VBAF
1189,Banlawan|NNP,Banlawan,NNP
1190,kukunin|VBTF_VBOF,kukunin,VBTF_VBOF
1191,Ashwin|NNP,Ashwin,NNP
1192,kulayan|VBOF,kulayan,VBOF
1193,Daisy|NNP,Daisy,NNP
1194,sugat|NNC,sugat,NNC
1195,pagtawag|NNC,pagtawag,NNC
1196,Nagsabi|VBTS,Nagsabi,VBTS
1197,iminungkahi|VBTS,iminungkahi,VBTS
1198,nagsayang|VBTS,nagsayang,VBTS
1199,Belen|NNP,Belen,NNP
1200,Ibuhos|VBOF,Ibuhos,VBOF
1201,hinihintay|VBTR,hinihintay,VBTR
1202,Bitamina|NNP,Bitamina,NNP
1203,nararapat|VBTR,nararapat,VBTR
1204,matapakan|VBW,matapakan,VBW
1205,kiling|NNC,kiling,NNC
1206,asong|JJD_CCP,asong,JJD_CCP
1207,Napaiyak|VBTS,Napaiyak,VBTS
1208,Natuwa|VBTS,Natuwa,VBTS
1209,https://www.conservation.org/where/Pages/|NNP,https://www.conservation.org/where/Pages/,NNP
1210,pera|NNC,pera,NNC
1211,friendly|FW,friendly,FW
1212,makisali|VBW,makisali,VBW
1213,Balat|NNC,Balat,NNC
1214,those|FW,those,FW
1215,Maliligo|NNP,Maliligo,NNP
1216,magnifying|JJD_CCP,magnifying,JJD_CCP
1217,bato|NNC,bato,NNC
1218,makasasali|VBW,makasasali,VBW
1219,SIL|NNPA,SIL,NNPA
1220,nagsanay|VBTS,nagsanay,VBTS
1221,labanos|NNC,labanos,NNC
1222,Chettan|NNP,Chettan,NNP
1223,Nakita|VBTS,Nakita,VBTS
1224,magpatay|VBAF,magpatay,VBAF
1225,gamo|NNC,gamo,NNC
1226,hinimatay|VBTS,hinimatay,VBTS
1227,mananghalian|VBW,mananghalian,VBW
1228,sumama|VBAF,sumama,VBAF
1229,Nini|NNP,Nini,NNP
1230,lumukso|VBAF,lumukso,VBAF
1231,kuwaderno|NNC,kuwaderno,NNC
1232,Napansin|VBTS,Napansin,VBTS
1233,kanang|JJD_CCP,kanang,JJD_CCP
1234,kabog|NNC,kabog,NNC
1235,alas|FW,alas,FW
1236,Suportado|VBW,Suportado,VBW
1237,tandaad|VBTF,tandaad,VBTF
1238,kwintas|NNC,kwintas,NNC
1239,Mynah|NNP,Mynah,NNP
1240,Magkasama|VBW,Magkasama,VBW
1241,TatayKiko|NNC,TatayKiko,NNC
1242,Dumungaw|NNP,Dumungaw,NNP
1243,Tamtam|NNC,Tamtam,NNC
1244,bag|JJD,bag,JJD
1245,pinakamatindi|JJCS_JJD,pinakamatindi,JJCS_JJD
1246,papaalis|JJD,papaalis,JJD
1247,Itinapon|VBOF,Itinapon,VBOF
1248,Rona|NNC,Rona,NNC
1249,sumagwan|VBAF,sumagwan,VBAF
1250,takot|JJD,takot,JJD
1251,ipapasyal|JJD,ipapasyal,JJD
1252,imbita|VBOF,imbita,VBOF
1253,tumingala|VBAF,tumingala,VBAF
1254,Madali|RBD,Madali,RBD
1255,panahon|NNC,panahon,NNC
1256,alog|FW,alog,FW
1257,Hulaan|NNP,Hulaan,NNP
1258,deretso|JJD,deretso,JJD
1259,Nanghihina|VBTS,Nanghihina,VBTS
1260,Sigaw|NNP,Sigaw,NNP
1261,grado|NNC,grado,NNC
1262,karot|NNC,karot,NNC
1263,pamamagitan|NNC,pamamagitan,NNC
1264,kinakabahan|VBTR,kinakabahan,VBTR
1265,Vita|NNP,Vita,NNP
1266,kasinghaba|JJCC,kasinghaba,JJCC
1267,kongkretong|JJD_CCP,kongkretong,JJD_CCP
1268,nanatiling|VBTR_CCP,nanatiling,VBTR_CCP
1269,mensahe|NNC,mensahe,NNC
1270,bibe|NNC,bibe,NNC
1271,tagsibol|NNC,tagsibol,NNC
1272,지구가족|CDB,지구가족,CDB
1273,nahahawakan|VBTS,nahahawakan,VBTS
1274,iaka|FW,iaka,FW
1275,Bilis|NNP,Bilis,NNP
1276,tangke|NNC,tangke,NNC
1277,matataas|JJD,matataas,JJD
1278,orasan.orasan|NNC,orasan.orasan,NNC
1279,dinaraanan|VBTR,dinaraanan,VBTR
1280,kadahilanang|NNC_CCP,kadahilanang,NNC_CCP
1281,matawa|VBW,matawa,VBW
1282,pagliko|NNC,pagliko,NNC
1283,Umaasa|VBTR_VBAF,Umaasa,VBTR_VBAF
1284,Umugong|VBAF,Umugong,VBAF
1285,salagubang|NNC,salagubang,NNC
1286,ikinulong|VBTS,ikinulong,VBTS
1287,Naglaho|VBTS,Naglaho,VBTS
1288,bigat|JJD,bigat,JJD
1289,Manukso|NNP,Manukso,NNP
1290,Araaaaay|NNP,Araaaaay,NNP
1291,madaming|JJD_CCP,madaming,JJD_CCP
1292,paghahamon|NNC,paghahamon,NNC
1293,medyas|FW,medyas,FW
1294,Napakainit|JJCS_JJD,Napakainit,JJCS_JJD
1295,naresolba|VBTR,naresolba,VBTR
1296,kinampay|VBOF,kinampay,VBOF
1297,manood|VBW,manood,VBW
1298,kasamahan|NNC,kasamahan,NNC
1299,Itulak|VBOF,Itulak,VBOF
1300,Alyansa|NNP,Alyansa,NNP
1301,sapa|NNC,sapa,NNC
1302,Gethum|NNP,Gethum,NNP
1303,suklay|NNC,suklay,NNC
1304,Pakiramdam|NNP,Pakiramdam,NNP
1305,tuksuhin|VBOF,tuksuhin,VBOF
1306,repleksiyon|NNC,repleksiyon,NNC
1307,Rina|NNP,Rina,NNP
1308,nakakasawa|VBTR,nakakasawa,VBTR
1309,napuksa|VBTS,napuksa,VBTS
1310,koneksyon|NNC,koneksyon,NNC
1311,sindrom|FW,sindrom,FW
1312,pinasama|VBOF,pinasama,VBOF
1313,sinusulyapan|VBTR,sinusulyapan,VBTR
1314,tumalikod|VBAF,tumalikod,VBAF
1315,.....|PMS,.....,PMS
1316,Aprikan|NNP,Aprikan,NNP
1317,makakayanan|VBTF,makakayanan,VBTF
1318,Mahiwagang|NNP_CCP,Mahiwagang,NNP_CCP
1319,tumpok|NNC,tumpok,NNC
1320,Ayos|RBF,Ayos,RBF
1321,pain|FW,pain,FW
1322,designer|FW,designer,FW
1323,screech|FW,screech,FW
1324,ilipat|VBOF,ilipat,VBOF
1325,matang|NNC_CCP,matang,NNC_CCP
1326,mapakaling|VBW_CCP,mapakaling,VBW_CCP
1327,nagtapos|VBTS,nagtapos,VBTS
1328,Samantala|CCT,Samantala,CCT
1329,E.|NNPA,E.,NNPA
1330,sinuklayan|VBTR,sinuklayan,VBTR
1331,kapana|NNC,kapana,NNC
1332,aparato|NNC,aparato,NNC
1333,makalipat|VBW,makalipat,VBW
1334,Palakaibigan|RBD,Palakaibigan,RBD
1335,Nakatutuwa|RBD,Nakatutuwa,RBD
1336,paroo|FW,paroo,FW
1337,Abala|JJD,Abala,JJD
1338,sinabayan|VBTS,sinabayan,VBTS
1339,Mabibilog|NNP,Mabibilog,NNP
1340,kinakanta|VBTR,kinakanta,VBTR
1341,metro|NNC,metro,NNC
1342,sumisibol|VBTR_VBAF,sumisibol,VBTR_VBAF
1343,Woodpecker|NNP,Woodpecker,NNP
1344,Reta|NNP,Reta,NNP
1345,makababa|VBW,makababa,VBW
1346,niya.habang|VBTS_CCP,niya.habang,VBTS_CCP
1347,MAGHUGAS|NNPA,MAGHUGAS,NNPA
1348,singsing|NNC,singsing,NNC
1349,Tayo|NNP,Tayo,NNP
1350,Napakarumi|NNP,Napakarumi,NNP
1351,lusungin|VBOF,lusungin,VBOF
1352,Matalik|JJD,Matalik,JJD
1353,saisa|NNC,saisa,NNC
1354,sakaniyang|JJD_CCP,sakaniyang,JJD_CCP
1355,creativecommons.org/licenses/by/./AngpagbuongaklaAng|FW,creativecommons.org/licenses/by/./AngpagbuongaklaAng,FW
1356,magkabit|VBW,magkabit,VBW
1357,sasarap|NNC,sasarap,NNC
1358,Yumuko|VBOF,Yumuko,VBOF
1359,pinapahalagahan|VBTR,pinapahalagahan,VBTR
1360,iisa|JJD,iisa,JJD
1361,Contribution|NNP,Contribution,NNP
1362,sabad|NNC,sabad,NNC
1363,bilis|NNC,bilis,NNC
1364,paraan|NNC,paraan,NNC
1365,great|FW,great,FW
1366,burol|NNC,burol,NNC
1367,Tikaw|NNP,Tikaw,NNP
1368,pag|CCR,pag,CCR
1369,mabuti|RBD,mabuti,RBD
1370,dagat|NNC,dagat,NNC
1371,yayakap|NNC,yayakap,NNC
1372,imigrante|NNC,imigrante,NNC
1373,kamera|NNC,kamera,NNC
1374,Pai|NNP,Pai,NNP
1375,entreprenyur|FW,entreprenyur,FW
1376,nalagas|VBTS,nalagas,VBTS
1377,Aha|NNP,Aha,NNP
1378,Uh|NNP,Uh,NNP
1379,flag|FW,flag,FW
1380,Bino|NNP,Bino,NNP
1381,Sinisilip|VBTR,Sinisilip,VBTR
1382,pinakanakakatakot|JJCS_JJD,pinakanakakatakot,JJCS_JJD
1383,Multi-together|FW,Multi-together,FW
1384,Nagpapahiwatig|VBTR,Nagpapahiwatig,VBTR
1385,Mararamdaman|VBTF,Mararamdaman,VBTF
1386,nakahalo|VBTS,nakahalo,VBTS
1387,Pininturahan|VBTR,Pininturahan,VBTR
1388,bibilib|JJD,bibilib,JJD
1389,tutok|NNC,tutok,NNC
1390,illustration|FW,illustration,FW
1391,bahalang|NNC_CCP,bahalang,NNC_CCP
1392,Resources|NNP,Resources,NNP
1393,lihim|JJD,lihim,JJD
1394,pagkamanhid|NNC,pagkamanhid,NNC
1395,magpalipad|VBW,magpalipad,VBW
1396,pumitas|VBAF,pumitas,VBAF
1397,labas|NNC,labas,NNC
1398,sitsirya|NNC,sitsirya,NNC
1399,maitaas|VBW,maitaas,VBW
1400,saang|RBQ,saang,RBQ
1401,pahayagang|NNC_CCP,pahayagang,NNC_CCP
1402,nawawalan|VBTR,nawawalan,VBTR
1403,Averrhoa|FW,Averrhoa,FW
1404,matikas|JJC,matikas,JJC
1405,집안어|CDB,집안어,CDB
1406,doong|PRO_CCP,doong,PRO_CCP
1407,Rowba|NNP,Rowba,NNP
1408,lumilipat|VBTR_VBAF,lumilipat,VBTR_VBAF
1409,Een|NNP,Een,NNP
1410,Maghintay|VBTF,Maghintay,VBTF
1411,organismo|NNC,organismo,NNC
1412,makakanta|VBW,makakanta,VBW
1413,muni|FW,muni,FW
1414,mustasa|NNC,mustasa,NNC
1415,ibigay|VBOF,ibigay,VBOF
1416,Ay|NNP,Ay,NNP
1417,nakamasid|RBD,nakamasid,RBD
1418,halimuyak|NNC,halimuyak,NNC
1419,kayóng|PRI_CCP,kayóng,PRI_CCP
1420,patubigan|NNC,patubigan,NNC
1421,tapaa|FW,tapaa,FW
1422,magpaturok|VBW,magpaturok,VBW
1423,Ipinapagaspas|NNP,Ipinapagaspas,NNP
1424,Ang|NNP,Ang,NNP
1425,computers|FW,computers,FW
1426,Lumingon|VBAF,Lumingon,VBAF
1427,hijo|FW,hijo,FW
1428,baso|NNC,baso,NNC
1429,inilapag|VBOF,inilapag,VBOF
1430,Matutusok|NNP,Matutusok,NNP
1431,pukyutan|NNC,pukyutan,NNC
1432,Magsimula|VBW,Magsimula,VBW
1433,numero|NNC,numero,NNC
1434,palaruan|NNC,palaruan,NNC
1435,Dugudug|NNP,Dugudug,NNP
1436,hikayat|RBD,hikayat,RBD
1437,nakakita|VBTS,nakakita,VBTS
1438,namumugad|VBTR,namumugad,VBTR
1439,maalis|VBW,maalis,VBW
1440,book|FW,book,FW
1441,alis|NNC,alis,NNC
1442,Shhhh|NNP,Shhhh,NNP
1443,dumiretso|VBAF,dumiretso,VBAF
1444,luminis|VBTS_VBAF,luminis,VBTS_VBAF
1445,bituing|NNC_CCP,bituing,NNC_CCP
1446,usapan|NNC,usapan,NNC
1447,napatunayan|VBTS,napatunayan,VBTS
1448,namamaos|VBTR,namamaos,VBTR
1449,isasara|VBTF,isasara,VBTF
1450,shut|FW,shut,FW
1451,Pangga|NNP,Pangga,NNP
1452,hantik|NNC,hantik,NNC
1453,Nasubukan|VBTS,Nasubukan,VBTS
1454,naipaayos|VBTS,naipaayos,VBTS
1455,magwagi|VBW,magwagi,VBW
1456,Gorontalo|NNP,Gorontalo,NNP
1457,malalang|JJD_CCP,malalang,JJD_CCP
1458,nauuna|VBTR,nauuna,VBTR
1459,makailag|VBW,makailag,VBW
1460,Reynang|NNP_CCP,Reynang,NNP_CCP
1461,Kayo|PRS,Kayo,PRS
1462,tumuloy|VBAF,tumuloy,VBAF
1463,pagbisita|NNC,pagbisita,NNC
1464,mungkahi|NNC,mungkahi,NNC
1465,pitong|JJN_CCP,pitong,JJN_CCP
1466,먼저웃어주고|CDB,먼저웃어주고,CDB
1467,magamit|VBW,magamit,VBW
1468,pinagdugtong|VBRF,pinagdugtong,VBRF
1469,Baba|NNP,Baba,NNP
1470,nakipaglaro|VBTS,nakipaglaro,VBTS
1471,himno|NNC,himno,NNC
1472,bumbunan|VBAF,bumbunan,VBAF
1473,nakabitin|VBTS,nakabitin,VBTS
1474,loob|NNC,loob,NNC
1475,Takpan|NNP,Takpan,NNP
1476,pagalitan|VBOF,pagalitan,VBOF
1477,dinadaanan|VBTR,dinadaanan,VBTR
1478,pagpapalit|NNC,pagpapalit,NNC
1479,mabibigat|JJD,mabibigat,JJD
1480,Galing|FW,Galing,FW
1481,sistemang|NNC_CCP,sistemang,NNC_CCP
1482,Nakaabang|VBTS,Nakaabang,VBTS
1483,humans|FW,humans,FW
1484,eskenita|NNC,eskenita,NNC
1485,maka|VBW,maka,VBW
1486,motorsiklong|RBD_CCP,motorsiklong,RBD_CCP
1487,salad|NNC,salad,NNC
1488,matakpan|VBW,matakpan,VBW
1489,bag|NNC,bag,NNC
1490,kamusta|CCB,kamusta,CCB
1491,Nangangati|VBTR,Nangangati,VBTR
1492,Jaco|NNP,Jaco,NNP
1493,kontinente|NNC,kontinente,NNC
1494,pinakapayat|JJCS_JJD,pinakapayat,JJCS_JJD
1495,0n|NNC,0n,NNC
1496,doon|PRL,doon,PRL
1497,librarian|NNC,librarian,NNC
1498,umalog|VBAF,umalog,VBAF
1499,pagbahing|NNC,pagbahing,NNC
1500,talaan|NNC,talaan,NNC
1501,Ma'am|NNC,Ma'am,NNC
1502,conservationist|FW,conservationist,FW
1503,Binili|VBTS,Binili,VBTS
1504,Pacific|NNP,Pacific,NNP
1505,Inaantok|VBTS,Inaantok,VBTS
1506,pakuluan|VBOF,pakuluan,VBOF
1507,binombahan|VBOF,binombahan,VBOF
1508,pasayahin|RBD,pasayahin,RBD
1509,Matalinong|NNP_CCP,Matalinong,NNP_CCP
1510,hatol|NNC,hatol,NNC
1511,kaklase|JJD,kaklase,JJD
1512,malaglag|VBW,malaglag,VBW
1513,pananahi|NNC,pananahi,NNC
1514,pagdangkal|NNC,pagdangkal,NNC
1515,https://www.savethe|FW,https://www.savethe,FW
1516,Kulang|JJD,Kulang,JJD
1517,Napakapino|VBTS,Napakapino,VBTS
1518,Mayabang|JJD,Mayabang,JJD
1519,Makakagawa|VBW,Makakagawa,VBW
1520,nagpapasaya|VBTR,nagpapasaya,VBTR
1521,Upang|CCB,Upang,CCB
1522,nakakamanghang|JJD_CCP,nakakamanghang,JJD_CCP
1523,habambuhay|NNC,habambuhay,NNC
1524,unat|FW,unat,FW
1525,magbibigay|VBTF,magbibigay,VBTF
1526,Labis|JJCS,Labis,JJCS
1527,Nakasalubong|VBTS,Nakasalubong,VBTS
1528,naorganisasyong|VBTR_CCP,naorganisasyong,VBTR_CCP
1529,MO.|NNPA,MO.,NNPA
1530,birds|FW,birds,FW
1531,lake|FW,lake,FW
1532,saan|RBQ,saan,RBQ
1533,merkuryo|NNC,merkuryo,NNC
1534,magpapakain|VBTF,magpapakain,VBTF
1535,kumidlat|NNC,kumidlat,NNC
1536,ilaw|NNC,ilaw,NNC
1537,nya|PRS,nya,PRS
1538,handa|JJD,handa,JJD
1539,mahagilap|JJD,mahagilap,JJD
1540,mapalad|JJD,mapalad,JJD
1541,Pakiusap|NNC,Pakiusap,NNC
1542,magbilang|VBW,magbilang,VBW
1543,riles|NNC,riles,NNC
1544,Bonda|NNP,Bonda,NNP
1545,commitment|FW,commitment,FW
1546,nauutal|VBTS,nauutal,VBTS
1547,ditong|PRL_CCP,ditong,PRL_CCP
1548,pakaalis|NNC,pakaalis,NNC
1549,palasong|JJD_CCP,palasong,JJD_CCP
1550,pagduyan|NNC,pagduyan,NNC
1551,sinigawan|VBTS_VBOF,sinigawan,VBTS_VBOF
1552,disease|FW,disease,FW
1553,sitwasyon|NNC,sitwasyon,NNC
1554,tawa|NNC,tawa,NNC
1555,pagpipiknikan|NNC,pagpipiknikan,NNC
1556,Ba|NNP,Ba,NNP
1557,magkasama|VBW,magkasama,VBW
1558,naninirahan|VBTR,naninirahan,VBTR
1559,Angkop|NNP,Angkop,NNP
1560,winisikan|VBTS,winisikan,VBTS
1561,masaya|JJD,masaya,JJD
1562,nakahanap|VBTS,nakahanap,VBTS
1563,Sambit|NNP,Sambit,NNP
1564,dutsa|NNC,dutsa,NNC
1565,muli|RBW,muli,RBW
1566,Ligtas|RBD,Ligtas,RBD
1567,makabibili|VBW,makabibili,VBW
1568,oo|RBT,oo,RBT
1569,Haldi|RBF,Haldi,RBF
1570,Telebisyon|NNP,Telebisyon,NNP
1571,ngibang|VBTS_CCP,ngibang,VBTS_CCP
1572,다같|PMS,다같,PMS
1573,Hatchuram|NNP,Hatchuram,NNP
1574,itinda|VBOF,itinda,VBOF
1575,mahihirapan|VBTF,mahihirapan,VBTF
1576,hinahanap|VBTR,hinahanap,VBTR
1577,papelastik|JJD,papelastik,JJD
1578,Titay|NNP,Titay,NNP
1579,namukadkad|VBTR,namukadkad,VBTR
1580,bulubundukin|NNC,bulubundukin,NNC
1581,pares|JJD,pares,JJD
1582,isinagawang|VBTS_CCP,isinagawang,VBTS_CCP
1583,sadyang|JJCS_CCP,sadyang,JJCS_CCP
1584,basag|JJD,basag,JJD
1585,Nagsusulat|VBTR,Nagsusulat,VBTR
1586,pagkahulog|NNC,pagkahulog,NNC
1587,pagkanta|NNC,pagkanta,NNC
1588,Nilinis|NNP,Nilinis,NNP
1589,lalamunin|VBTF,lalamunin,VBTF
1590,Biyernes|NNP,Biyernes,NNP
1591,Tay|NNCA,Tay,NNCA
1592,Paisa|NNP,Paisa,NNP
1593,sining|NNC,sining,NNC
1594,gawang|JJD_CCP,gawang,JJD_CCP
1595,Bumilis|NNP,Bumilis,NNP
1596,pagyayaya|VBW,pagyayaya,VBW
1597,Tatay|NNP,Tatay,NNP
1598,nakatingala|VBTS,nakatingala,VBTS
1599,guluhin|VBTS_VBOF,guluhin,VBTS_VBOF
1600,dinadaklot|VBTR,dinadaklot,VBTR
1601,Nagutom|VBTS,Nagutom,VBTS
1602,Dibuhistang|NNC_CCP,Dibuhistang,NNC_CCP
1603,Libot|NNP,Libot,NNP
1604,Smruti|NNP,Smruti,NNP
1605,Pakakita|VBTS,Pakakita,VBTS
1606,Tui|NNP,Tui,NNP
1607,nagsasakripisyo|VBTR,nagsasakripisyo,VBTR
1608,matematika|NNC,matematika,NNC
1609,Umikot|VBAF,Umikot,VBAF
1610,Napapangiti|VBTS,Napapangiti,VBTS
1611,Bhadra|NNP,Bhadra,NNP
1612,naririnig|VBTR,naririnig,VBTR
1613,mahigit|JJCC,mahigit,JJCC
1614,sapot|NNC,sapot,NNC
1615,Kinakabahan|VBTR,Kinakabahan,VBTR
1616,kamakailan|RBW,kamakailan,RBW
1617,Betty|NNP,Betty,NNP
1618,Hinarangan|VBTS,Hinarangan,VBTS
1619,tagasanay|NNC,tagasanay,NNC
1620,paglinis|NNC,paglinis,NNC
1621,D|NNP,D,NNP
1622,sakaniya|NNC,sakaniya,NNC
1623,basagin|VBOF,basagin,VBOF
1624,nadadagdagan|VBTR,nadadagdagan,VBTR
1625,nakababata|VBTS,nakababata,VBTS
1626,Iniiwasan|VBTR,Iniiwasan,VBTR
1627,Vujicic|NNP,Vujicic,NNP
1628,dahan|CDB,dahan,CDB
1629,gano|PRC,gano,PRC
1630,Kayumangging|NNP,Kayumangging,NNP
1631,sagotng|NNC_CCP,sagotng,NNC_CCP
1632,sangkap|NNC,sangkap,NNC
1633,Booklab|NNP,Booklab,NNP
1634,Swan|NNP,Swan,NNP
1635,pinuri|VBTS,pinuri,VBTS
1636,pagkauwi|VBW,pagkauwi,VBW
1637,batikang|JJD_CCP,batikang,JJD_CCP
1638,Nagpalakad|NNP,Nagpalakad,NNP
1639,bakang|NNC_CCP,bakang,NNC_CCP
1640,pangungutya|VBW,pangungutya,VBW
1641,tumatalakay|VBTR_VBAF,tumatalakay,VBTR_VBAF
1642,bumasag|VBAF,bumasag,VBAF
1643,suffering|FW,suffering,FW
1644,nakasunod|VBTS,nakasunod,VBTS
1645,paglalarawan|NNC,paglalarawan,NNC
1646,magguhit|VBW,magguhit,VBW
1647,MULTO|NNPA,MULTO,NNPA
1648,Bazar|FW,Bazar,FW
1649,sarili|NNC,sarili,NNC
1650,Locks|NNP,Locks,NNP
1651,carrier|FW,carrier,FW
1652,Mahirap|JJD,Mahirap,JJD
1653,matigas|JJD,matigas,JJD
1654,gusto|VBS,gusto,VBS
1655,iskwe|NNC,iskwe,NNC
1656,Pinangalanan|VBTS,Pinangalanan,VBTS
1657,Nakalalason|VBTS,Nakalalason,VBTS
1658,zero|FW,zero,FW
1659,oceans|FW,oceans,FW
1660,Lani|NNP,Lani,NNP
1661,paste|FW,paste,FW
1662,makababalik|VBW,makababalik,VBW
1663,patches|FW,patches,FW
1664,bulitas|NNC,bulitas,NNC
1665,magpatuloy|VBW,magpatuloy,VBW
1666,nabanggit|VBTS,nabanggit,VBTS
1667,Inay|CDB,Inay,CDB
1668,panghuhusga|NNC,panghuhusga,NNC
1669,Moroporo|NNP,Moroporo,NNP
1670,bandang|JJD_CCP,bandang,JJD_CCP
1671,magkaroon|VBH,magkaroon,VBH
1672,sinasayang|VBTR,sinasayang,VBTR
1673,bigote|NNC,bigote,NNC
1674,kumpetisyon|NNC,kumpetisyon,NNC
1675,bateryang|NNC_CCP,bateryang,NNC_CCP
1676,dapit|NNC,dapit,NNC
1677,pinsan|NNC,pinsan,NNC
1678,Gutu|NNP,Gutu,NNP
1679,SarbanamPuraskar|NNP,SarbanamPuraskar,NNP
1680,sinasadyang|RBD_CCP,sinasadyang,RBD_CCP
1681,tabing|JJD,tabing,JJD
1682,punong|JJD_CCP,punong,JJD_CCP
1683,pinakamamahal|JJCS_JJD,pinakamamahal,JJCS_JJD
1684,binagtas|VBOF,binagtas,VBOF
1685,Kaibigan|JJD,Kaibigan,JJD
1686,independiyenteng|JJD_CCP,independiyenteng,JJD_CCP
1687,inalalayan|VBTR,inalalayan,VBTR
1688,Bigyan|VBOF,Bigyan,VBOF
1689,magpakita|VBAF,magpakita,VBAF
1690,turn|NNC,turn,NNC
1691,nagbibigay|VBTR,nagbibigay,VBTR
1692,mapayapang|RBD_CCP,mapayapang,RBD_CCP
1693,magmula|VBW,magmula,VBW
1694,malikha|VBW,malikha,VBW
1695,mabubusog|VBW,mabubusog,VBW
1696,akda|NNC,akda,NNC
1697,pana|NNC,pana,NNC
1698,pinagpawisan|VBRF,pinagpawisan,VBRF
1699,asawa|NNC,asawa,NNC
1700,nagtala|VBTS,nagtala,VBTS
1701,Uso|NNC,Uso,NNC
1702,Bo|NNP,Bo,NNP
1703,naka|RBD,naka,RBD
1704,totoong|JJD_CCP,totoong,JJD_CCP
1705,Thrrrrr|NNP,Thrrrrr,NNP
1706,pagpupursige|NNC,pagpupursige,NNC
1707,mabait|JJD,mabait,JJD
1708,kinatatayuan|VBTR,kinatatayuan,VBTR
1709,pinakamalapit|JJCS_JJD,pinakamalapit,JJCS_JJD
1710,kalabang|NNC_CCP,kalabang,NNC_CCP
1711,can|FW,can,FW
1712,Isinalin|VBOF,Isinalin,VBOF
1713,maikalat|VBW,maikalat,VBW
1714,katunayan|NNC,katunayan,NNC
1715,sana|VBS,sana,VBS
1716,buko|NNC,buko,NNC
1717,matatapang|JJD,matatapang,JJD
1718,nanunuod|VBTS,nanunuod,VBTS
1719,sawa|JJD,sawa,JJD
1720,Kasabay|JJD,Kasabay,JJD
1721,directors|FW,directors,FW
1722,ito|PRO,ito,PRO
1723,laking|NNC_CCP,laking,NNC_CCP
1724,Umaakyat|VBTR_VBAF,Umaakyat,VBTR_VBAF
1725,Maligayang|NNP_CCP,Maligayang,NNP_CCP
1726,link|FW,link,FW
1727,Napakatangkad|NNP,Napakatangkad,NNP
1728,mgasiyung|NNC_CCP,mgasiyung,NNC_CCP
1729,Napadilat|VBTS,Napadilat,VBTS
1730,palundag|NNC,palundag,NNC
1731,Sawang|NNP,Sawang,NNP
1732,klak|NNC,klak,NNC
1733,maaga|JJD,maaga,JJD
1734,Pinuntahan|VBTS,Pinuntahan,VBTS
1735,kaninang|PRSP_CCP,kaninang,PRSP_CCP
1736,Tunay|RBT,Tunay,RBT
1737,Trangkaso|NNP,Trangkaso,NNP
1738,Daga|NNP,Daga,NNP
1739,pagluto|NNC,pagluto,NNC
1740,Nagpalista|VBTS,Nagpalista,VBTS
1741,nagprprotekta|VBTS,nagprprotekta,VBTS
1742,nabaon|VBTS,nabaon,VBTS
1743,Rita|NNP,Rita,NNP
1744,pasok|RBD,pasok,RBD
1745,magsasakripisyo|VBW,magsasakripisyo,VBW
1746,pond|FW,pond,FW
1747,brick|NNC,brick,NNC
1748,collection|FW,collection,FW
1749,Pinaspasan|VBTS,Pinaspasan,VBTS
1750,nakaisip|VBTS,nakaisip,VBTS
1751,nakatutok|RBD,nakatutok,RBD
1752,sakaling|RBM,sakaling,RBM
1753,tablaMeoww|NNP,tablaMeoww,NNP
1754,Aloune|NNP,Aloune,NNP
1755,tinawagan|VBOF,tinawagan,VBOF
1756,Mathematics|NNP,Mathematics,NNP
1757,maamoy|JJD,maamoy,JJD
1758,namalayan|VBTR,namalayan,VBTR
1759,Campus|NNP,Campus,NNP
1760,Naghanda|VBTS,Naghanda,VBTS
1761,Mahirap|RBD,Mahirap,RBD
1762,pink|FW,pink,FW
1763,hahanapin|VBTF,hahanapin,VBTF
1764,makatalon|VBW,makatalon,VBW
1765,Kainin|NNP,Kainin,NNP
1766,mapaalis|VBW,mapaalis,VBW
1767,aakyat|VBTF,aakyat,VBTF
1768,nakababasa|VBTS,nakababasa,VBTS
1769,tagu|NNC,tagu,NNC
1770,pagkagising|VBW,pagkagising,VBW
1771,Kalayaan|NNP,Kalayaan,NNP
1772,bunga|NNC,bunga,NNC
1773,Napabuntong|NNP,Napabuntong,NNP
1774,Africa|NNP,Africa,NNP
1775,mahal|JJD,mahal,JJD
1776,mabagsik|JJD,mabagsik,JJD
1777,nakakainis|VBTR,nakakainis,VBTR
1778,kayong|JJD_CCP,kayong,JJD_CCP
1779,yumabong|VBAF,yumabong,VBAF
1780,https://www.youtube.com/watch|FW,https://www.youtube.com/watch,FW
1781,umpisang|RBD_CCP,umpisang,RBD_CCP
1782,hundred|FW,hundred,FW
1783,pampang|NNC,pampang,NNC
1784,kawayan|NNC,kawayan,NNC
1785,tukador|FW,tukador,FW
1786,animation|FW,animation,FW
1787,suportahan|VBOF,suportahan,VBOF
1788,mgaperpektong|JJD_CCP,mgaperpektong,JJD_CCP
1789,koAng|NNC,koAng,NNC
1790,dumarating|VBTR_VBAF,dumarating,VBTR_VBAF
1791,Global|NNP,Global,NNP
1792,Napahinto|VBTS,Napahinto,VBTS
1793,pahina|NNC,pahina,NNC
1794,Tumaas|VBAF,Tumaas,VBAF
1795,mayron|FW,mayron,FW
1796,Nakakagawa|VBTR,Nakakagawa,VBTR
1797,development|FW,development,FW
1798,Lamawan|NNP,Lamawan,NNP
1799,edad|NNC,edad,NNC
1800,nariyan|VBTS,nariyan,VBTS
1801,Nagdulot|VBTS,Nagdulot,VBTS
1802,bibilihin|VBTF,bibilihin,VBTF
1803,tuntunin|NNC,tuntunin,NNC
1804,pagpapatong|NNC,pagpapatong,NNC
1805,Kabatsoy|NNP,Kabatsoy,NNP
1806,that|FW,that,FW
1807,mamatay|VBW,mamatay,VBW
1808,nangangailangan|VBTR,nangangailangan,VBTR
1809,kaysa|JJC,kaysa,JJC
1810,Kayo|NNP,Kayo,NNP
1811,balabal|NNC,balabal,NNC
1812,Papayagan|VBTF,Papayagan,VBTF
1813,nagtatawag|VBTR,nagtatawag,VBTR
1814,pamantayan|NNC,pamantayan,NNC
1815,tulin|NNC,tulin,NNC
1816,Kahanga|NNP,Kahanga,NNP
1817,may|VBH,may,VBH
1818,world|FW,world,FW
1819,Timog|NNP,Timog,NNP
1820,pampalasa|NNC,pampalasa,NNC
1821,magse|FW,magse,FW
1822,Sinampal|VBTS,Sinampal,VBTS
1823,¨|PMS,¨,PMS
1824,Lumilitaw|VBTR_VBAF,Lumilitaw,VBTR_VBAF
1825,nagkalagnat|VBTS,nagkalagnat,VBTS
1826,tirador|NNC,tirador,NNC
1827,Humaba|VBAF,Humaba,VBAF
1828,lumilingon|VBTR_VBAF,lumilingon,VBTR_VBAF
1829,Matud|NNP,Matud,NNP
1830,instrumento|NNC,instrumento,NNC
1831,Tatalon|NNP,Tatalon,NNP
1832,pipintahan|VBTR,pipintahan,VBTR
1833,Words|NNP,Words,NNP
1834,sumigaw|VBAF,sumigaw,VBAF
1835,magkahiwalay|VBW,magkahiwalay,VBW
1836,tinalunan|VBOF,tinalunan,VBOF
1837,이번기회를|PMS,이번기회를,PMS
1838,Nabugbog|VBTS,Nabugbog,VBTS
1839,#Let|FW,#Let,FW
1840,pangloloko|JJD,pangloloko,JJD
1841,Nagpinta|VBTS,Nagpinta,VBTS
1842,Huli|RBW,Huli,RBW
1843,Ma'am|FW,Ma'am,FW
1844,freelance|FW,freelance,FW
1845,sinugod|VBTS,sinugod,VBTS
1846,magkaiba|VBAF,magkaiba,VBAF
1847,tinanggihan|VBOF,tinanggihan,VBOF
1848,text|FW,text,FW
1849,book|NNC,book,NNC
1850,Tsubibo|FW,Tsubibo,FW
1851,niyebe|NNC,niyebe,NNC
1852,makalaro|VBW,makalaro,VBW
1853,A|NNP,A,NNP
1854,nakung|RBK,nakung,RBK
1855,Anu|CCT,Anu,CCT
1856,paglimlim|NNC,paglimlim,NNC
1857,Regalo|NNP,Regalo,NNP
1858,bananacue|FW,bananacue,FW
1859,San|NNP,San,NNP
1860,imaheng|NNC_CCP,imaheng,NNC_CCP
1861,tumakbong|VBAF_CCP,tumakbong,VBAF_CCP
1862,bolpen|NNC,bolpen,NNC
1863,Kuskusin|NNP,Kuskusin,NNP
1864,paikutin|VBOF,paikutin,VBOF
1865,dikit|RBD,dikit,RBD
1866,karapatan|NNC,karapatan,NNC
1867,tubig|NNC,tubig,NNC
1868,serye|NNC,serye,NNC
1869,nagbubukas|VBTR,nagbubukas,VBTR
1870,Naalala|VBTS,Naalala,VBTS
1871,Magdudulot|VBTF,Magdudulot,VBTF
1872,home|FW,home,FW
1873,Bato|NNC,Bato,NNC
1874,ipanganak|VBOF,ipanganak,VBOF
1875,Napayuko|VBTS,Napayuko,VBTS
1876,Bhattarai|NNP,Bhattarai,NNP
1877,sandbar|JJD,sandbar,JJD
1878,pagkahulog|VBW,pagkahulog,VBW
1879,naglakad|RBD,naglakad,RBD
1880,paru|FW,paru,FW
1881,naaalala|VBTR,naaalala,VBTR
1882,strawberry|FW,strawberry,FW
1883,pinagdesisyunan|VBRF,pinagdesisyunan,VBRF
1884,lalakad|VBTF,lalakad,VBTF
1885,bituwin|NNC,bituwin,NNC
1886,abokado|NNC,abokado,NNC
1887,line|FW,line,FW
1888,nilalang|NNC,nilalang,NNC
1889,panabik|NNC,panabik,NNC
1890,aksidente|RBD,aksidente,RBD
1891,Bola|NNC,Bola,NNC
1892,bumoto|VBAF,bumoto,VBAF
1893,mekanikong|NNC_CCP,mekanikong,NNC_CCP
1894,binulong|VBOF,binulong,VBOF
1895,pagsisid|NNC,pagsisid,NNC
1896,audiobook|FW,audiobook,FW
1897,Ibabalik|VBTF,Ibabalik,VBTF
1898,maaliwas|JJD,maaliwas,JJD
1899,Rohini|NNP,Rohini,NNP
1900,Koni|NNP,Koni,NNP
1901,ipagbibili|VBOB,ipagbibili,VBOB
1902,sign|FW,sign,FW
1903,Pinatunog|VBTS,Pinatunog,VBTS
1904,#|PMS,#,PMS
1905,Napakapayat|JJCS_JJD,Napakapayat,JJCS_JJD
1906,salamangkero|NNC,salamangkero,NNC
1907,In|NNP,In,NNP
1908,겠다는바람을늘품어왔습니다|FW,겠다는바람을늘품어왔습니다,FW
1909,uwi|NNCA,uwi,NNCA
1910,Abutin|VBOF,Abutin,VBOF
1911,chainsaw|NNC,chainsaw,NNC
1912,masimulan|VBW,masimulan,VBW
1913,nagbabalatkayo|VBTR,nagbabalatkayo,VBTR
1914,nagpapalambot|VBTR,nagpapalambot,VBTR
1915,gumagamit|VBTR,gumagamit,VBTR
1916,pagbili|NNC,pagbili,NNC
1917,Ssssssssssssss|NNP,Ssssssssssssss,NNP
1918,porma|NNC,porma,NNC
1919,operahan|VBOF,operahan,VBOF
1920,Gising|NNP,Gising,NNP
1921,Kanina|PRI,Kanina,PRI
1922,bitbit|NNC,bitbit,NNC
1923,karunungang|NNC_CCP,karunungang,NNC_CCP
1924,AmritopadeshPuraskar|FW,AmritopadeshPuraskar,FW
1925,Hm|NNP,Hm,NNP
1926,bilaoAng|NNC_CCP,bilaoAng,NNC_CCP
1927,tinaboy|VBOF,tinaboy,VBOF
1928,hinihiram|VBOF,hinihiram,VBOF
1929,ihain|VBOF,ihain,VBOF
1930,magbilad|VBAF,magbilad,VBAF
1931,aalalang|VBTF,aalalang,VBTF
1932,were|FW,were,FW
1933,pinadala|VBTS,pinadala,VBTS
1934,magarbo|RBD,magarbo,RBD
1935,rice|FW,rice,FW
1936,gabayan|VBOF,gabayan,VBOF
1937,nagpalipat|VBTS,nagpalipat,VBTS
1938,Rue|NNP,Rue,NNP
1939,Nabigo|VBTS,Nabigo,VBTS
1940,aymay|RBR,aymay,RBR
1941,kuhaan|NNC,kuhaan,NNC
1942,Samantalang|CCT_CCP,Samantalang,CCT_CCP
1943,binuhos|VBOF,binuhos,VBOF
1944,lapitan|VBOF,lapitan,VBOF
1945,Kuwento|NNC,Kuwento,NNC
1946,kasinsarap|JJCC,kasinsarap,JJCC
1947,inaarkelahan|VBTR,inaarkelahan,VBTR
1948,Iniwasan|VBTS,Iniwasan,VBTS
1949,Sipon|NNP,Sipon,NNP
1950,Lumapit|VBAF,Lumapit,VBAF
1951,masundan|VBW,masundan,VBW
1952,Pinulot|VBTS,Pinulot,VBTS
1953,paghila|NNC,paghila,NNC
1954,Sula|NNP,Sula,NNP
1955,kelangan|JJD,kelangan,JJD
1956,이어린이책공모전|CDB,이어린이책공모전,CDB
1957,Bata|NNP,Bata,NNP
1958,palagid|NNC,palagid,NNC
1959,pusong|NNC_CCP,pusong,NNC_CCP
1960,pahipan|FW,pahipan,FW
1961,nangakong|RBD_CCP,nangakong,RBD_CCP
1962,gaganda|VBTF,gaganda,VBTF
1963,Tahian|NNP,Tahian,NNP
1964,napapanatili|VBTR,napapanatili,VBTR
1965,talangka|NNC,talangka,NNC
1966,luntian|NNC,luntian,NNC
1967,asyang|NNC_CCP,asyang,NNC_CCP
1968,malagong|JJD_CCP,malagong,JJD_CCP
1969,napakalakas|JJCS_JJD,napakalakas,JJCS_JJD
1970,bahagya|JJD,bahagya,JJD
1971,magkalkula|VBW,magkalkula,VBW
1972,iimbestiga|VBTF,iimbestiga,VBTF
1973,Tipaklong|NNP_CCP,Tipaklong,NNP_CCP
1974,Muntik|NNP,Muntik,NNP
1975,hukom|NNC,hukom,NNC
1976,pagagalingin|VBW,pagagalingin,VBW
1977,nabilhan|VBTS,nabilhan,VBTS
1978,magbubukas|VBTF,magbubukas,VBTF
1979,sumaklaw|VBAF,sumaklaw,VBAF
1980,Alagaan|VBOF,Alagaan,VBOF
1981,Umang|NNP,Umang,NNP
1982,ganoong|PRC_CCP,ganoong,PRC_CCP
1983,T|NNPA,T,NNPA
1984,Andiyan|NNP,Andiyan,NNP
1985,isusunod|VBTR,isusunod,VBTR
1986,poso|NNC,poso,NNC
1987,Yay|FW,Yay,FW
1988,makahuhukay|VBW,makahuhukay,VBW
1989,tiis|FW,tiis,FW
1990,umaalis|VBTR_VBAF,umaalis,VBTR_VBAF
1991,Tumakbo|VBAF,Tumakbo,VBAF
1992,naglalayon|VBTR,naglalayon,VBTR
1993,meow|FW,meow,FW
1994,surprisingly|FW,surprisingly,FW
1995,Magpangkat|NNP,Magpangkat,NNP
1996,nakaaahon|RBD,nakaaahon,RBD
1997,Itay|NNP,Itay,NNP
1998,sirenang|NNC_CCP,sirenang,NNC_CCP
1999,Mercury|NNP,Mercury,NNP
2000,Keso|NNC,Keso,NNC
2001,rumaragasang|JJD_CCP,rumaragasang,JJD_CCP
2002,Pilit|JJD,Pilit,JJD
2003,Burne|NNP,Burne,NNP
2004,pinakaitaas|JJCS_JJD,pinakaitaas,JJCS_JJD
2005,paruparong|NNC_CCP,paruparong,NNC_CCP
2006,pinakamahirap|JJCS_JJD,pinakamahirap,JJCS_JJD
2007,kadalas|JJC,kadalas,JJC
2008,sinasabihang|VBTS_CCP,sinasabihang,VBTS_CCP
2009,bulang|NNC_CCP,bulang,NNC_CCP
2010,umuusok|JJD,umuusok,JJD
2011,Naghihirap|VBTR,Naghihirap,VBTR
2012,Naligo|VBTS,Naligo,VBTS
2013,tribo|NNC,tribo,NNC
2014,mpagmahal|NNC,mpagmahal,NNC
2015,Cambodia|NNP,Cambodia,NNP
2016,Inay|RBI,Inay,RBI
2017,official|FW,official,FW
2018,ibonDalawa|FW,ibonDalawa,FW
2019,Chalern|NNP,Chalern,NNP
2020,nakakakapit|VBTR,nakakakapit,VBTR
2021,maamo|JJD,maamo,JJD
2022,Iraya|NNP,Iraya,NNP
2023,isinalin|VBTS,isinalin,VBTS
2024,bow|FW,bow,FW
2025,Actually|NNP,Actually,NNP
2026,gawin|VBOF,gawin,VBOF
2027,sinukat|VBTS,sinukat,VBTS
2028,Amber|NNP,Amber,NNP
2029,Dudi|NNP,Dudi,NNP
2030,Unahan|VBAF,Unahan,VBAF
2031,Tiningnan|VBOF,Tiningnan,VBOF
2032,umiindayog|VBTR,umiindayog,VBTR
2033,Nimo|NNC,Nimo,NNC
2034,Biryani|FW,Biryani,FW
2035,mekanikal|JJD,mekanikal,JJD
2036,charge|FW,charge,FW
2037,bahagi|NNC,bahagi,NNC
2038,panghuhuli|NNC,panghuhuli,NNC
2039,pagtakip|NNC,pagtakip,NNC
2040,PLANETA|NNC,PLANETA,NNC
2041,sinimulan|VBOF,sinimulan,VBOF
2042,ca|FW,ca,FW
2043,Nagsisipilyo|VBTR,Nagsisipilyo,VBTR
2044,masugatan|VBW,masugatan,VBW
2045,Pumikit|VBAF,Pumikit,VBAF
2046,Nagtawanan|VBTS,Nagtawanan,VBTS
2047,pabalik|VBW,pabalik,VBW
2048,nilalagnat|VBTR,nilalagnat,VBTR
2049,+|PMS,+,PMS
2050,another|FW,another,FW
2051,Facebook|NNP,Facebook,NNP
2052,Napuno|VBTS,Napuno,VBTS
2053,party|NNC,party,NNC
2054,lamok|NNC,lamok,NNC
2055,maligayang|RBD_CCP,maligayang,RBD_CCP
2056,—|NNCA,—,NNCA
2057,Ihahanda|VBOF,Ihahanda,VBOF
2058,Langit|NNP,Langit,NNP
2059,artists|FW,artists,FW
2060,nanginginig|VBTR,nanginginig,VBTR
2061,nararamdaman|VBTR,nararamdaman,VBTR
2062,panghele|NNC,panghele,NNC
2063,Nalulumbay|VBTR,Nalulumbay,VBTR
2064,Sinunog|VBOF,Sinunog,VBOF
2065,brrrPusa|FW,brrrPusa,FW
2066,ugong|NNC,ugong,NNC
2067,sitaw|NNC,sitaw,NNC
2068,inimbita|VBTS,inimbita,VBTS
2069,napatay|VBTS,napatay,VBTS
2070,sakaling|RBM_CCP,sakaling,RBM_CCP
2071,Martha|NNP,Martha,NNP
2072,fish|FW,fish,FW
2073,Cora|NNP,Cora,NNP
2074,headman|NNC,headman,NNC
2075,tuldok|NNC,tuldok,NNC
2076,mumunting|JJD_CCP,mumunting,JJD_CCP
2077,Sigaw|NNC,Sigaw,NNC
2078,karots|NNC,karots,NNC
2079,Zizo|NNP,Zizo,NNP
2080,sumisipsip|VBAF,sumisipsip,VBAF
2081,pantal|NNC,pantal,NNC
2082,halina|NNC,halina,NNC
2083,Tin|NNP,Tin,NNP
2084,personal|JJD,personal,JJD
2085,Lumingon|NNP,Lumingon,NNP
2086,paghahatid|NNC,paghahatid,NNC
2087,msarap|VBW,msarap,VBW
2088,pridyeder|FW,pridyeder,FW
2089,Nepali|NNP,Nepali,NNP
2090,Nauunawaan|VBTR,Nauunawaan,VBTR
2091,bumubuo|VBTR_VBAF,bumubuo,VBTR_VBAF
2092,lumipag|VBAF,lumipag,VBAF
2093,dragon|NNC,dragon,NNC
2094,Hinanap|VBOF,Hinanap,VBOF
2095,kinalabit|VBOF,kinalabit,VBOF
2096,Ajji|NNP,Ajji,NNP
2097,maigi|JJD,maigi,JJD
2098,Sino|PRQ,Sino,PRQ
2099,Hero|NNP,Hero,NNP
2100,hinipan|VBTS,hinipan,VBTS
2101,natutulog|VBTR,natutulog,VBTR
2102,Padyak|NNP,Padyak,NNP
2103,Siyudad|NNP,Siyudad,NNP
2104,kumita|VBAF,kumita,VBAF
2105,pinipili|VBTR,pinipili,VBTR
2106,Hinlalato|NNP,Hinlalato,NNP
2107,Hinabol|NNP,Hinabol,NNP
2108,isusuko|VBTF,isusuko,VBTF
2109,d|PMS,d,PMS
2110,kargada|NNC,kargada,NNC
2111,kawali|NNC,kawali,NNC
2112,naghahapunan|VBTR,naghahapunan,VBTR
2113,kumislap|FW,kumislap,FW
2114,bangkota|NNC,bangkota,NNC
2115,papahalagahan|VBTF,papahalagahan,VBTF
2116,igib|JJD,igib,JJD
2117,Roh|FW,Roh,FW
2118,huminto|VBAF,huminto,VBAF
2119,visual|FW,visual,FW
2120,bat|NNC,bat,NNC
2121,dalandan|NNC,dalandan,NNC
2122,Tumakbong|NNP_CCP,Tumakbong,NNP_CCP
2123,elderly|FW,elderly,FW
2124,masustansiya|JJD,masustansiya,JJD
2125,Naliligo|VBTR,Naliligo,VBTR
2126,Itatali|VBTS,Itatali,VBTS
2127,mamamayang|NNC_CCP,mamamayang,NNC_CCP
2128,prosesong|NNC_CCP,prosesong,NNC_CCP
2129,artista|NNC,artista,NNC
2130,pinakapaboritong|JJCS_JJD_CCP,pinakapaboritong,JJCS_JJD_CCP
2131,panggagamot|NNC,panggagamot,NNC
2132,ESPERAKaya|NNP,ESPERAKaya,NNP
2133,sayang|JJD,sayang,JJD
2134,bumabalik|VBTR_VBAF,bumabalik,VBTR_VBAF
2135,Magdagdag|VBW,Magdagdag,VBW
2136,Big|NNP,Big,NNP
2137,gumaan|VBAF,gumaan,VBAF
2138,Tatawid|VBTF,Tatawid,VBTF
2139,inahing|RBD_CCP,inahing,RBD_CCP
2140,pagkikita|NNC,pagkikita,NNC
2141,hinihipan|VBTR,hinihipan,VBTR
2142,internasyonal|JJD,internasyonal,JJD
2143,magtampisaw|VBW,magtampisaw,VBW
2144,ANG|NNPA,ANG,NNPA
2145,shahi|FW,shahi,FW
2146,sunod|JJD,sunod,JJD
2147,nagkuwento|VBTR,nagkuwento,VBTR
2148,Subukan|VBOF,Subukan,VBOF
2149,Iniisip|VBTS,Iniisip,VBTS
2150,kakalabasan|NNC,kakalabasan,NNC
2151,naglilikha|VBTS,naglilikha,VBTS
2152,Juliet|NNP,Juliet,NNP
2153,지는기회들덕분에많은경험을할수있었습니|CDB,지는기회들덕분에많은경험을할수있었습니,CDB
2154,Other|NNP,Other,NNP
2155,Luha|NNP,Luha,NNP
2156,Sartam|NNP,Sartam,NNP
2157,sumasali|VBTR_VBAF,sumasali,VBTR_VBAF
2158,humusay|VBAF,humusay,VBAF
2159,Danalle|NNP,Danalle,NNP
2160,kuya|NNC,kuya,NNC
2161,kuhol|NNC,kuhol,NNC
2162,Namamangha|VBTR,Namamangha,VBTR
2163,pahinaan|NNC,pahinaan,NNC
2164,Panatag|JJD,Panatag,JJD
2165,hiwaga|NNC,hiwaga,NNC
2166,Luta|NNP,Luta,NNP
2167,sinayaw|VBOF,sinayaw,VBOF
2168,Hehehe|NNP,Hehehe,NNP
2169,pataas|JJD,pataas,JJD
2170,Kokoy|NNP,Kokoy,NNP
2171,Kinalma|VBTS,Kinalma,VBTS
2172,mabilisan|RBD,mabilisan,RBD
2173,makawala|VBW,makawala,VBW
2174,Sinuot|VBOF,Sinuot,VBOF
2175,nguso|NNC,nguso,NNC
2176,Paglabas|VBW,Paglabas,VBW
2177,sahig|NNC,sahig,NNC
2178,binitawan|VBOF,binitawan,VBOF
2179,**|FW,**,FW
2180,pugitang|NNC_CCP,pugitang,NNC_CCP
2181,maingat|JJD,maingat,JJD
2182,Maaaaa|NNP,Maaaaa,NNP
2183,pasayahin|VBOF,pasayahin,VBOF
2184,Antipolo|NNP,Antipolo,NNP
2185,mabisang|RBD_CCP,mabisang,RBD_CCP
2186,lalanguyin|VBTF,lalanguyin,VBTF
2187,Ika|JJN,Ika,JJN
2188,nakakawiling|JJD_CCP,nakakawiling,JJD_CCP
2189,kakantahan|VBTF,kakantahan,VBTF
2190,nagpapastol|VBTR,nagpapastol,VBTR
2191,tutuloy|VBTF,tutuloy,VBTF
2192,malalaman|VBTF,malalaman,VBTF
2193,Maagar|NNP,Maagar,NNP
2194,Meena|NNP,Meena,NNP
2195,award|FW,award,FW
2196,kahalagan|NNC,kahalagan,NNC
2197,galit|RBD,galit,RBD
2198,matamlay|JJD,matamlay,JJD
2199,Nakaunat|VBTS,Nakaunat,VBTS
2200,magpapastol|VBTF,magpapastol,VBTF
2201,Siguro|RBM,Siguro,RBM
2202,nagkukuwento|VBTR,nagkukuwento,VBTR
2203,kayâ|NNC,kayâ,NNC
2204,magbibisikleta|VBW,magbibisikleta,VBW
2205,Natagpuan|VBTS,Natagpuan,VBTS
2206,featuring|FW,featuring,FW
2207,Tumulo|NNP,Tumulo,NNP
2208,Nalibot|VBTS,Nalibot,VBTS
2209,키우고있어요|CDB,키우고있어요,CDB
2210,Bloke|NNP,Bloke,NNP
2211,Pinagtatawanan|VBRF,Pinagtatawanan,VBRF
2212,Naiinis|VBTS,Naiinis,VBTS
2213,siguradong|RBT_CCP,siguradong,RBT_CCP
2214,humihingal|VBTR_VBAF,humihingal,VBTR_VBAF
2215,Cruz|NNP,Cruz,NNP
2216,Terry|NNP,Terry,NNP
2217,nagtagumpay|VBTS,nagtagumpay,VBTS
2218,Namie|NNP,Namie,NNP
2219,magaral|FW,magaral,FW
2220,Grrrrr|NNP,Grrrrr,NNP
2221,Hintay|JJD,Hintay,JJD
2222,ginambala|VBOF,ginambala,VBOF
2223,kaklase|NNC,kaklase,NNC
2224,magagagalitin|VBTF,magagagalitin,VBTF
2225,tawag|VBS,tawag,VBS
2226,maipinta|VBW,maipinta,VBW
2227,isusumpa|VBOF,isusumpa,VBOF
2228,Maraming|JJD_CCP,Maraming,JJD_CCP
2229,Maglaro|VBAF,Maglaro,VBAF
2230,PHAAATTT|NNPA,PHAAATTT,NNPA
2231,natalsikan|VBTR,natalsikan,VBTR
2232,bali|NNC,bali,NNC
2233,magpalit|VBW,magpalit,VBW
2234,Matagumpay|JJD,Matagumpay,JJD
2235,nikel|NNC,nikel,NNC
2236,sinalubong|VBTS,sinalubong,VBTS
2237,bignay|NNC,bignay,NNC
2238,ngnanay|VBOF,ngnanay,VBOF
2239,Karagatang|NNP_CCP,Karagatang,NNP_CCP
2240,magtayo|VBW,magtayo,VBW
2241,pumilas|VBAF,pumilas,VBAF
2242,pritong|NNC_CCP,pritong,NNC_CCP
2243,pong|RBD_CCP,pong,RBD_CCP
2244,masaktan|VBW,masaktan,VBW
2245,anggulo|NNC,anggulo,NNC
2246,buklod|NNC,buklod,NNC
2247,Paglagay|NNP,Paglagay,NNP
2248,paglaki|VBW,paglaki,VBW
2249,aangkop|FW,aangkop,FW
2250,nalalaman|VBTR,nalalaman,VBTR
2251,kasimputi|JJD,kasimputi,JJD
2252,maharlikang|JJD_CCP,maharlikang,JJD_CCP
2253,salaan|NNC,salaan,NNC
2254,Shop|NNP,Shop,NNP
2255,timabangan|NNC,timabangan,NNC
2256,surpresa|FW,surpresa,FW
2257,managat|NNC,managat,NNC
2258,Amanda|NNP,Amanda,NNP
2259,nahuli|VBTS,nahuli,VBTS
2260,magulangMasyadong|JJD_CCP,magulangMasyadong,JJD_CCP
2261,CANVAS|NNPA,CANVAS,NNPA
2262,Baka|NNC,Baka,NNC
2263,…|CDB,…,CDB
2264,maisara|VBW,maisara,VBW
2265,tumataba|VBTR_VBAF,tumataba,VBTR_VBAF
2266,kaaya|CCB,kaaya,CCB
2267,anyo|NNC,anyo,NNC
2268,Yaki|NNP,Yaki,NNP
2269,Hinayaan|VBOF,Hinayaan,VBOF
2270,haligi|NNC,haligi,NNC
2271,mahinahon|JJD,mahinahon,JJD
2272,iginuhit|VBTF,iginuhit,VBTF
2273,bisekleta|NNC,bisekleta,NNC
2274,narining|VBTS,narining,VBTS
2275,rifle|FW,rifle,FW
2276,Nakarinig|VBTS,Nakarinig,VBTS
2277,kalderong|NNC_CCP,kalderong,NNC_CCP
2278,elementarya|NNC,elementarya,NNC
2279,ipinantakip|VBTR,ipinantakip,VBTR
2280,babagsak|VBTF,babagsak,VBTF
2281,unting|PRI_CCP,unting,PRI_CCP
2282,natunton|VBTS,natunton,VBTS
2283,Libraryang|NNC_CCP,Libraryang,NNC_CCP
2284,kasingtalim|JJCC,kasingtalim,JJCC
2285,katutubong|JJD_CCP,katutubong,JJD_CCP
2286,bagay|NNC,bagay,NNC
2287,WasiItinutok|NNP,WasiItinutok,NNP
2288,aalaga|JJD,aalaga,JJD
2289,binu|FW,binu,FW
2290,Chiu|NNP,Chiu,NNP
2291,kumpara|VBAF,kumpara,VBAF
2292,Nabigla|VBTS,Nabigla,VBTS
2293,Nandiyan|VBTS,Nandiyan,VBTS
2294,siyentipiko|NNC,siyentipiko,NNC
2295,patawid|VBW,patawid,VBW
2296,kard|NNC,kard,NNC
2297,Kalapati|NNC,Kalapati,NNC
2298,alahibo|NNC,alahibo,NNC
2299,양한경험을이어왔습니다|NNC,양한경험을이어왔습니다,NNC
2300,torotot|NNC,torotot,NNC
2301,magbasa|VBAF,magbasa,VBAF
2302,Prusat|NNP,Prusat,NNP
2303,programa|NNC,programa,NNC
2304,namanhid|VBTS,namanhid,VBTS
2305,gayon|PRC,gayon,PRC
2306,tulay|NNC,tulay,NNC
2307,Sot|NNP,Sot,NNP
2308,magpoprotekta|VBTF,magpoprotekta,VBTF
2309,matitirahan|VBW,matitirahan,VBW
2310,kumakaluskos|VBAF,kumakaluskos,VBAF
2311,ngang|RBI_CCP,ngang,RBI_CCP
2312,nababagay|VBTR,nababagay,VBTR
2313,yumanig|VBAF,yumanig,VBAF
2314,Pinahinog|VBTR,Pinahinog,VBTR
2315,dinampot|VBTS,dinampot,VBTS
2316,malagpasan|VBW,malagpasan,VBW
2317,closely|FW,closely,FW
2318,kapitan|NNC,kapitan,NNC
2319,pinapapanatiling|VBTR_CCP,pinapapanatiling,VBTR_CCP
2320,makatago|VBW,makatago,VBW
2321,buong|PRI_CCP,buong,PRI_CCP
2322,aalala|VBTR,aalala,VBTR
2323,paro|FW,paro,FW
2324,pwede|VBS,pwede,VBS
2325,Gayunpaman|CCB,Gayunpaman,CCB
2326,Nagtapos|VBTS,Nagtapos,VBTS
2327,maglilinis|VBTF_VBAF,maglilinis,VBTF_VBAF
2328,maaamoy|VBW,maaamoy,VBW
2329,matulog.sumunod|VBW,matulog.sumunod,VBW
2330,pagkakahawak|NNC,pagkakahawak,NNC
2331,ngalimasag|FW,ngalimasag,FW
2332,pagtataka|VBW,pagtataka,VBW
2333,Tinatawag|VBTR,Tinatawag,VBTR
2334,Kuneho|NNC,Kuneho,NNC
2335,pinakiramdaman|VBTS,pinakiramdaman,VBTS
2336,Mila|NNP,Mila,NNP
2337,isusumbong|VBTF,isusumbong,VBTF
2338,Pinaghatihatian|VBRF,Pinaghatihatian,VBRF
2339,nagdidilim|VBTR,nagdidilim,VBTR
2340,hangganan|NNC,hangganan,NNC
2341,dalawampung|JJN_CCP,dalawampung,JJN_CCP
2342,arar|FW,arar,FW
2343,makamandag|JJD,makamandag,JJD
2344,Magnanakaw|NNP,Magnanakaw,NNP
2345,panghuli|JJD,panghuli,JJD
2346,DurgaLal|NNP,DurgaLal,NNP
2347,magtatapon|VBTF,magtatapon,VBTF
2348,was|NNCA,was,NNCA
2349,tuklawin|VBOF,tuklawin,VBOF
2350,ginamit|VBOF,ginamit,VBOF
2351,sinimulang|RBD_CCP,sinimulang,RBD_CCP
2352,makikinang|VBTF,makikinang,VBTF
2353,Hinawi|NNP,Hinawi,NNP
2354,Kaaaaaaa|NNP,Kaaaaaaa,NNP
2355,Mahal|NNP,Mahal,NNP
2356,Iuuwi|NNP,Iuuwi,NNP
2357,nakatanggap|VBTS,nakatanggap,VBTS
2358,kwarto|NNC,kwarto,NNC
2359,Paikot|NNP,Paikot,NNP
2360,munting|JJD_CCP,munting,JJD_CCP
2361,magkakasakit|VBTF,magkakasakit,VBTF
2362,matsing|NNC,matsing,NNC
2363,makapaglaro|VBW,makapaglaro,VBW
2364,maglinis|VBW,maglinis,VBW
2365,pagmamalaking|JJD_CCP,pagmamalaking,JJD_CCP
2366,itinataas|VBTR,itinataas,VBTR
2367,tagal|JJD,tagal,JJD
2368,Tindahan|VBOF,Tindahan,VBOF
2369,Binabati|VBTR,Binabati,VBTR
2370,karamay|NNC,karamay,NNC
2371,inahin|VBOF,inahin,VBOF
2372,Eskinita|NNP,Eskinita,NNP
2373,ibenta|VBOF,ibenta,VBOF
2374,nakapupuno|VBTS,nakapupuno,VBTS
2375,malápit|VBW,malápit,VBW
2376,hahampasin|FW,hahampasin,FW
2377,gabiAng|PRC_CCP,gabiAng,PRC_CCP
2378,pinggan|NNC,pinggan,NNC
2379,ninyo|PRP,ninyo,PRP
2380,saad|FW,saad,FW
2381,Pinikit|VBOF,Pinikit,VBOF
2382,Ukol|NNP,Ukol,NNP
2383,Isinalba|VBTS,Isinalba,VBTS
2384,Tuksohin|NNP,Tuksohin,NNP
2385,pagoda|NNC,pagoda,NNC
2386,maiingay|VBW,maiingay,VBW
2387,nagsigawan|VBTS,nagsigawan,VBTS
2388,pagsalungat|VBW,pagsalungat,VBW
2389,pwersa|NNC,pwersa,NNC
2390,database|FW,database,FW
2391,adaptation|FW,adaptation,FW
2392,tsismis|NNC,tsismis,NNC
2393,pasalamatan|VBOF,pasalamatan,VBOF
2394,Sweety|NNP,Sweety,NNP
2395,luha|NNC,luha,NNC
2396,guava|NNC,guava,NNC
2397,pagmamanupaktura|NNC,pagmamanupaktura,NNC
2398,pinakabatang|JJCS_JJD_CCP,pinakabatang,JJCS_JJD_CCP
2399,Somcha|NNP,Somcha,NNP
2400,Nawawalan|VBTR,Nawawalan,VBTR
2401,makalusot|VBW,makalusot,VBW
2402,Isasara|VBTS,Isasara,VBTS
2403,nagulat|VBTS,nagulat,VBTS
2404,makapagdasal|VBW,makapagdasal,VBW
2405,nawawalang|VBTR_CCP,nawawalang,VBTR_CCP
2406,tey|FW,tey,FW
2407,Ipapanganak|VBOB,Ipapanganak,VBOB
2408,Ibinili|VBTS,Ibinili,VBTS
2409,mapangitlogan|VBW,mapangitlogan,VBW
2410,kaibigan|NNC,kaibigan,NNC
2411,ikinagalit|VBTS,ikinagalit,VBTS
2412,tabang|NNC,tabang,NNC
2413,isinuksok|VBTR,isinuksok,VBTR
2414,Paliliguan|NNP,Paliliguan,NNP
2415,Makaw|VBW,Makaw,VBW
2416,politely|FW,politely,FW
2417,mananagwan|VBW,mananagwan,VBW
2418,Nabubunot|VBTR,Nabubunot,VBTR
2419,Lory|NNP,Lory,NNP
2420,magtagal|VBW,magtagal,VBW
2421,blah|FW,blah,FW
2422,tanawin|NNC,tanawin,NNC
2423,pinamili|VBTS,pinamili,VBTS
2424,papanatilihing|RBD_CCP,papanatilihing,RBD_CCP
2425,Nilingon|VBTS,Nilingon,VBTS
2426,이라는이야기를가장좋아했습니다|CDB,이라는이야기를가장좋아했습니다,CDB
2427,Makikipag|NNP,Makikipag,NNP
2428,Kumakapit|VBTR_VBAF,Kumakapit,VBTR_VBAF
2429,nag|VBTS,nag,VBTS
2430,lunukin|VBOF,lunukin,VBOF
2431,kuna|NNC,kuna,NNC
2432,Lumaganap|VBTR_VBAF,Lumaganap,VBTR_VBAF
2433,pagpayag|NNC,pagpayag,NNC
2434,Malilinis|VBTF,Malilinis,VBTF
2435,hugasan|NNC,hugasan,NNC
2436,gumulong|VBAF,gumulong,VBAF
2437,nagsasama|VBTR,nagsasama,VBTR
2438,Susubukan|VBTF,Susubukan,VBTF
2439,kopyahin|VBOF,kopyahin,VBOF
2440,crane|FW,crane,FW
2441,palangoy|NNC,palangoy,NNC
2442,payong|NNC,payong,NNC
2443,pinaka|JJCS,pinaka,JJCS
2444,lilim|NNC,lilim,NNC
2445,kakayahan|NNC,kakayahan,NNC
2446,D.|NNPA,D.,NNPA
2447,collections|FW,collections,FW
2448,hahahchhingg|VBTR,hahahchhingg,VBTR
2449,pinainom|VBTS,pinainom,VBTS
2450,pagaaral|NNC,pagaaral,NNC
2451,Lagim|NNP,Lagim,NNP
2452,puro|JJD,puro,JJD
2453,maya|NNC,maya,NNC
2454,Pinapunta|VBTS,Pinapunta,VBTS
2455,Ghundu|NNP,Ghundu,NNP
2456,nakaugnay|VBTS,nakaugnay,VBTS
2457,Amba|NNP,Amba,NNP
2458,for|FW,for,FW
2459,paibaba|RBD_CCP,paibaba,RBD_CCP
2460,nagtungo|VBTS,nagtungo,VBTS
2461,Pinakita|VBTS,Pinakita,VBTS
2462,nabigo|VBTS,nabigo,VBTS
2463,sums|FW,sums,FW
2464,gear|FW,gear,FW
2465,pataasin|VBOF,pataasin,VBOF
2466,napakabihirang|JJCS_JJD_CCP,napakabihirang,JJCS_JJD_CCP
2467,https://letsreadasia.org/|FW,https://letsreadasia.org/,FW
2468,mapanaginipan|VBW,mapanaginipan,VBW
2469,Mihlali|NNP,Mihlali,NNP
2470,pinatutulog|VBTS,pinatutulog,VBTS
2471,napag|VBTS,napag,VBTS
2472,kwento|NNC,kwento,NNC
2473,nasaksihan|VBTS,nasaksihan,VBTS
2474,and|FW,and,FW
2475,pongtumutunog|NNC,pongtumutunog,NNC
2476,malalambot|JJD,malalambot,JJD
2477,tanggapin|VBOF,tanggapin,VBOF
2478,dada|NNC,dada,NNC
2479,Symbiosis|NNP,Symbiosis,NNP
2480,Pinapalakas|VBTR,Pinapalakas,VBTR
2481,magtakbuhan|VBW,magtakbuhan,VBW
2482,Makulay|JJD,Makulay,JJD
2483,Andoon|NNP,Andoon,NNP
2484,Iuuwi|VBS,Iuuwi,VBS
2485,pinakamahigpit|JJCS_JJD,pinakamahigpit,JJCS_JJD
2486,asignatura|NNC,asignatura,NNC
2487,Ikaw|JJD,Ikaw,JJD
2488,batang|JJD_CCP,batang,JJD_CCP
2489,tipaklong|NNC,tipaklong,NNC
2490,Hinigpitan|VBTR,Hinigpitan,VBTR
2491,gumamit|VBAF,gumamit,VBAF
2492,paghabi|NNC,paghabi,NNC
2493,Kuwintas|NNP,Kuwintas,NNP
2494,pasalubong|NNC,pasalubong,NNC
2495,pagpapakain|NNC,pagpapakain,NNC
2496,sisiw|NNC,sisiw,NNC
2497,tutuparin|VBTF,tutuparin,VBTF
2498,Mitu|NNP,Mitu,NNP
2499,Handi|NNP,Handi,NNP
2500,sangay|NNC,sangay,NNC
2501,alisan|NNC,alisan,NNC
2502,Ulap|NNP,Ulap,NNP
2503,genie|FW,genie,FW
2504,Aray|VBS,Aray,VBS
2505,takutin|RBD,takutin,RBD
2506,suit|NNC,suit,NNC
2507,liham|NNC,liham,NNC
2508,tinusok|VBOF,tinusok,VBOF
2509,bakuna|NNC,bakuna,NNC
2510,Nakakuha|VBTS,Nakakuha,VBTS
2511,sumasayaw|VBTR,sumasayaw,VBTR
2512,mabangong|JJD_CCP,mabangong,JJD_CCP
2513,Maligo|VBW,Maligo,VBW
2514,Tongtong|RBT_CCP,Tongtong,RBT_CCP
2515,ipansusulat|VBTR,ipansusulat,VBTR
2516,mukha|NNC,mukha,NNC
2517,mamamayan|NNC,mamamayan,NNC
2518,Naiiwan|VBTR,Naiiwan,VBTR
2519,singhot|NNC,singhot,NNC
2520,naninirahang|VBTR_CCP,naninirahang,VBTR_CCP
2521,Nahihirapang|RBD_CCP,Nahihirapang,RBD_CCP
2522,batas|NNC,batas,NNC
2523,Sumosobra|NNP,Sumosobra,NNP
2524,katirikan|NNC,katirikan,NNC
2525,Lisa|NNC,Lisa,NNC
2526,가족은서로믿어줘야하고|CDB,가족은서로믿어줘야하고,CDB
2527,handi|FW,handi,FW
2528,pagpapatayo|NNC,pagpapatayo,NNC
2529,Rachana|NNP,Rachana,NNP
2530,Korea|NNP,Korea,NNP
2531,Masiglang|JJD_CCP,Masiglang,JJD_CCP
2532,Dr.|NNPA,Dr.,NNPA
2533,kulay|NNC,kulay,NNC
2534,pinapansin|VBTR,pinapansin,VBTR
2535,palasyo|NNC,palasyo,NNC
2536,legal|JJD,legal,JJD
2537,segundo|NNC,segundo,NNC
2538,gate|FW,gate,FW
2539,masustansiyang|JJD_CCP,masustansiyang,JJD_CCP
2540,cheeked|FW,cheeked,FW
2541,without|NNC,without,NNC
2542,nadidikitan|VBTR,nadidikitan,VBTR
2543,Solar|NNP,Solar,NNP
2544,NanaySa|NNP,NanaySa,NNP
2545,paunti|NNC,paunti,NNC
2546,nakasalamuha|VBTS,nakasalamuha,VBTS
2547,pangkaraniwan|JJD,pangkaraniwan,JJD
2548,The|NNP,The,NNP
2549,BinitaBuddacharyais|NNP,BinitaBuddacharyais,NNP
2550,madaling|RBD_CCP,madaling,RBD_CCP
2551,Ducky|FW,Ducky,FW
2552,pagtaas|VBW,pagtaas,VBW
2553,nalinis|VBTS,nalinis,VBTS
2554,naggagasolina|VBTS,naggagasolina,VBTS
2555,magagawan|VBTF,magagawan,VBTF
2556,nagmula|VBTS,nagmula,VBTS
2557,nakalo|RBD,nakalo,RBD
2558,Titser|FW,Titser,FW
2559,ginituang|JJD_CCP,ginituang,JJD_CCP
2560,name|FW,name,FW
2561,nagsipaglipad|VBTR,nagsipaglipad,VBTR
2562,atkung|NNC_CCP,atkung,NNC_CCP
2563,flat|FW,flat,FW
2564,kaliskis|NNC,kaliskis,NNC
2565,kakambal|NNC,kakambal,NNC
2566,Makapangyarihan|VBW,Makapangyarihan,VBW
2567,Patuloy|RBD,Patuloy,RBD
2568,papatay|VBTF,papatay,VBTF
2569,Katunayan|NNC,Katunayan,NNC
2570,pagkuha|VBW,pagkuha,VBW
2571,nagkakamali|VBTR,nagkakamali,VBTR
2572,Nasabik|VBTS,Nasabik,VBTS
2573,Hyakutake|NNP,Hyakutake,NNP
2574,sinilip|VBTS,sinilip,VBTS
2575,Mayroong|VBH_CCP,Mayroong,VBH_CCP
2576,Ina|NNP,Ina,NNP
2577,Gopalakrishnan|NNP,Gopalakrishnan,NNP
2578,Napakabagal|JJCS_JJD,Napakabagal,JJCS_JJD
2579,natatanging|JJD_CCP,natatanging,JJD_CCP
2580,Mapapanood|VBTF,Mapapanood,VBTF
2581,vrooom|FW,vrooom,FW
2582,Biboy|NNP,Biboy,NNP
2583,patatas|NNC,patatas,NNC
2584,naghagikhikan|VBTR,naghagikhikan,VBTR
2585,panloob|JJD,panloob,JJD
2586,papunta|VBW,papunta,VBW
2587,makikipaglaro|VBTF,makikipaglaro,VBTF
2588,Umihip|NNP,Umihip,NNP
2589,napapagod|VBTR,napapagod,VBTR
2590,hinanap|VBOF,hinanap,VBOF
2591,Chirath|NNP,Chirath,NNP
2592,Gayundin|CCB,Gayundin,CCB
2593,stars|FW,stars,FW
2594,bimili|NNC,bimili,NNC
2595,?|PMQ,?,PMQ
2596,Nagpasalamat|VBTS,Nagpasalamat,VBTS
2597,lumapag|VBAF,lumapag,VBAF
2598,maabot|VBW,maabot,VBW
2599,nagkukulay|VBTS,nagkukulay,VBTS
2600,Anil|NNP,Anil,NNP
2601,kalaw|NNC,kalaw,NNC
2602,juice|FW,juice,FW
2603,oven|FW,oven,FW
2604,panlipunan|JJD,panlipunan,JJD
2605,pagkaalis|VBW,pagkaalis,VBW
2606,Mmm|NNP,Mmm,NNP
2607,enterprise|FW,enterprise,FW
2608,makalayo|VBW,makalayo,VBW
2609,Kilos|NNP,Kilos,NNP
2610,Maiitim|JJD,Maiitim,JJD
2611,goma|NNC,goma,NNC
2612,Seoul|NNP,Seoul,NNP
2613,nangyari|VBTS,nangyari,VBTS
2614,Dodong|NNP,Dodong,NNP
2615,nagnilay|VBTR,nagnilay,VBTR
2616,Nagpagulong|VBTS,Nagpagulong,VBTS
2617,kapitbahay|NNC,kapitbahay,NNC
2618,Kasya|NNP,Kasya,NNP
2619,Kamayanan|NNC,Kamayanan,NNC
2620,deter|FW,deter,FW
2621,magsisikap|VBAF,magsisikap,VBAF
2622,Bentong|NNC_CCP,Bentong,NNC_CCP
2623,O|NNPA,O,NNPA
2624,Kara|NNP,Kara,NNP
2625,sinuman|PRI,sinuman,PRI
2626,nakatingiting|VBTS,nakatingiting,VBTS
2627,pinagkakaabalahan|VBTR_VBRF,pinagkakaabalahan,VBTR_VBRF
2628,paligo|NNC,paligo,NNC
2629,ng|CCB,ng,CCB
2630,pagtatanghal|VBW,pagtatanghal,VBW
2631,Ginto|NNC,Ginto,NNC
2632,kaniláng|NNC_CCP,kaniláng,NNC_CCP
2633,Bisitahinang|NNP_CCP,Bisitahinang,NNP_CCP
2634,alukaba|NNC,alukaba,NNC
2635,magnadang|JJD_CCP,magnadang,JJD_CCP
2636,Nobel|NNP,Nobel,NNP
2637,mamamasyal|NNC,mamamasyal,NNC
2638,ulapNakita|NNC,ulapNakita,NNC
2639,pasigaw|JJD,pasigaw,JJD
2640,Tommy|NNP,Tommy,NNP
2641,lalagyan|NNC,lalagyan,NNC
2642,pagtalon|NNC,pagtalon,NNC
2643,nagkukuwentuhan|VBTR,nagkukuwentuhan,VBTR
2644,nagawa|VBTS,nagawa,VBTS
2645,Bountong|NNP,Bountong,NNP
2646,Kumulo|NNP,Kumulo,NNP
2647,Dadu|NNP,Dadu,NNP
2648,pagpapatnubay|NNC,pagpapatnubay,NNC
2649,iisipin|VBTF,iisipin,VBTF
2650,katiyakan|NNC,katiyakan,NNC
2651,gaano|RBQ,gaano,RBQ
2652,Zoo|NNP,Zoo,NNP
2653,mahangin|JJD,mahangin,JJD
2654,lito|NNC,lito,NNC
2655,Takbo|NNC,Takbo,NNC
2656,maliligaw|RBD,maliligaw,RBD
2657,magsasanay|VBAF,magsasanay,VBAF
2658,Hua|NNP,Hua,NNP
2659,kapalit|CCB,kapalit,CCB
2660,Iingatan|VBTS,Iingatan,VBTS
2661,Pinupulot|VBTS,Pinupulot,VBTS
2662,Paglaki|NNP,Paglaki,NNP
2663,Pagtatanim|NNP,Pagtatanim,NNP
2664,tambak|NNC,tambak,NNC
2665,그림책작가로서좋|FW,그림책작가로서좋,FW
2666,lakad|NNC,lakad,NNC
2667,Sobra|RBD,Sobra,RBD
2668,pagkatuto|NNC,pagkatuto,NNC
2669,maaaring|RBM,maaaring,RBM
2670,halaga|NNC,halaga,NNC
2671,natututuhan|VBTR,natututuhan,VBTR
2672,Bunso|NNP,Bunso,NNP
2673,Umupo|VBAF,Umupo,VBAF
2674,Hinarang|NNP_CCP,Hinarang,NNP_CCP
2675,을이루어엄마이자외국인으로서한국에서주어|PMS,을이루어엄마이자외국인으로서한국에서주어,PMS
2676,Pinagdikit|VBRF,Pinagdikit,VBRF
2677,Isinuot|VBOF,Isinuot,VBOF
2678,parehong|JJC_CCP,parehong,JJC_CCP
2679,kaagad|RBD,kaagad,RBD
2680,nagtatakbuhan|VBTR,nagtatakbuhan,VBTR
2681,ina|NNC,ina,NNC
2682,pinagtitimpla|VBTR_VBRF,pinagtitimpla,VBTR_VBRF
2683,patungkol|RBR,patungkol,RBR
2684,lambat|NNC,lambat,NNC
2685,Ingat|JJD,Ingat,JJD
2686,posisyon|NNC,posisyon,NNC
2687,maamo|RBD,maamo,RBD
2688,kararaw|NNC,kararaw,NNC
2689,litratista|NNC,litratista,NNC
2690,Napapangiti|JJCS_JJD,Napapangiti,JJCS_JJD
2691,natigil|VBTS,natigil,VBTS
2692,lumalabas|VBTR_VBAF,lumalabas,VBTR_VBAF
2693,Nakalbo|VBTS,Nakalbo,VBTS
2694,mamayang|RBW_CCP,mamayang,RBW_CCP
2695,Nagsilabasan|VBTS,Nagsilabasan,VBTS
2696,makasama|VBW,makasama,VBW
2697,bulong|NNC,bulong,NNC
2698,tinuka|VBOF,tinuka,VBOF
2699,lumuwa|VBAF,lumuwa,VBAF
2700,Marie|NNP,Marie,NNP
2701,Bakasyon|NNC,Bakasyon,NNC
2702,mababait|JJD,mababait,JJD
2703,Mabait|JJD,Mabait,JJD
2704,Pakisabi|NNP,Pakisabi,NNP
2705,Paanong|NNP_CCP,Paanong,NNP_CCP
2706,Kongkea|NNP,Kongkea,NNP
2707,ipatigil|VBOF,ipatigil,VBOF
2708,Kaalaman|NNC,Kaalaman,NNC
2709,Bonk|NNP,Bonk,NNP
2710,hagdang|JJD_CCP,hagdang,JJD_CCP
2711,narating|VBTS,narating,VBTS
2712,masanay|VBW,masanay,VBW
2713,itsura|NNC,itsura,NNC
2714,pagpipilian|NNC,pagpipilian,NNC
2715,cherries|FW,cherries,FW
2716,Paminsan|RBW,Paminsan,RBW
2717,mauod|JJD,mauod,JJD
2718,refrigerator|FW,refrigerator,FW
2719,pupungas|FW,pupungas,FW
2720,Ganoon|PRC,Ganoon,PRC
2721,Lamprea|NNP,Lamprea,NNP
2722,Ammachi|NNP,Ammachi,NNP
2723,dahong|NNC_CCP,dahong,NNC_CCP
2724,저는그중|CDB,저는그중,CDB
2725,nagugutom|VBTR,nagugutom,VBTR
2726,magkadikit|VBW,magkadikit,VBW
2727,nilang|PRP_CCP,nilang,PRP_CCP
2728,puwede|RBT,puwede,RBT
2729,oportunidad|NNC,oportunidad,NNC
2730,magpapa|VBTF,magpapa,VBTF
2731,sakong|JJD_CCP,sakong,JJD_CCP
2732,kapatid|NNC,kapatid,NNC
2733,kaharian|NNC,kaharian,NNC
2734,Syllabus|NNP,Syllabus,NNP
2735,Kuwadrado|NNP,Kuwadrado,NNP
2736,maputol|VBW,maputol,VBW
2737,Hinga|NNP,Hinga,NNP
2738,kaligayahan|NNC,kaligayahan,NNC
2739,napaisip|VBTS,napaisip,VBTS
2740,buhay|NNC,buhay,NNC
2741,pasensya|NNC,pasensya,NNC
2742,nakasimangot|RBD,nakasimangot,RBD
2743,State|NNP,State,NNP
2744,liksi|NNC,liksi,NNC
2745,Ssshhhhh|NNP,Ssshhhhh,NNP
2746,Sabik|NNP,Sabik,NNP
2747,Hinuli|RBW,Hinuli,RBW
2748,sinuklay|VBOF,sinuklay,VBOF
2749,Excuse|NNP,Excuse,NNP
2750,Nakipaglaban|VBTS,Nakipaglaban,VBTS
2751,apat|JJN,apat,JJN
2752,dumaraming|JJD_CCP,dumaraming,JJD_CCP
2753,Nars|NNP,Nars,NNP
2754,Isang|JJN_CCP,Isang,JJN_CCP
2755,Nilo|NNP,Nilo,NNP
2756,Two|NNP,Two,NNP
2757,sigaw|NNC,sigaw,NNC
2758,maysakit|NNC,maysakit,NNC
2759,palilinyahin|RBD,palilinyahin,RBD
2760,naglalakad|VBTR,naglalakad,VBTR
2761,Neema|NNC,Neema,NNC
2762,tek|FW,tek,FW
2763,Katangian|NNC,Katangian,NNC
2764,Mammaaa|NNP,Mammaaa,NNP
2765,Palayo|RBD,Palayo,RBD
2766,nakasusukang|VBTR_CCP,nakasusukang,VBTR_CCP
2767,napapadali|VBTR,napapadali,VBTR
2768,tagubilinSiya|NNC,tagubilinSiya,NNC
2769,karpintero|NNC,karpintero,NNC
2770,Panginoon|NNP,Panginoon,NNP
2771,iwanan|VBOF,iwanan,VBOF
2772,Nagsisimulang|RBD_CCP,Nagsisimulang,RBD_CCP
2773,tagpiin|NNC,tagpiin,NNC
2774,pagsusumikap|NNC,pagsusumikap,NNC
2775,alikabok|NNC,alikabok,NNC
2776,Gatas|NNP,Gatas,NNP
2777,aliwalas|FW,aliwalas,FW
2778,Sya|PRS,Sya,PRS
2779,nandiyan|VBTS,nandiyan,VBTS
2780,masisiyahan|VBTF,masisiyahan,VBTF
2781,Ibalik|VBOF,Ibalik,VBOF
2782,hagdanan|NNC,hagdanan,NNC
2783,iilan|PRQ,iilan,PRQ
2784,lumalabas|VBTR,lumalabas,VBTR
2785,mahigpit|JJCC,mahigpit,JJCC
2786,motor|NNC,motor,NNC
2787,bumalik|VBAF,bumalik,VBAF
2788,Nakailang|VBTS,Nakailang,VBTS
2789,lilinisin|VBTF,lilinisin,VBTF
2790,palapak|NNC,palapak,NNC
2791,maikli|JJD,maikli,JJD
2792,bulate|NNC,bulate,NNC
2793,habilin|NNC,habilin,NNC
2794,isinuot|VBOF,isinuot,VBOF
2795,mansanas|NNC,mansanas,NNC
2796,Edan|NNP,Edan,NNP
2797,Mars|NNP,Mars,NNP
2798,tiyan|NNC,tiyan,NNC
2799,malawak|JJD,malawak,JJD
2800,tuturuan|VBTF,tuturuan,VBTF
2801,Sabay|RBD,Sabay,RBD
2802,mabibiyak|VBTF,mabibiyak,VBTF
2803,Bubble|NNP,Bubble,NNP
2804,Ikakabit|VBOF,Ikakabit,VBOF
2805,kasya|NNC,kasya,NNC
2806,maluto|VBW,maluto,VBW
2807,yero|NNC,yero,NNC
2808,letrang|NNC_CCP,letrang,NNC_CCP
2809,Foundationsa|NNP,Foundationsa,NNP
2810,magpalipat|VBW,magpalipat,VBW
2811,0p|NNCA,0p,NNCA
2812,Nagkasakit|VBTS,Nagkasakit,VBTS
2813,criiiik|NNC,criiiik,NNC
2814,nangungulila|VBTR,nangungulila,VBTR
2815,basurang|NNC_CCP,basurang,NNC_CCP
2816,mahalin|VBW,mahalin,VBW
2817,nakikiliti|VBTR,nakikiliti,VBTR
2818,Fox|NNP,Fox,NNP
2819,pupunuin|NNC,pupunuin,NNC
2820,biktima|NNC,biktima,NNC
2821,Palagi|RBW,Palagi,RBW
2822,Achoo|NNP,Achoo,NNP
2823,Yeti|NNC,Yeti,NNC
2824,tuwang|NNC_CCP,tuwang,NNC_CCP
2825,lumusob|VBAF,lumusob,VBAF
2826,pagharap|NNC,pagharap,NNC
2827,counter|FW,counter,FW
2828,pagkolekta|NNC,pagkolekta,NNC
2829,Iisa|JJD,Iisa,JJD
2830,gamit|NNC,gamit,NNC
2831,Didi|NNP,Didi,NNP
2832,video|FW,video,FW
2833,magkulay|VBW,magkulay,VBW
2834,nagpustahan|VBTR,nagpustahan,VBTR
2835,Kaway|NNP,Kaway,NNP
2836,Information|NNP,Information,NNP
2837,niloko|VBTS,niloko,VBTS
2838,Maghintay|NNP,Maghintay,NNP
2839,Inapakan|VBTS,Inapakan,VBTS
2840,Maharjan|NNP,Maharjan,NNP
2841,umahon|VBAF,umahon,VBAF
2842,Hinati|VBOF,Hinati,VBOF
2843,makakaya|VBW,makakaya,VBW
2844,pagbawi|NNC,pagbawi,NNC
2845,maibahagi|VBW,maibahagi,VBW
2846,Tikay|NNP,Tikay,NNP
2847,Karapatan|NNP,Karapatan,NNP
2848,Raing|NNP,Raing,NNP
2849,hahapunan|NNC,hahapunan,NNC
2850,Naghahanap|VBTR,Naghahanap,VBTR
2851,mikroskopyo|NNC,mikroskopyo,NNC
2852,muni|NNCA,muni,NNCA
2853,Pagtulong|NNC,Pagtulong,NNC
2854,mangyari|VBW,mangyari,VBW
2855,Araaay|NNP,Araaay,NNP
2856,ipin|NNC,ipin,NNC
2857,nakolekta|VBTS,nakolekta,VBTS
2858,sakit|NNC,sakit,NNC
2859,malakas|JJD,malakas,JJD
2860,eu|FW,eu,FW
2861,umuwi|VBAF,umuwi,VBAF
2862,napagpasyahan|VBTS,napagpasyahan,VBTS
2863,ilalabas|VBTF,ilalabas,VBTF
2864,Napangiwi|VBTS,Napangiwi,VBTS
2865,limang|JJN_CCP,limang,JJN_CCP
2866,nasanay|VBTS,nasanay,VBTS
2867,gayunpaman|CCB,gayunpaman,CCB
2868,'|PMS,',PMS
2869,Ipaghahanda|VBTR,Ipaghahanda,VBTR
2870,inisyatiba|NNC,inisyatiba,NNC
2871,pansinin|VBOF,pansinin,VBOF
2872,bilugan|VBOF,bilugan,VBOF
2873,dumarami|VBAF,dumarami,VBAF
2874,Achoo|RBT,Achoo,RBT
2875,inaalon|FW,inaalon,FW
2876,Trac|NNP,Trac,NNP
2877,dyaryong|NNC_CCP,dyaryong,NNC_CCP
2878,bookcreation|FW,bookcreation,FW
2879,Halimaw|NNP,Halimaw,NNP
2880,kanto|NNC,kanto,NNC
2881,CoVully|FW,CoVully,FW
2882,makakain|VBW,makakain,VBW
2883,yantok|NNC,yantok,NNC
2884,스토리텔링|CDB,스토리텔링,CDB
2885,Maging|VBW,Maging,VBW
2886,Ador|NNP,Ador,NNP
2887,・|CDB,・,CDB
2888,samahan|NNC,samahan,NNC
2889,patahian|NNC,patahian,NNC
2890,Iyak|NNC,Iyak,NNC
2891,baha|NNC,baha,NNC
2892,EEEEEEEK|NNPA,EEEEEEEK,NNPA
2893,chopstick|FW,chopstick,FW
2894,nagbabago|VBTR,nagbabago,VBTR
2895,Magkaibigan|VBW,Magkaibigan,VBW
2896,nakakaramdam|VBTR,nakakaramdam,VBTR
2897,Lumaki|VBAF,Lumaki,VBAF
2898,Jacob|NNP,Jacob,NNP
2899,Sinabihan|VBOF,Sinabihan,VBOF
2900,inilagay|VBTS,inilagay,VBTS
2901,Basic|NNP,Basic,NNP
2902,kuwago|NNC,kuwago,NNC
2903,naramdaman|VBTS,naramdaman,VBTS
2904,Vanh|NNP,Vanh,NNP
2905,Mawalang|NNP_CCP,Mawalang,NNP_CCP
2906,dowww|FW,dowww,FW
2907,makapaglibang|JJD_CCP,makapaglibang,JJD_CCP
2908,내아이를좀더아름답게교육할수있는힘|CDB,내아이를좀더아름답게교육할수있는힘,CDB
2909,kahong|NNC_CCP,kahong,NNC_CCP
2910,samasamang|RBD_CCP,samasamang,RBD_CCP
2911,asa|NNC,asa,NNC
2912,kung|CCR,kung,CCR
2913,totorot|NNC,totorot,NNC
2914,paggamit|NNC,paggamit,NNC
2915,magtanim|VBW,magtanim,VBW
2916,Lita|NNP,Lita,NNP
2917,Nanghihina|VBTR,Nanghihina,VBTR
2918,naniniwala|VBTR,naniniwala,VBTR
2919,barko|NNC,barko,NNC
2920,napatid|VBTS,napatid,VBTS
2921,nabilang|VBTS,nabilang,VBTS
2922,plan|FW,plan,FW
2923,mananatili|VBTR,mananatili,VBTR
2924,Sinukat|VBOF,Sinukat,VBOF
2925,papalapit|NNC,papalapit,NNC
2926,bilog|NNC,bilog,NNC
2927,mailagay|VBW,mailagay,VBW
2928,raketa.mekanikong|JJD_CCP,raketa.mekanikong,JJD_CCP
2929,hinati|VBOF,hinati,VBOF
2930,sikretong|JJD_CCP,sikretong,JJD_CCP
2931,hahayaan|VBOF,hahayaan,VBOF
2932,tuso|FW,tuso,FW
2933,iiba|NNC,iiba,NNC
2934,sandali|RBW,sandali,RBW
2935,pansit|NNC,pansit,NNC
2936,Royal|NNP,Royal,NNP
2937,pamamaraang|NNC_CCP,pamamaraang,NNC_CCP
2938,Robrigado|NNP,Robrigado,NNP
2939,talampakan|NNC,talampakan,NNC
2940,potensyal|NNC,potensyal,NNC
2941,unting|RBD_CCP,unting,RBD_CCP
2942,g|NNCA,g,NNCA
2943,pagdikit|NNC,pagdikit,NNC
2944,nagpapaawat|VBTR,nagpapaawat,VBTR
2945,sinusukat|VBTR,sinusukat,VBTR
2946,radio|FW,radio,FW
2947,Maghain|VBTF,Maghain,VBTF
2948,Rahu|NNP,Rahu,NNP
2949,kumakalkula|VBAF,kumakalkula,VBAF
2950,Magsipilyo|NNP,Magsipilyo,NNP
2951,gauri|NNC,gauri,NNC
2952,Sabik|RBD,Sabik,RBD
2953,sila|PRP,sila,PRP
2954,Kamayanang|NNC_CCP,Kamayanang,NNC_CCP
2955,ngiti|NNC,ngiti,NNC
2956,apron|FW,apron,FW
2957,kinailangang|VBTR_CCP,kinailangang,VBTR_CCP
2958,nautal|VBTS,nautal,VBTS
2959,ituring|VBOF,ituring,VBOF
2960,pool|FW,pool,FW
2961,natapilok|VBTS,natapilok,VBTS
2962,ipalibot|VBOF,ipalibot,VBOF
2963,Sumulat|VBAF,Sumulat,VBAF
2964,tinatapon|VBTR,tinatapon,VBTR
2965,Nakakatawa|VBTR,Nakakatawa,VBTR
2966,maaalis|VBTF,maaalis,VBTF
2967,Nakababasa|RBD,Nakababasa,RBD
2968,100wmattaba|CDB,100wmattaba,CDB
2969,nagtatago|VBTR,nagtatago,VBTR
2970,Ipinaliwang|NNP_CCP,Ipinaliwang,NNP_CCP
2971,Pinapabayaan|VBTR,Pinapabayaan,VBTR
2972,busog|JJD,busog,JJD
2973,inaasahan|VBTR,inaasahan,VBTR
2974,naunahang|RBD_CCP,naunahang,RBD_CCP
2975,nakasara|VBTS,nakasara,VBTS
2976,Hinigpitan|VBOF,Hinigpitan,VBOF
2977,milya|NNC,milya,NNC
2978,pinupuntahan|VBOF,pinupuntahan,VBOF
2979,www.storyweaver.org.in/terms|FW,www.storyweaver.org.in/terms,FW
2980,paring|NNC_CCP,paring,NNC_CCP
2981,Namamanghang|RBD_CCP,Namamanghang,RBD_CCP
2982,MAS|NNPA,MAS,NNPA
2983,bago|JJD,bago,JJD
2984,Ididikit|NNP,Ididikit,NNP
2985,ginagawa|NNC,ginagawa,NNC
2986,Gagawa|VBTF,Gagawa,VBTF
2987,tinatakot|VBTS,tinatakot,VBTS
2988,dugo|NNC,dugo,NNC
2989,nangyayari|VBTR,nangyayari,VBTR
2990,pambata|NNC,pambata,NNC
2991,Nagwagi|VBTS,Nagwagi,VBTS
2992,hinabing|JJD_CCP,hinabing,JJD_CCP
2993,Kinabukasan|RBW,Kinabukasan,RBW
2994,kargado|JJD,kargado,JJD
2995,............|PMS,............,PMS
2996,Pawikan|NNC,Pawikan,NNC
2997,kinamulatang|JJD_CCP,kinamulatang,JJD_CCP
2998,musang|NNC,musang,NNC
2999,Bihar|NNP,Bihar,NNP
3000,taos|NNC,taos,NNC
3001,koloretom|NNC,koloretom,NNC
3002,umihip|VBAF,umihip,VBAF
3003,Nagsasanay|VBTR,Nagsasanay,VBTR
3004,languages|FW,languages,FW
3005,Arcemo|NNP,Arcemo,NNP
3006,Palakpak|NNP,Palakpak,NNP
3007,napakahimbing|JJCS_JJD,napakahimbing,JJCS_JJD
3008,Masuwerte|RBD,Masuwerte,RBD
3009,Labinlinmang|NNP_CCP,Labinlinmang,NNP_CCP
3010,mosque|FW,mosque,FW
3011,putulin|VBOF,putulin,VBOF
3012,abang|JJD_CCP,abang,JJD_CCP
3013,그렇다면우리는어느나라사람|PMS,그렇다면우리는어느나라사람,PMS
3014,kumausap|VBAF,kumausap,VBAF
3015,iginuhit|VBOF,iginuhit,VBOF
3016,Patawad|NNC,Patawad,NNC
3017,mapuluputan|VBW,mapuluputan,VBW
3018,talim|NNC,talim,NNC
3019,sina|DTPP,sina,DTPP
3020,marating|VBW,marating,VBW
3021,tagong|JJD_CCP,tagong,JJD_CCP
3022,snow|FW,snow,FW
3023,mirasol|NNC,mirasol,NNC
3024,nainum|VBTS,nainum,VBTS
3025,parito|FW,parito,FW
3026,Romeo|NNP,Romeo,NNP
3027,titimbangin|VBTF,titimbangin,VBTF
3028,generosity|FW,generosity,FW
3029,gugupit|NNC,gugupit,NNC
3030,magtápon|VBW,magtápon,VBW
3031,Tata|NNP,Tata,NNP
3032,Miyerkoles|NNP,Miyerkoles,NNP
3033,Maya|NNP,Maya,NNP
3034,Itinulak|VBTS,Itinulak,VBTS
3035,pumili|VBTS_VBAF,pumili,VBTS_VBAF
3036,anak|NNC,anak,NNC
3037,ginising|VBOF,ginising,VBOF
3038,nagpasya|VBTS,nagpasya,VBTS
3039,Gumuguho|VBTR_VBAF,Gumuguho,VBTR_VBAF
3040,masasayang|JJD_CCP,masasayang,JJD_CCP
3041,Smart|NNP,Smart,NNP
3042,migratory|FW,migratory,FW
3043,Toot|NNP,Toot,NNP
3044,Nina|NNP,Nina,NNP
3045,tara|NNC,tara,NNC
3046,RBK|NNPA,RBK,NNPA
3047,sandaling|JJD_CCP,sandaling,JJD_CCP
3048,Neeeey|NNP,Neeeey,NNP
3049,nagsipag|VBTS,nagsipag,VBTS
3050,nagdadala|VBTR,nagdadala,VBTR
3051,pansamantala|JJD,pansamantala,JJD
3052,ngumingiti|VBTR,ngumingiti,VBTR
3053,Shanu|NNP,Shanu,NNP
3054,karunungan|NNC,karunungan,NNC
3055,동화구연강사|CDB,동화구연강사,CDB
3056,Naulila|VBTS,Naulila,VBTS
3057,Pagong|NNP,Pagong,NNP
3058,nakapikit|VBTR,nakapikit,VBTR
3059,Samuel|NNP,Samuel,NNP
3060,sikla|NNC,sikla,NNC
3061,karamihan|PRI,karamihan,PRI
3062,Dum|NNP,Dum,NNP
3063,panig.pagkatapos|VBW,panig.pagkatapos,VBW
3064,nakadrowing|VBTS,nakadrowing,VBTS
3065,blusa|FW,blusa,FW
3066,matuto|VBW,matuto,VBW
3067,napupunta|VBTR,napupunta,VBTR
3068,pagkukumpuni|NNC,pagkukumpuni,NNC
3069,pakoda|NNC,pakoda,NNC
3070,umugong|VBAF,umugong,VBAF
3071,Kinagabihan|NNP,Kinagabihan,NNP
3072,Ikaw|VBTS_VBOF,Ikaw,VBTS_VBOF
3073,talakayin|VBOF,talakayin,VBOF
3074,Inalog|NNP,Inalog,NNP
3075,저는어릴때부터시|PMS,저는어릴때부터시,PMS
3076,그시간동안에는|CDB,그시간동안에는,CDB
3077,Ina|NNC,Ina,NNC
3078,Swish|NNP,Swish,NNP
3079,paayanan|NNC,paayanan,NNC
3080,alagang|NNC_CCP,alagang,NNC_CCP
3081,Pinulot|VBOF,Pinulot,VBOF
3082,nakaakap|VBTS,nakaakap,VBTS
3083,who|NNCA,who,NNCA
3084,dali|JJD,dali,JJD
3085,Usa|NNP,Usa,NNP
3086,militar|NNC,militar,NNC
3087,Tutulong|VBTF,Tutulong,VBTF
3088,continued|FW,continued,FW
3089,Kayâ|NNP,Kayâ,NNP
3090,nakahuhuli|VBTS,nakahuhuli,VBTS
3091,usisa|NNC,usisa,NNC
3092,Lumukso|VBOF,Lumukso,VBOF
3093,Sikad|NNP,Sikad,NNP
3094,geyser|FW,geyser,FW
3095,babati|NNC,babati,NNC
3096,kinabukasan|RBW,kinabukasan,RBW
3097,nagliliwanag|VBTS,nagliliwanag,VBTS
3098,sumara|FW,sumara,FW
3099,ikonekta|VBOF,ikonekta,VBOF
3100,amelia|FW,amelia,FW
3101,masustansya|JJD,masustansya,JJD
3102,sasapit|VBTF,sasapit,VBTF
3103,Pilit|RBD,Pilit,RBD
3104,pagsuot|NNC,pagsuot,NNC
3105,maaalagaan|VBTF,maaalagaan,VBTF
3106,ganyang|PRC_CCP,ganyang,PRC_CCP
3107,dekorasyon|NNC,dekorasyon,NNC
3108,circus|FW,circus,FW
3109,patahanin|VBOF,patahanin,VBOF
3110,buhat|RBW,buhat,RBW
3111,Parang|RBM,Parang,RBM
3112,kinailangang|RBD_CCP,kinailangang,RBD_CCP
3113,lamunin|VBOF,lamunin,VBOF
3114,tutubi|NNC,tutubi,NNC
3115,iyang|VBTS_CCP,iyang,VBTS_CCP
3116,makaramdan|VBW,makaramdan,VBW
3117,Pe|NNP,Pe,NNP
3118,basketbolista|NNC,basketbolista,NNC
3119,pangangatawan|NNC,pangangatawan,NNC
3120,Tulungan|VBOF,Tulungan,VBOF
3121,Taloooooon|NNP,Taloooooon,NNP
3122,kaming|PRP_CCP,kaming,PRP_CCP
3123,Dalhin|VBOF,Dalhin,VBOF
3124,Saklolo|NNP,Saklolo,NNP
3125,nakagagapang|VBTR_CCP,nakagagapang,VBTR_CCP
3126,pinayagan|VBTS,pinayagan,VBTS
3127,pagtatarabahuhan|NNC,pagtatarabahuhan,NNC
3128,ipagmalaki|VBOB,ipagmalaki,VBOB
3129,Iyan|PRS,Iyan,PRS
3130,Nalulungkot|VBTR,Nalulungkot,VBTR
3131,Binasa|VBOF,Binasa,VBOF
3132,sinaing|NNC_CCP,sinaing,NNC_CCP
3133,sumagi|VBAF,sumagi,VBAF
3134,bombilya|NNC,bombilya,NNC
3135,Nagbubukas|NNP,Nagbubukas,NNP
3136,mahahanap|VBTF,mahahanap,VBTF
3137,Siguraduhing|RBD_CCP,Siguraduhing,RBD_CCP
3138,naghuhulog|VBTR,naghuhulog,VBTR
3139,andaming|JJD_CCP,andaming,JJD_CCP
3140,Tori|NNP,Tori,NNP
3141,okay|NNC,okay,NNC
3142,Naiinip|VBTS,Naiinip,VBTS
3143,nakapilang|JJD_CCP,nakapilang,JJD_CCP
3144,napuno|VBTS,napuno,VBTS
3145,dug|FW,dug,FW
3146,pagsasayang|NNC_CCP,pagsasayang,NNC_CCP
3147,konsentrasyon|NNC,konsentrasyon,NNC
3148,pagtutugmain|NNC,pagtutugmain,NNC
3149,hampasin|VBOF,hampasin,VBOF
3150,pagimbentaryo|NNC,pagimbentaryo,NNC
3151,magkabati|VBW,magkabati,VBW
3152,pagtantya|VBW,pagtantya,VBW
3153,kumbinsido|JJD,kumbinsido,JJD
3154,kaya|CCR,kaya,CCR
3155,ngumisi|VBTS,ngumisi,VBTS
3156,maaring|VBS_CCP,maaring,VBS_CCP
3157,Pagsampung|JJN_CCP,Pagsampung,JJN_CCP
3158,Alzheimer|NNP,Alzheimer,NNP
3159,naglakbay|VBTS,naglakbay,VBTS
3160,Sarong|NNP_CCP,Sarong,NNP_CCP
3161,Nagagalak|VBTS,Nagagalak,VBTS
3162,Napagod|VBTS,Napagod,VBTS
3163,sarado|JJD,sarado,JJD
3164,symbiosis|FW,symbiosis,FW
3165,barkong|NNC_CCP,barkong,NNC_CCP
3166,katha|NNC,katha,NNC
3167,Nilapitan|VBTS,Nilapitan,VBTS
3168,iniuugnay|VBTR,iniuugnay,VBTR
3169,Tony|NNP,Tony,NNP
3170,Kadiri|FW,Kadiri,FW
3171,alagang|JJD_CCP,alagang,JJD_CCP
3172,Makakatulong|VBW,Makakatulong,VBW
3173,nonprofitorganization|FW,nonprofitorganization,FW
3174,club|FW,club,FW
3175,pinaghirapan|VBRF,pinaghirapan,VBRF
3176,Dagling|NNP_CCP,Dagling,NNP_CCP
3177,umidlip|VBTR_VBAF,umidlip,VBTR_VBAF
3178,braso|NNC,braso,NNC
3179,proteksion|FW,proteksion,FW
3180,pangwisik|JJD,pangwisik,JJD
3181,malasa|JJD,malasa,JJD
3182,pagtatapos|NNC,pagtatapos,NNC
3183,nabura|VBTS,nabura,VBTS
3184,kompyuter|NNC,kompyuter,NNC
3185,tablet|FW,tablet,FW
3186,ipunin|VBOF,ipunin,VBOF
3187,naghintay|VBTS,naghintay,VBTS
3188,nagsipilyo|VBTS,nagsipilyo,VBTS
3189,Tren|NNP,Tren,NNP
3190,멋진작품을쓴모든분들을존경합니다|PMS,멋진작품을쓴모든분들을존경합니다,PMS
3191,이번그림책제|CDB,이번그림책제,CDB
3192,gulang|NNC,gulang,NNC
3193,walang|RBF,walang,RBF
3194,pinagawa|VBTS,pinagawa,VBTS
3195,Sam|NNP,Sam,NNP
3196,masulyapan|VBW,masulyapan,VBW
3197,matabang|JJD_CCP,matabang,JJD_CCP
3198,Hangang|RBW,Hangang,RBW
3199,patpat|NNC,patpat,NNC
3200,Prinsipe|NNP,Prinsipe,NNP
3201,nyebe|NNC,nyebe,NNC
3202,mahihinog|JJD,mahihinog,JJD
3203,Ipinasa|VBOF,Ipinasa,VBOF
3204,hinihingal|VBTR,hinihingal,VBTR
3205,kalangitan|NNC,kalangitan,NNC
3206,marahan|JJD,marahan,JJD
3207,bati|VBS,bati,VBS
3208,nagwisik|VBTS,nagwisik,VBTS
3209,저는다문화가정|CDB,저는다문화가정,CDB
3210,mapanghahawakan|VBW,mapanghahawakan,VBW
3211,niláng|RBD_CCP,niláng,RBD_CCP
3212,Superal|NNP,Superal,NNP
3213,kasyang|NNC_CCP,kasyang,NNC_CCP
3214,magpalista|VBW,magpalista,VBW
3215,timbangan|FW,timbangan,FW
3216,살나란후라고합니다|NNC,살나란후라고합니다,NNC
3217,hampas|NNC,hampas,NNC
3218,turban|NNC,turban,NNC
3219,pagkataas|NNC,pagkataas,NNC
3220,Pagyayaya|NNP,Pagyayaya,NNP
3221,Sinasakyan|VBTR,Sinasakyan,VBTR
3222,Asno|NNP,Asno,NNP
3223,hanapin|VBOF,hanapin,VBOF
3224,gates|FW,gates,FW
3225,makababalik|VBTF,makababalik,VBTF
3226,namamasyal|VBTR,namamasyal,VBTR
3227,kalupaan|NNC,kalupaan,NNC
3228,Ikinatutuwa|NNP,Ikinatutuwa,NNP
3229,malilimutang|VBW_CCP,malilimutang,VBW_CCP
3230,mangingitlog|VBW,mangingitlog,VBW
3231,masunog|VBW,masunog,VBW
3232,pagyakap|VBW,pagyakap,VBW
3233,Nasaksihan|VBTS,Nasaksihan,VBTS
3234,Depati|NNP,Depati,NNP
3235,pirasong|NNC_CCP,pirasong,NNC_CCP
3236,Gabi|NNP,Gabi,NNP
3237,Joxy|NNP,Joxy,NNP
3238,Umahon|VBAF,Umahon,VBAF
3239,diskubre|NNC,diskubre,NNC
3240,lutang|NNC,lutang,NNC
3241,yamang|NNC_CCP,yamang,NNC_CCP
3242,gabi|RBW,gabi,RBW
3243,lollies|FW,lollies,FW
3244,hukbong|NNC_CCP,hukbong,NNC_CCP
3245,Ginamitan|VBOF,Ginamitan,VBOF
3246,Kabilang|CCB,Kabilang,CCB
3247,naawa|VBTS,naawa,VBTS
3248,magbantay|VBW,magbantay,VBW
3249,niyong|NNC_CCP,niyong,NNC_CCP
3250,nanginginain|VBTR,nanginginain,VBTR
3251,ipakita|VBOF,ipakita,VBOF
3252,tama|JJD,tama,JJD
3253,Umalis|VBAF,Umalis,VBAF
3254,pagtaas|NNC,pagtaas,NNC
3255,Káyang|NNP_CCP,Káyang,NNP_CCP
3256,kawad|NNC,kawad,NNC
3257,nabasag|VBTS,nabasag,VBTS
3258,mapapaniwala|VBW,mapapaniwala,VBW
3259,ten|FW,ten,FW
3260,nagpipigil|VBTS,nagpipigil,VBTS
3261,Itong|PRO_CCP,Itong,PRO_CCP
3262,Tatakbo|VBTF,Tatakbo,VBTF
3263,makapagbilang|VBW,makapagbilang,VBW
3264,tamang|JJD_CCP,tamang,JJD_CCP
3265,inaabangan|VBTR,inaabangan,VBTR
3266,katatagan|NNC,katatagan,NNC
3267,Panha|NNP,Panha,NNP
3268,inay|NNP,inay,NNP
3269,komandante|NNC,komandante,NNC
3270,pares|NNC,pares,NNC
3271,Na|CCP,Na,CCP
3272,Dun|NNP,Dun,NNP
3273,Shimul|NNP,Shimul,NNP
3274,makaniwala|VBW,makaniwala,VBW
3275,panangga|NNC,panangga,NNC
3276,pinapaunlad|VBTR,pinapaunlad,VBTR
3277,parasito|NNC,parasito,NNC
3278,thinkers|FW,thinkers,FW
3279,lima|CDB,lima,CDB
3280,nadikit|VBTS,nadikit,VBTS
3281,manlilikhang|NNC_CCP,manlilikhang,NNC_CCP
3282,naglipanang|VBTR_CCP,naglipanang,VBTR_CCP
3283,Aaaaaarg|NNP,Aaaaaarg,NNP
3284,pinakamalawak|JJCS_JJD,pinakamalawak,JJCS_JJD
3285,Tumagal|VBAF,Tumagal,VBAF
3286,Boland|NNP,Boland,NNP
3287,mapupuno|VBW,mapupuno,VBW
3288,through|FW,through,FW
3289,manumbalik|VBW,manumbalik,VBW
3290,namimitas|VBTR,namimitas,VBTR
3291,Bigong|RBD_CCP,Bigong,RBD_CCP
3292,Star|NNP,Star,NNP
3293,Pong|NNPA,Pong,NNPA
3294,konsyerto|NNC,konsyerto,NNC
3295,napiling|RBD_CCP,napiling,RBD_CCP
3296,Pinatulog|VBTS,Pinatulog,VBTS
3297,lutasin|VBOF,lutasin,VBOF
3298,mababasa|VBTF,mababasa,VBTF
3299,ynakatayo|NNC,ynakatayo,NNC
3300,Tapos|RBW,Tapos,RBW
3301,atensiyon|NNC,atensiyon,NNC
3302,hugasan|VBOF,hugasan,VBOF
3303,malipasan|RBW,malipasan,RBW
3304,managinip|NNC,managinip,NNC
3305,oh|NNCA,oh,NNCA
3306,tahimik|RBD,tahimik,RBD
3307,taong|NNC_CCP,taong,NNC_CCP
3308,masipag|JJD,masipag,JJD
3309,세딸을|PMS,세딸을,PMS
3310,experiences|FW,experiences,FW
3311,tuwa|NNC,tuwa,NNC
3312,magpipiknik|VBW,magpipiknik,VBW
3313,kaligtasan|NNC,kaligtasan,NNC
3314,tilapya|NNC,tilapya,NNC
3315,lumisan|VBAF,lumisan,VBAF
3316,Pwede|RBT,Pwede,RBT
3317,mismo|RBT,mismo,RBT
3318,ne|FW,ne,FW
3319,nais|NNC,nais,NNC
3320,naglilinis|VBTR,naglilinis,VBTR
3321,gumaling|VBAF,gumaling,VBAF
3322,re-mi-fa-so-la-si-do|FW,re-mi-fa-so-la-si-do,FW
3323,nangangalit|VBTR,nangangalit,VBTR
3324,matutuyo|VBW,matutuyo,VBW
3325,payat|JJD,payat,JJD
3326,Amang|NNP,Amang,NNP
3327,gawaing|VBOF_CCP,gawaing,VBOF_CCP
3328,amang|NNC_CCP,amang,NNC_CCP
3329,Inilathala|VBTS,Inilathala,VBTS
3330,통하여베트남의자랑스러운민족영웅|CDB,통하여베트남의자랑스러운민족영웅,CDB
3331,translate|FW,translate,FW
3332,kawag|NNC,kawag,NNC
3333,Faith|NNP,Faith,NNP
3334,medyo|JJCC,medyo,JJCC
3335,mapahamak|JJD,mapahamak,JJD
3336,pagsukat|NNC,pagsukat,NNC
3337,nagkamali|VBTS,nagkamali,VBTS
3338,plaza|FW,plaza,FW
3339,Binitiwan|VBOF,Binitiwan,VBOF
3340,partido|NNC,partido,NNC
3341,Ginawa|VBOF,Ginawa,VBOF
3342,langhapin|VBOF,langhapin,VBOF
3343,imahe|NNC,imahe,NNC
3344,alab|NNC,alab,NNC
3345,A-ano|CCT,A-ano,CCT
3346,Monkey|NNP,Monkey,NNP
3347,magpunta|VBW,magpunta,VBW
3348,prutasniya|NNC,prutasniya,NNC
3349,Tulungan|NNP,Tulungan,NNP
3350,Kumaway|VBTS,Kumaway,VBTS
3351,hinuhukay|RBD,hinuhukay,RBD
3352,Kumurap|NNP,Kumurap,NNP
3353,hanga|RBW,hanga,RBW
3354,pauwi|RBW,pauwi,RBW
3355,distansya|NNC,distansya,NNC
3356,Bukid|NNP,Bukid,NNP
3357,TATAY|NNPA,TATAY,NNPA
3358,Kumikinang|JJD,Kumikinang,JJD
3359,Iluto|VBTF,Iluto,VBTF
3360,ngiyak|NNC,ngiyak,NNC
3361,Balabaw|NNP,Balabaw,NNP
3362,interesado|JJD,interesado,JJD
3363,Ginagalaw|VBTR,Ginagalaw,VBTR
3364,=|PMS,=,PMS
3365,Iminungkahi|VBTS,Iminungkahi,VBTS
3366,pinsalang|NNC_CCP,pinsalang,NNC_CCP
3367,Raja|NNP,Raja,NNP
3368,ngunit|CCT,ngunit,CCT
3369,nagtatakang|VBTR,nagtatakang,VBTR
3370,dinaglat|FW,dinaglat,FW
3371,ok|NNCA,ok,NNCA
3372,hagdan|NNC,hagdan,NNC
3373,bubongAng|JJD_CCP,bubongAng,JJD_CCP
3374,Maaabot|VBTF,Maaabot,VBTF
3375,riyan|NNC,riyan,NNC
3376,Hiniwa|VBOF,Hiniwa,VBOF
3377,nailagay|VBTS,nailagay,VBTS
3378,kari|JJD,kari,JJD
3379,Iluto|NNP,Iluto,NNP
3380,totoo|RBT,totoo,RBT
3381,butiki|NNC,butiki,NNC
3382,Pinapapak|VBTR,Pinapapak,VBTR
3383,Niluto|NNP,Niluto,NNP
3384,makabili|VBW,makabili,VBW
3385,Dumadaan|VBTR_VBAF,Dumadaan,VBTR_VBAF
3386,pumalo|VBAF,pumalo,VBAF
3387,porsiyento|NNC,porsiyento,NNC
3388,makagalaw|VBW,makagalaw,VBW
3389,aani|NNC,aani,NNC
3390,maglakbay|VBAF,maglakbay,VBAF
3391,parte|NNC,parte,NNC
3392,!!!|PMS,!!!,PMS
3393,inaangat|VBTR,inaangat,VBTR
3394,maidilat|VBW,maidilat,VBW
3395,bibilhan|VBTF,bibilhan,VBTF
3396,ipininanganak|VBOF,ipininanganak,VBOF
3397,feet|FW,feet,FW
3398,sticker|FW,sticker,FW
3399,Vernice|NNP,Vernice,NNP
3400,makapaghatid|VBW,makapaghatid,VBW
3401,Martin|NNP,Martin,NNP
3402,okay|FW,okay,FW
3403,nagnanais|VBTR,nagnanais,VBTR
3404,matitira|VBW,matitira,VBW
3405,Temple|NNP,Temple,NNP
3406,sumakit|VBAF,sumakit,VBAF
3407,Nagtulong|VBTR,Nagtulong,VBTR
3408,moon|FW,moon,FW
3409,kemikal|NNC,kemikal,NNC
3410,Punchku|FW,Punchku,FW
3411,nagmamartsa|VBTR,nagmamartsa,VBTR
3412,housekeeping|FW,housekeeping,FW
3413,Sinimulan|VBOF,Sinimulan,VBOF
3414,arkitekto|NNC,arkitekto,NNC
3415,masakyan|VBW,masakyan,VBW
3416,nakatiklop|VBTS,nakatiklop,VBTS
3417,hinahamon|VBTS,hinahamon,VBTS
3418,accomplish|FW,accomplish,FW
3419,aon|FW,aon,FW
3420,Pumalakpak|NNP,Pumalakpak,NNP
3421,pinaglalagyan|VBRF,pinaglalagyan,VBRF
3422,stay|FW,stay,FW
3423,shell|FW,shell,FW
3424,Kala|NNP,Kala,NNP
3425,Natatandaan|VBTR,Natatandaan,VBTR
3426,Muli|RBW,Muli,RBW
3427,Pananatilihin|VBTF,Pananatilihin,VBTF
3428,Akbar|NNP,Akbar,NNP
3429,Assoluta|NNP,Assoluta,NNP
3430,Malaking|JJD_CCP,Malaking,JJD_CCP
3431,Pitong|JJN_CCP,Pitong,JJN_CCP
3432,Lalo|JJCC,Lalo,JJCC
3433,kasunduan|NNC,kasunduan,NNC
3434,rescue|FW,rescue,FW
3435,nakatayo|VBTS,nakatayo,VBTS
3436,Minister|NNP,Minister,NNP
3437,Naglakihan|VBTS,Naglakihan,VBTS
3438,pagbibilang|NNC,pagbibilang,NNC
3439,I|CDB,I,CDB
3440,magalitsila|VBW,magalitsila,VBW
3441,sibat|NNC,sibat,NNC
3442,tinutukoy|VBTR,tinutukoy,VBTR
3443,unang|JJN_CCP,unang,JJN_CCP
3444,kwenta|NNC,kwenta,NNC
3445,biskuwit|NNC,biskuwit,NNC
3446,magbenta|VBW,magbenta,VBW
3447,Sige|RBT,Sige,RBT
3448,ukol|NNC,ukol,NNC
3449,Napikon|VBTS,Napikon,VBTS
3450,nagagawa|VBTR,nagagawa,VBTR
3451,pagbabahaginan|NNC,pagbabahaginan,NNC
3452,inihanda|VBTS,inihanda,VBTS
3453,edisyon|NNC,edisyon,NNC
3454,napansin|VBTS,napansin,VBTS
3455,banister|FW,banister,FW
3456,pagbibigay|NNC,pagbibigay,NNC
3457,Aba|NNP,Aba,NNP
3458,maligamgam|JJD,maligamgam,JJD
3459,aapi|NNC,aapi,NNC
3460,makatatanggap|VBW,makatatanggap,VBW
3461,Nakasulat|JJD,Nakasulat,JJD
3462,Nakangiti|RBD,Nakangiti,RBD
3463,naitagong|VBTS_CCP,naitagong,VBTS_CCP
3464,kulit|JJD,kulit,JJD
3465,namuhay|VBTS,namuhay,VBTS
3466,humingi|VBAF,humingi,VBAF
3467,Aziza|NNP,Aziza,NNP
3468,—|PMS,—,PMS
3469,tsok|NNC,tsok,NNC
3470,bubungan|NNC,bubungan,NNC
3471,nadakip|VBTS,nadakip,VBTS
3472,nagiimahe|VBTS,nagiimahe,VBTS
3473,Ano|PRQ,Ano,PRQ
3474,butas|NNC,butas,NNC
3475,직장일|NNPA,직장일,NNPA
3476,kandila|NNC,kandila,NNC
3477,hatch|FW,hatch,FW
3478,Nagmamadali|VBTS,Nagmamadali,VBTS
3479,Mahigpit|JJD,Mahigpit,JJD
3480,Pupulutin|NNP,Pupulutin,NNP
3481,nagtampisaw|VBTR,nagtampisaw,VBTR
3482,Kinakawag|VBTS,Kinakawag,VBTS
3483,mararamdaman|VBTF,mararamdaman,VBTF
3484,nagpababa|VBTS,nagpababa,VBTS
3485,IllustratorSi|NNP,IllustratorSi,NNP
3486,tumutugtog|VBTR_VBAF,tumutugtog,VBTR_VBAF
3487,Manang|NNC_CCP,Manang,NNC_CCP
3488,itinali|VBTS,itinali,VBTS
3489,takipsilim|NNC,takipsilim,NNC
3490,Dito|PRL,Dito,PRL
3491,basang|JJD_CCP,basang,JJD_CCP
3492,paalisin|VBOF,paalisin,VBOF
3493,maghuhugas|VBW,maghuhugas,VBW
3494,binati|VBTS,binati,VBTS
3495,makainom|VBW,makainom,VBW
3496,paharang|NNC_CCP,paharang,NNC_CCP
3497,pakikitunggali|RBD,pakikitunggali,RBD
3498,mais|NNC,mais,NNC
3499,Napakatagal|JJCS_JJD,Napakatagal,JJCS_JJD
3500,Ikaw|RBF,Ikaw,RBF
3501,pumutok|VBAF,pumutok,VBAF
3502,Kakatwang|JJD_CCP,Kakatwang,JJD_CCP
3503,Peter|NNP,Peter,NNP
3504,she|FW,she,FW
3505,Umaagos|VBTR_VBAF,Umaagos,VBTR_VBAF
3506,pagpagaspas|NNC,pagpagaspas,NNC
3507,malutong|JJD,malutong,JJD
3508,으며|PMS,으며,PMS
3509,Mujhang|NNC_CCP,Mujhang,NNC_CCP
3510,lokal|JJD,lokal,JJD
3511,Asya|NNP,Asya,NNP
3512,pangungumbinsi|JJD,pangungumbinsi,JJD
3513,kaganapang|NNC_CCP,kaganapang,NNC_CCP
3514,presyo|NNC,presyo,NNC
3515,Naghanap|VBTS,Naghanap,VBTS
3516,nagalak|VBTS,nagalak,VBTS
3517,tandaan|VBOF,tandaan,VBOF
3518,magsasama|VBTF,magsasama,VBTF
3519,paniki|NNC,paniki,NNC
3520,Zebra|NNP,Zebra,NNP
3521,Naupo|VBTS,Naupo,VBTS
3522,nagmamalasakit|VBTR,nagmamalasakit,VBTR
3523,Hinding|RBF,Hinding,RBF
3524,kompletong|JJD_CCP,kompletong,JJD_CCP
3525,Ilustrador|NNP,Ilustrador,NNP
3526,kalakal|NNC,kalakal,NNC
3527,barado|JJD,barado,JJD
3528,itaas|VBOF,itaas,VBOF
3529,napakadilim|JJCS_JJD,napakadilim,JJCS_JJD
3530,Nakatutuntong|VBTS,Nakatutuntong,VBTS
3531,naglalarawan|VBTR,naglalarawan,VBTR
3532,magmahal|VBW,magmahal,VBW
3533,Tuloy|NNP,Tuloy,NNP
3534,nakapila|NNC,nakapila,NNC
3535,ngiyaw|FW,ngiyaw,FW
3536,gatang|NNC,gatang,NNC
3537,Walo|NNP,Walo,NNP
3538,dumapo|VBAF,dumapo,VBAF
3539,Káya|PRS,Káya,PRS
3540,mabilang|VBW,mabilang,VBW
3541,WHUMP|NNPA,WHUMP,NNPA
3542,magsanay|VBAF,magsanay,VBAF
3543,pinakikinggan|VBTS,pinakikinggan,VBTS
3544,dali|FW,dali,FW
3545,iprito|VBOF,iprito,VBOF
3546,plantsang|NNC_CCP,plantsang,NNC_CCP
3547,tali|NNC,tali,NNC
3548,Mananatili|VBTF,Mananatili,VBTF
3549,iimikan|VBTF,iimikan,VBTF
3550,Kaharian|NNP,Kaharian,NNP
3551,itoIto|NNP,itoIto,NNP
3552,Natatawa|VBTS,Natatawa,VBTS
3553,kanyangmemorya|NNC,kanyangmemorya,NNC
3554,Namutla|VBTS,Namutla,VBTS
3555,Brendan|NNP,Brendan,NNP
3556,magbisekleta|VBTF_VBAF,magbisekleta,VBTF_VBAF
3557,Nagsiksikan|VBTR,Nagsiksikan,VBTR
3558,Ikinampay|VBTS,Ikinampay,VBTS
3559,Humawak|VBAF,Humawak,VBAF
3560,maysuporta|NNC,maysuporta,NNC
3561,lokasyon|NNC,lokasyon,NNC
3562,Turismo|NNC,Turismo,NNC
3563,nagwika|VBTS,nagwika,VBTS
3564,susundan|VBTF,susundan,VBTF
3565,Pista|NNC,Pista,NNC
3566,kapangkat|NNC,kapangkat,NNC
3567,Naghihingalong|VBTR_CCP,Naghihingalong,VBTR_CCP
3568,Neo|FW,Neo,FW
3569,Itinatabi|VBTR_VBAF,Itinatabi,VBTR_VBAF
3570,Lumilipad|VBTR_VBAF,Lumilipad,VBTR_VBAF
3571,inayos|VBOF,inayos,VBOF
3572,Nagsara|VBTS,Nagsara,VBTS
3573,hinahatid|VBTR,hinahatid,VBTR
3574,bida|NNC,bida,NNC
3575,nagtatanim|VBTR,nagtatanim,VBTR
3576,Ninais|VBTS,Ninais,VBTS
3577,Henry|NNP,Henry,NNP
3578,namataan|VBOF,namataan,VBOF
3579,Klak|NNP,Klak,NNP
3580,kontribusyon|NNC,kontribusyon,NNC
3581,Oliver|NNP,Oliver,NNP
3582,buhay.www.hoopoebooks.com|FW,buhay.www.hoopoebooks.com,FW
3583,Kikik|NNP,Kikik,NNP
3584,along|NNC_CCP,along,NNC_CCP
3585,kawawa|JJD,kawawa,JJD
3586,magpasakay|NNC,magpasakay,NNC
3587,papalayo|RBD,papalayo,RBD
3588,Paborito|JJD,Paborito,JJD
3589,ness|FW,ness,FW
3590,Umiyak|VBAF,Umiyak,VBAF
3591,magsayaw|VBW,magsayaw,VBW
3592,pistola|NNC,pistola,NNC
3593,kumarera|VBAF,kumarera,VBAF
3594,Sabado|NNP,Sabado,NNP
3595,nagmamadaling|VBTR_CCP,nagmamadaling,VBTR_CCP
3596,bakaDalawang|NNC_CCP,bakaDalawang,NNC_CCP
3597,Pinapatawad|VBTR,Pinapatawad,VBTR
3598,salusalo|NNC,salusalo,NNC
3599,HUWAG|NNPA,HUWAG,NNPA
3600,ipakalap|VBOF,ipakalap,VBOF
3601,nakakatuwang|JJD_CCP,nakakatuwang,JJD_CCP
3602,ilagay|VBOL,ilagay,VBOL
3603,Vanna|NNP,Vanna,NNP
3604,naghahabulan|VBTR,naghahabulan,VBTR
3605,nahumaling|VBTS,nahumaling,VBTS
3606,being|FW,being,FW
3607,ihiram|VBTF,ihiram,VBTF
3608,Namangha|VBTS,Namangha,VBTS
3609,Karnabal|NNP,Karnabal,NNP
3610,CLACKET|NNPA,CLACKET,NNPA
3611,nakahain|VBTS,nakahain,VBTS
3612,Pinaalis|VBTS,Pinaalis,VBTS
3613,mahiyain|JJD,mahiyain,JJD
3614,naaamoy|VBTR,naaamoy,VBTR
3615,kaloob|NNC,kaloob,NNC
3616,matanggal|VBW,matanggal,VBW
3617,supot|NNC,supot,NNC
3618,baryo|NNC,baryo,NNC
3619,Hee|NNP,Hee,NNP
3620,embraced|FW,embraced,FW
3621,magagawa|VBTF,magagawa,VBTF
3622,makaaalis|VBW,makaaalis,VBW
3623,magsalitan|VBW,magsalitan,VBW
3624,creative|FW,creative,FW
3625,Whooosh|NNP,Whooosh,NNP
3626,mesa|NNC,mesa,NNC
3627,batay|RBR,batay,RBR
3628,kapeng|NNC_CCP,kapeng,NNC_CCP
3629,nagluto|VBTS,nagluto,VBTS
3630,magawa|VBW,magawa,VBW
3631,Apat|JJN,Apat,JJN
3632,Nagpasya|VBTS,Nagpasya,VBTS
3633,tagasalin|NNC,tagasalin,NNC
3634,Government|NNP,Government,NNP
3635,bota|NNC,bota,NNC
3636,lalangoy|VBTF,lalangoy,VBTF
3637,tinatanggal|VBTR,tinatanggal,VBTR
3638,parke|NNC,parke,NNC
3639,naliligaw|VBTS,naliligaw,VBTS
3640,nanay|NNC,nanay,NNC
3641,magtatago|VBTF,magtatago,VBTF
3642,are|DTC,are,DTC
3643,그가족들에게긍지와소망을주는사업으로굳세|CDB,그가족들에게긍지와소망을주는사업으로굳세,CDB
3644,Malakas|JJD,Malakas,JJD
3645,Kumaskas|NNP,Kumaskas,NNP
3646,Tamang|RBT,Tamang,RBT
3647,Matsing|NNC,Matsing,NNC
3648,Nakahabol|VBTS,Nakahabol,VBTS
3649,gustung|FW,gustung,FW
3650,likuran|NNC,likuran,NNC
3651,panungkit|NNC,panungkit,NNC
3652,Kakagatin|VBOF,Kakagatin,VBOF
3653,Sisirain|VBTF,Sisirain,VBTF
3654,hindi|RBF,hindi,RBF
3655,menta|NNC,menta,NNC
3656,porsyento|NNC,porsyento,NNC
3657,nabangga|VBTR,nabangga,VBTR
3658,Paborito|NNP,Paborito,NNP
3659,nagsulputan|VBTR,nagsulputan,VBTR
3660,nirepaso|VBTS,nirepaso,VBTS
3661,pintahan|VBOF,pintahan,VBOF
3662,nilinis|VBTS,nilinis,VBTS
3663,Napakasaya|VBTS,Napakasaya,VBTS
3664,sinigurado|VBTS,sinigurado,VBTS
3665,Hayaan|NNP,Hayaan,NNP
3666,halatang|JJD_CCP,halatang,JJD_CCP
3667,nakompleto|VBTS,nakompleto,VBTS
3668,binato|VBTS,binato,VBTS
3669,Nagtatago|VBTR,Nagtatago,VBTR
3670,umiinom|VBTR_VBAF,umiinom,VBTR_VBAF
3671,magkayakap|VBW,magkayakap,VBW
3672,Binigay|VBOF,Binigay,VBOF
3673,Generously|NNP,Generously,NNP
3674,ginawa|VBOF,ginawa,VBOF
3675,Mamamatay|VBTF,Mamamatay,VBTF
3676,picture|FW,picture,FW
3677,Rudi|NNP,Rudi,NNP
3678,Nag|PRSP_CCP,Nag,PRSP_CCP
3679,kredito|NNC,kredito,NNC
3680,tinutukso|VBTR,tinutukso,VBTR
3681,mananayaw|NNC,mananayaw,NNC
3682,sambit|NNC,sambit,NNC
3683,samahan|VBOF,samahan,VBOF
3684,nguyain|VBOF,nguyain,VBOF
3685,Technology|NNP,Technology,NNP
3686,Gugurang|NNP_CCP,Gugurang,NNP_CCP
3687,estasyon|NNC,estasyon,NNC
3688,iwan|VBOF,iwan,VBOF
3689,dalawampu|CDB,dalawampu,CDB
3690,sirko|NNC,sirko,NNC
3691,paminta|NNC,paminta,NNC
3692,nang|RBW,nang,RBW
3693,Jati|NNP,Jati,NNP
3694,ipasa|VBOF,ipasa,VBOF
3695,umabot|VBAF,umabot,VBAF
3696,gumigising|FW,gumigising,FW
3697,lumbay|NNC,lumbay,NNC
3698,Lakhamari|NNP,Lakhamari,NNP
3699,Kitang|NNP,Kitang,NNP
3700,Hmmmp|NNP,Hmmmp,NNP
3701,Nangangailangan|VBTR,Nangangailangan,VBTR
3702,haharapin|VBTF,haharapin,VBTF
3703,nakasalubong|VBTS,nakasalubong,VBTS
3704,Palihim|RBD,Palihim,RBD
3705,KLIKIKIK|NNPA,KLIKIKIK,NNPA
3706,Dagat|NNP,Dagat,NNP
3707,matutulis|JJD,matutulis,JJD
3708,nanghihinayang|VBTR,nanghihinayang,VBTR
3709,pagitan|NNC,pagitan,NNC
3710,Nakatutok|JJD,Nakatutok,JJD
3711,gagawing|VBTF_CCP,gagawing,VBTF_CCP
3712,kanila|PRSP,kanila,PRSP
3713,kalo|NNC,kalo,NNC
3714,kagustuhang|NNC_CCP,kagustuhang,NNC_CCP
3715,Muslim|NNP,Muslim,NNP
3716,Masustansya|NNP,Masustansya,NNP
3717,Mente|NNP,Mente,NNP
3718,gamitan|VBOF,gamitan,VBOF
3719,koponan|NNC,koponan,NNC
3720,talisay|NNC,talisay,NNC
3721,kids|FW,kids,FW
3722,Tahimik|RBD,Tahimik,RBD
3723,live|FW,live,FW
3724,natamaan|VBTS,natamaan,VBTS
3725,juice|NNC,juice,NNC
3726,nakakapit|VBTR,nakakapit,VBTR
3727,성의강인함은물론여자도남자처럼무엇이든잘할수있다고늘가르쳐주셨습니다|PMS,성의강인함은물론여자도남자처럼무엇이든잘할수있다고늘가르쳐주셨습니다,PMS
3728,Dibis|NNP,Dibis,NNP
3729,Darating|VBTF,Darating,VBTF
3730,daigdig|NNC,daigdig,NNC
3731,laruin|VBOF,laruin,VBOF
3732,pinilit|VBOF,pinilit,VBOF
3733,bully|FW,bully,FW
3734,porte|NNC,porte,NNC
3735,Shongololo|NNP,Shongololo,NNP
3736,||PMS,,
3737,ilalapit|VBOL,ilalapit,VBOL
3738,TambolNabalian|NNC,TambolNabalian,NNC
3739,napindot|VBTS,napindot,VBTS
3740,sisikat|VBTF,sisikat,VBTF
3741,Itinuro|VBOF,Itinuro,VBOF
3742,siyato|NNC,siyato,NNC
3743,pinilit|RBD,pinilit,RBD
3744,Nanlilisik|VBTR,Nanlilisik,VBTR
3745,pupunta|VBTF,pupunta,VBTF
3746,centipede|FW,centipede,FW
3747,Tongtong|NNC,Tongtong,NNC
3748,Ililipad|VBOF,Ililipad,VBOF
3749,Ballu|NNP,Ballu,NNP
3750,lantang|NNC_CCP,lantang,NNC_CCP
3751,giya|NNC,giya,NNC
3752,Binalewala|VBTS,Binalewala,VBTS
3753,sunugin|VBOF,sunugin,VBOF
3754,ibonMaraming|VBTS_CCP,ibonMaraming,VBTS_CCP
3755,aysinasamahan|NNC,aysinasamahan,NNC
3756,successful|FW,successful,FW
3757,kusot|RBD,kusot,RBD
3758,napili|VBTS,napili,VBTS
3759,warm|FW,warm,FW
3760,ikekwento|VBOF,ikekwento,VBOF
3761,alay|NNC,alay,NNC
3762,pababang|JJD_CCP,pababang,JJD_CCP
3763,Hanapin|VBOF,Hanapin,VBOF
3764,pula|NNC,pula,NNC
3765,nanumbalik|VBTS,nanumbalik,VBTS
3766,small|FW,small,FW
3767,katapangan|NNC,katapangan,NNC
3768,tagapaglathala|NNC,tagapaglathala,NNC
3769,nabiglang|RBD_CCP,nabiglang,RBD_CCP
3770,Aso|NNC,Aso,NNC
3771,Malugod|RBD,Malugod,RBD
3772,Kumunot|NNP,Kumunot,NNP
3773,tok|NNCA,tok,NNCA
3774,makaangkop|VBW,makaangkop,VBW
3775,magluto|VBW,magluto,VBW
3776,pagmumuni|NNC,pagmumuni,NNC
3777,daling|FW,daling,FW
3778,satelayt|NNC,satelayt,NNC
3779,Pinatalas|NNP,Pinatalas,NNP
3780,NAPAKA|NNPA,NAPAKA,NNPA
3781,pinapasok|VBTR,pinapasok,VBTR
3782,malampasan|VBW,malampasan,VBW
3783,nakabisikleta|VBTS,nakabisikleta,VBTS
3784,tinutulungang|VBTR_CCP,tinutulungang,VBTR_CCP
3785,Neurons|NNP,Neurons,NNP
3786,nakatikim|VBTS,nakatikim,VBTS
3787,Isinara|VBOF,Isinara,VBOF
3788,nakakapresko|VBTR,nakakapresko,VBTR
3789,sumisipol|VBTR_VBAF,sumisipol,VBTR_VBAF
3790,Manong|NNP,Manong,NNP
3791,magpagala|VBAF,magpagala,VBAF
3792,ipagsasabi|VBTR_VBOB,ipagsasabi,VBTR_VBOB
3793,Sana|VBS,Sana,VBS
3794,ningning|VBTS,ningning,VBTS
3795,kasinlakas|JJC,kasinlakas,JJC
3796,tse|FW,tse,FW
3797,hatinggabi|RBW,hatinggabi,RBW
3798,Nag|NNP,Nag,NNP
3799,sinampayniya|VBTS,sinampayniya,VBTS
3800,nakamasid|VBTS,nakamasid,VBTS
3801,Nagpapainit|VBTR,Nagpapainit,VBTR
3802,Layers|NNC,Layers,NNC
3803,kabibeng|JJD_CCP,kabibeng,JJD_CCP
3804,atmararamdaman|VBTR,atmararamdaman,VBTR
3805,Karera|NNP,Karera,NNP
3806,태어났습니다|CDB,태어났습니다,CDB
3807,ibabang|JJD_CCP,ibabang,JJD_CCP
3808,propesyon|NNC,propesyon,NNC
3809,tanyag|JJD,tanyag,JJD
3810,inasahan|VBTS,inasahan,VBTS
3811,paglipad|NNC,paglipad,NNC
3812,mausisa|NNC,mausisa,NNC
3813,년되었습니다|PMS,년되었습니다,PMS
3814,garlic|FW,garlic,FW
3815,suyuin|VBOF,suyuin,VBOF
3816,napanilay|VBTS,napanilay,VBTS
3817,16na|CDB,16na,CDB
3818,Ting|NNP,Ting,NNP
3819,Philippines|NNP,Philippines,NNP
3820,tired|FW,tired,FW
3821,Orangutan|NNP,Orangutan,NNP
3822,Alamid|NNP,Alamid,NNP
3823,A.|NNPA,A.,NNPA
3824,nakakiliti|VBTS,nakakiliti,VBTS
3825,kusot|JJD,kusot,JJD
3826,pinalawak|VBTS,pinalawak,VBTS
3827,Nakipagkita|VBTS,Nakipagkita,VBTS
3828,Santa|NNP,Santa,NNP
3829,parol|NNC,parol,NNC
3830,payagan|VBOF,payagan,VBOF
3831,libo|NNC,libo,NNC
3832,ligaya|NNC,ligaya,NNC
3833,nangangahulugan|VBTR,nangangahulugan,VBTR
3834,khacha|FW,khacha,FW
3835,pagsalin|NNC,pagsalin,NNC
3836,isinulat|VBTS,isinulat,VBTS
3837,hinuhuli|VBTS,hinuhuli,VBTS
3838,gobernador|NNC,gobernador,NNC
3839,lagi|RBW,lagi,RBW
3840,malilinis|VBW,malilinis,VBW
3841,Reema|NNP,Reema,NNP
3842,Tourism|NNP,Tourism,NNP
3843,mundong|NNC_CCP,mundong,NNC_CCP
3844,makapanakit|VBW,makapanakit,VBW
3845,pato|NNC,pato,NNC
3846,Pahihiramin|NNP,Pahihiramin,NNP
3847,kumakawag|VBTR_VBAF,kumakawag,VBTR_VBAF
3848,namumuno|VBTR,namumuno,VBTR
3849,Saan|PRQ,Saan,PRQ
3850,Pinagalitan|VBRF,Pinagalitan,VBRF
3851,silbi|NNC,silbi,NNC
3852,nagpaduyan|VBTS,nagpaduyan,VBTS
3853,nagpupumiglas|VBTS,nagpupumiglas,VBTS
3854,Kling|NNP,Kling,NNP
3855,sinasadyang|VBTR_CCP,sinasadyang,VBTR_CCP
3856,patarik|RBD,patarik,RBD
3857,Kalokohang|NNP_CCP,Kalokohang,NNP_CCP
3858,nakukonsumong|VBTS_CCP,nakukonsumong,VBTS_CCP
3859,hilingin|VBOF,hilingin,VBOF
3860,Conservation|NNP,Conservation,NNP
3861,maria|JJD,maria,JJD
3862,ipatatapon|VBTF,ipatatapon,VBTF
3863,residente|NNC,residente,NNC
3864,Nasaktan|VBTS,Nasaktan,VBTS
3865,Tinapos|VBOF,Tinapos,VBOF
3866,repleksyon|NNC,repleksyon,NNC
3867,difficult|FW,difficult,FW
3868,lindol|NNC,lindol,NNC
3869,ibinubuga|VBTS,ibinubuga,VBTS
3870,Nasukat|VBTS,Nasukat,VBTS
3871,Isdang|NNC_CCP,Isdang,NNC_CCP
3872,ihatid|VBOF,ihatid,VBOF
3873,kalawakandwarf|FW,kalawakandwarf,FW
3874,Mangu|NNP,Mangu,NNP
3875,magmumukhang|VBTR_CCP,magmumukhang,VBTR_CCP
3876,mailigtas|VBW,mailigtas,VBW
3877,Maingay|RBD,Maingay,RBD
3878,pangil|NNC,pangil,NNC
3879,koton|NNC,koton,NNC
3880,Masi|FW,Masi,FW
3881,iniuwi|VBTS,iniuwi,VBTS
3882,inihahon|VBOF,inihahon,VBOF
3883,Magandang|RBD_CCP,Magandang,RBD_CCP
3884,longan|NNC,longan,NNC
3885,Parol|NNP,Parol,NNP
3886,bilihan|NNC,bilihan,NNC
3887,nanggaling|VBTS,nanggaling,VBTS
3888,lephants|FW,lephants,FW
3889,tumakas|VBAF,tumakas,VBAF
3890,writers|FW,writers,FW
3891,Nagpaiwan|VBTS,Nagpaiwan,VBTS
3892,umaasang|VBTR_VBAF,umaasang,VBTR_VBAF
3893,tigang|NNC,tigang,NNC
3894,mahiko|JJD,mahiko,JJD
3895,Sandig|NNP,Sandig,NNP
3896,benda|NNC,benda,NNC
3897,pambansang|JJD_CCP,pambansang,JJD_CCP
3898,Nakakabilib|VBTR,Nakakabilib,VBTR
3899,refugee|FW,refugee,FW
3900,paggalaw|NNC,paggalaw,NNC
3901,giving|FW,giving,FW
3902,Pinuluputan|VBTR,Pinuluputan,VBTR
3903,libot|FW,libot,FW
3904,kayong|RBD,kayong,RBD
3905,wisdom|FW,wisdom,FW
3906,Ibinalik|VBTS,Ibinalik,VBTS
3907,Tinabihan|VBOF,Tinabihan,VBOF
3908,연설|CDB,연설,CDB
3909,pansariling|JJD_CCP,pansariling,JJD_CCP
3910,magbiro|VBW,magbiro,VBW
3911,Lagot|NNP,Lagot,NNP
3912,each|FW,each,FW
3913,malundag|VBW,malundag,VBW
3914,pareho|JJC,pareho,JJC
3915,Tumi|NNP,Tumi,NNP
3916,dinura|VBTS,dinura,VBTS
3917,kaya|RBD,kaya,RBD
3918,Kinailangan|VBTR,Kinailangan,VBTR
3919,Dira|NNP,Dira,NNP
3920,mangga|VBW,mangga,VBW
3921,garahe|NNC,garahe,NNC
3922,ermitanyong|JJD_CCP,ermitanyong,JJD_CCP
3923,paghuhugas|VBW,paghuhugas,VBW
3924,Ministro|NNP,Ministro,NNP
3925,ipanlalaba|VBTR,ipanlalaba,VBTR
3926,paglalakbay|NNC,paglalakbay,NNC
3927,pagalawin|VBOF,pagalawin,VBOF
3928,Nini|FW,Nini,FW
3929,pinagmamalaki|VBTR_VBRF,pinagmamalaki,VBTR_VBRF
3930,matindi|RBD,matindi,RBD
3931,Uwak|NNC,Uwak,NNC
3932,kakalabas|JJD,kakalabas,JJD
3933,sides|FW,sides,FW
3934,asignaturang|NNC_CCP,asignaturang,NNC_CCP
3935,bagyong|NNC_CCP,bagyong,NNC_CCP
3936,napakakaunti|JJCS_JJD,napakakaunti,JJCS_JJD
3937,kumukuha|VBTR_VBAF,kumukuha,VBTR_VBAF
3938,Mashallah|NNP,Mashallah,NNP
3939,Naisip|VBTS,Naisip,VBTS
3940,cellphone|FW,cellphone,FW
3941,Tuwing|RBW,Tuwing,RBW
3942,linis|JJD,linis,JJD
3943,disabilities|FW,disabilities,FW
3944,pigilan|VBOF,pigilan,VBOF
3945,inabangan|VBTS,inabangan,VBTS
3946,Nakabuo|VBTS,Nakabuo,VBTS
3947,himig|NNC,himig,NNC
3948,inyong|PRSP_CCP,inyong,PRSP_CCP
3949,pagsasaliksik|NNC,pagsasaliksik,NNC
3950,Nabahiran|VBTS,Nabahiran,VBTS
3951,bahagya|RBD,bahagya,RBD
3952,Namatay|VBTS,Namatay,VBTS
3953,Sinunod|VBTS,Sinunod,VBTS
3954,ipagpapatuloy|VBTR_VBOB,ipagpapatuloy,VBTR_VBOB
3955,hinihikayat|VBTR,hinihikayat,VBTR
3956,Farley|NNP,Farley,NNP
3957,이건|CDB,이건,CDB
3958,malikhain|JJD,malikhain,JJD
3959,alalang|NNC,alalang,NNC
3960,Sasagot|VBTF,Sasagot,VBTF
3961,produksyon|NNC,produksyon,NNC
3962,Basain|NNP,Basain,NNP
3963,Masdan|VBTF,Masdan,VBTF
3964,magising|VBW,magising,VBW
3965,dito|PRL,dito,PRL
3966,Magpadala|VBAF,Magpadala,VBAF
3967,pangkalikasan|JJD,pangkalikasan,JJD
3968,intindihin|VBOF,intindihin,VBOF
3969,panghihina|NNC,panghihina,NNC
3970,resources|FW,resources,FW
3971,Para|CCT,Para,CCT
3972,nasasaklot|VBTR,nasasaklot,VBTR
3973,hinlalaki|NNC,hinlalaki,NNC
3974,nakakalakad|VBTR,nakakalakad,VBTR
3975,Nakahiga|VBTS,Nakahiga,VBTS
3976,Sinalakay|VBTS,Sinalakay,VBTS
3977,Panimula|NNP,Panimula,NNP
3978,kalangitanAng|JJD_CCP,kalangitanAng,JJD_CCP
3979,Nakaabot|VBTS,Nakaabot,VBTS
3980,dyaket|NNC,dyaket,NNC
3981,Timorese|NNP,Timorese,NNP
3982,pinapunta|VBTR,pinapunta,VBTR
3983,kamahalan|NNC,kamahalan,NNC
3984,andoon|VBOF,andoon,VBOF
3985,Kailan|NNP,Kailan,NNP
3986,Akong|NNP,Akong,NNP
3987,hinaharap|VBTR,hinaharap,VBTR
3988,suhestiyon|NNC,suhestiyon,NNC
3989,Sita|NNP,Sita,NNP
3990,ampang|NNC_CCP,ampang,NNC_CCP
3991,Sundan|VBTF,Sundan,VBTF
3992,Inday|NNP,Inday,NNP
3993,galyon|NNC,galyon,NNC
3994,Panca|NNP,Panca,NNP
3995,chef|FW,chef,FW
3996,lunas|NNC,lunas,NNC
3997,turbo|NNC,turbo,NNC
3998,hirap|JJD,hirap,JJD
3999,nagpalista|VBTS,nagpalista,VBTS
4000,Tutol|NNP,Tutol,NNP
4001,Unidos|NNP,Unidos,NNP
4002,Nagsimula|VBTS,Nagsimula,VBTS
4003,pinapatungan|VBTR,pinapatungan,VBTR
4004,dignidad|NNC,dignidad,NNC
4005,posteng|NNC_CCP,posteng,NNC_CCP
4006,humaba|VBAF,humaba,VBAF
4007,saisang|NNC_CCP,saisang,NNC_CCP
4008,henyo|NNC,henyo,NNC
4009,Nagbibiro|VBTR,Nagbibiro,VBTR
4010,nagalit|VBTS,nagalit,VBTS
4011,Inilapag|VBTS,Inilapag,VBTS
4012,magkakaibang|JJD_CCP,magkakaibang,JJD_CCP
4013,Magkakaibigan|VBTF,Magkakaibigan,VBTF
4014,napaka|JJCS,napaka,JJCS
4015,paalalahanan|VBOF,paalalahanan,VBOF
4016,harangan|VBOF,harangan,VBOF
4017,VROOM|NNPA,VROOM,NNPA
4018,Iunat|NNP,Iunat,NNP
4019,Bumabalik|VBTR_VBAF,Bumabalik,VBTR_VBAF
4020,nakakonekta|VBTS,nakakonekta,VBTS
4021,pagpapadala|NNC,pagpapadala,NNC
4022,admire|FW,admire,FW
4023,bangsî|NNC,bangsî,NNC
4024,luyo|NNC,luyo,NNC
4025,angkuwebang|NNC_CCP,angkuwebang,NNC_CCP
4026,babagay|VBTF,babagay,VBTF
4027,gawaang|NNC_CCP,gawaang,NNC_CCP
4028,pangdoktor|JJD,pangdoktor,JJD
4029,maputing|JJD_CCP,maputing,JJD_CCP
4030,nanggagalaiting|VBTR_CCP,nanggagalaiting,VBTR_CCP
4031,Niranjan|NNP,Niranjan,NNP
4032,Ulang|RBI,Ulang,RBI
4033,mabalahibo|JJD_CCP,mabalahibo,JJD_CCP
4034,MckimmieMunting|NNP,MckimmieMunting,NNP
4035,pagtuturo|NNC,pagtuturo,NNC
4036,Naliligo|VBTS,Naliligo,VBTS
4037,kupas|JJD,kupas,JJD
4038,Apir|NNP,Apir,NNP
4039,made|FW,made,FW
4040,kumikinang|RBD_CCP,kumikinang,RBD_CCP
4041,timba|NNC,timba,NNC
4042,experiment|FW,experiment,FW
4043,Mando|NNP,Mando,NNP
4044,didikit|VBOF,didikit,VBOF
4045,Nagliliparang|RBD_CCP,Nagliliparang,RBD_CCP
4046,tumangkad|VBAF,tumangkad,VBAF
4047,Pagpapatungkol|NNP,Pagpapatungkol,NNP
4048,diyos|NNC,diyos,NNC
4049,hihilahin|VBOF,hihilahin,VBOF
4050,naigalaw|VBTS,naigalaw,VBTS
4051,engineering|NNC,engineering,NNC
4052,niligpit|VBOF,niligpit,VBOF
4053,Ammachi|FW,Ammachi,FW
4054,Kagaya|NNP,Kagaya,NNP
4055,Palakas|NNP,Palakas,NNP
4056,lubak|NNC,lubak,NNC
4057,piloto|NNC,piloto,NNC
4058,bumibista|VBTR_VBAF,bumibista,VBTR_VBAF
4059,pagdidilig|NNC,pagdidilig,NNC
4060,matatagpuan|VBTF,matatagpuan,VBTF
4061,AsiaFoundation|NNP,AsiaFoundation,NNP
4062,tulungan|VBOF,tulungan,VBOF
4063,pangmusika|JJD,pangmusika,JJD
4064,Sitio|NNP,Sitio,NNP
4065,takda|NNC,takda,NNC
4066,Itinuro|VBTS,Itinuro,VBTS
4067,nais|VBS,nais,VBS
4068,그림|PMS,그림,PMS
4069,magtatanong|VBTF,magtatanong,VBTF
4070,atang|NNC_CCP,atang,NNC_CCP
4071,nakapagtago|RBD,nakapagtago,RBD
4072,karbon|NNC,karbon,NNC
4073,paulit|VBW,paulit,VBW
4074,bisitahin|VBOF,bisitahin,VBOF
4075,elepante|NNC,elepante,NNC
4076,Nagtanong|VBTS,Nagtanong,VBTS
4077,considered|FW,considered,FW
4078,Rock|NNP,Rock,NNP
4079,tumpak|JJD,tumpak,JJD
4080,paanong|NNC_CCP,paanong,NNC_CCP
4081,Papua|NNP,Papua,NNP
4082,insecticide|FW,insecticide,FW
4083,me|FW,me,FW
4084,tanungin|VBOF,tanungin,VBOF
4085,napakahalagang|JJCS_JJD_CCP,napakahalagang,JJCS_JJD_CCP
4086,bulaklak|NNC,bulaklak,NNC
4087,Namuo|VBTS,Namuo,VBTS
4088,paglutas|NNC,paglutas,NNC
4089,Hatchu|NNP,Hatchu,NNP
4090,하지만인간은오늘도멈추거나포기하지않고지|CDB,하지만인간은오늘도멈추거나포기하지않고지,CDB
4091,Nag|RBF,Nag,RBF
4092,round|FW,round,FW
4093,linggo|NNC,linggo,NNC
4094,ihahatid|VBTF,ihahatid,VBTF
4095,kaunting|PRI_CCP,kaunting,PRI_CCP
4096,hinog|NNC,hinog,NNC
4097,warthog|FW,warthog,FW
4098,Be|NNP,Be,NNP
4099,Bumaba|VBAF,Bumaba,VBAF
4100,Nandito|VBTS,Nandito,VBTS
4101,parito|NNC,parito,NNC
4102,manuela|FW,manuela,FW
4103,Space|NNP,Space,NNP
4104,makalasaIto|VBW,makalasaIto,VBW
4105,)|PMS,),PMS
4106,kalalang|NNC_CCP,kalalang,NNC_CCP
4107,Nakinig|VBTS,Nakinig,VBTS
4108,부티낌하|CDB,부티낌하,CDB
4109,bantiling|FW,bantiling,FW
4110,paloob|RBL,paloob,RBL
4111,nakasalaming|VBTS,nakasalaming,VBTS
4112,kumpol|NNC,kumpol,NNC
4113,mahihiling|VBW,mahihiling,VBW
4114,saya|NNC,saya,NNC
4115,Kuliglig|NNC,Kuliglig,NNC
4116,Pinipinturahan|VBOF,Pinipinturahan,VBOF
4117,kinamumuhian|VBTR,kinamumuhian,VBTR
4118,niyayakap|VBTR,niyayakap,VBTR
4119,tagahatid|NNC,tagahatid,NNC
4120,pumunta|VBAF,pumunta,VBAF
4121,naubos|VBTS,naubos,VBTS
4122,Humantong|VBAF,Humantong,VBAF
4123,pagpipingkian|NNC,pagpipingkian,NNC
4124,maningning|JJD,maningning,JJD
4125,lukab|VBAF,lukab,VBAF
4126,nakauuwi|VBTS,nakauuwi,VBTS
4127,Tinulungan|VBOF,Tinulungan,VBOF
4128,arawan|NNC,arawan,NNC
4129,angakdang|NNC_CCP,angakdang,NNC_CCP
4130,Nagsitago|VBTS,Nagsitago,VBTS
4131,inaanod|VBTR,inaanod,VBTR
4132,eskuwela|NNC,eskuwela,NNC
4133,Ipinasa|VBTS,Ipinasa,VBTS
4134,Mahuhuli|VBTF,Mahuhuli,VBTF
4135,guro|NNC,guro,NNC
4136,sinaing|VBTS,sinaing,VBTS
4137,pagbenta|NNC,pagbenta,NNC
4138,pagpapaliwangni|VBW,pagpapaliwangni,VBW
4139,tiles|NNC,tiles,NNC
4140,magtatag|VBTF,magtatag,VBTF
4141,pagkarating|VBW_CCP,pagkarating,VBW_CCP
4142,kwitis|NNC,kwitis,NNC
4143,hinubad|VBTS,hinubad,VBTS
4144,meet|FW,meet,FW
4145,books|FW,books,FW
4146,sagradong|JJD_CCP,sagradong,JJD_CCP
4147,kasipagan|NNC,kasipagan,NNC
4148,pinagbalatan|VBTR_VBRF,pinagbalatan,VBTR_VBRF
4149,collaboration|FW,collaboration,FW
4150,humandusay|VBAF,humandusay,VBAF
4151,pagtataka|NNC,pagtataka,NNC
4152,Lumalakas|NNP,Lumalakas,NNP
4153,humayo|VBAF,humayo,VBAF
4154,Paalala|NNC,Paalala,NNC
4155,@mindheart|FW,@mindheart,FW
4156,Sipilyuhin|NNP,Sipilyuhin,NNP
4157,ah|NNCA,ah,NNCA
4158,manahimik|VBW,manahimik,VBW
4159,Mae|NNP,Mae,NNP
4160,ipapaayos|VBTR,ipapaayos,VBTR
4161,mapagkukunan|VBW,mapagkukunan,VBW
4162,cream|FW,cream,FW
4163,ayon|RBR,ayon,RBR
4164,nakalutang|VBTS_CCP,nakalutang,VBTS_CCP
4165,magagawang|VBTF_CCP,magagawang,VBTF_CCP
4166,Kakainin|VBTF,Kakainin,VBTF
4167,magtago|VBAF,magtago,VBAF
4168,estado|NNC,estado,NNC
4169,inihaw|VBTS,inihaw,VBTS
4170,Matsa|NNP,Matsa,NNP
4171,contact|NNC,contact,NNC
4172,tularan|NNC,tularan,NNC
4173,uuwi|RBM,uuwi,RBM
4174,lumilipas|VBTR_VBAF,lumilipas,VBTR_VBAF
4175,Aasahan|VBTS_VBOF,Aasahan,VBTS_VBOF
4176,nagpalipad|VBTS,nagpalipad,VBTS
4177,Hula|NNC,Hula,NNC
4178,pinupunasan|VBTS,pinupunasan,VBTS
4179,TA|NNPA,TA,NNPA
4180,bitiwan|VBOF,bitiwan,VBOF
4181,Pinuputol|VBTR,Pinuputol,VBTR
4182,pinatakpan|VBTS,pinatakpan,VBTS
4183,Kiko|NNP,Kiko,NNP
4184,puno|NNC,puno,NNC
4185,Gumapang|NNP_CCP,Gumapang,NNP_CCP
4186,Ew|NNP,Ew,NNP
4187,beach|FW,beach,FW
4188,kalahati|JJD,kalahati,JJD
4189,:|PMS,:,PMS
4190,Napagalaw|VBTS,Napagalaw,VBTS
4191,Iyong|PRO_CCP,Iyong,PRO_CCP
4192,matutulungan|VBTF,matutulungan,VBTF
4193,magsulat|VBAF,magsulat,VBAF
4194,pong|NNCA,pong,NNCA
4195,storybooks|FW,storybooks,FW
4196,ninyong|PRO_CCP,ninyong,PRO_CCP
4197,We|RBT,We,RBT
4198,PLANETA|NNPA,PLANETA,NNPA
4199,Nalilito|VBTR,Nalilito,VBTR
4200,free|FW,free,FW
4201,drayber|NNC,drayber,NNC
4202,pinaniwalaan|VBTR,pinaniwalaan,VBTR
4203,hinay|JJD,hinay,JJD
4204,inasal|VBTS,inasal,VBTS
4205,humupa|VBAF,humupa,VBAF
4206,nakapagsasalita|VBTS,nakapagsasalita,VBTS
4207,Maaring|RBM,Maaring,RBM
4208,katalinuhan|NNC,katalinuhan,NNC
4209,daily|FW,daily,FW
4210,Titingnan|VBOF,Titingnan,VBOF
4211,Tinatago|VBTR,Tinatago,VBTR
4212,https://plasticfreecambodia.com/individuals/|FW,https://plasticfreecambodia.com/individuals/,FW
4213,makalangoy|VBW,makalangoy,VBW
4214,Kaunti|PRI,Kaunti,PRI
4215,Nagbubukang|VBTS_CCP,Nagbubukang,VBTS_CCP
4216,Mas|JJCC,Mas,JJCC
4217,direksyon|NNC,direksyon,NNC
4218,natulog|VBTS,natulog,VBTS
4219,maiiwan|VBTF,maiiwan,VBTF
4220,Tikboy|NNP,Tikboy,NNP
4221,Sirang|JJD_CCP,Sirang,JJD_CCP
4222,pagkabata|NNC,pagkabata,NNC
4223,makakakuha|VBTF,makakakuha,VBTF
4224,hangga|RBD,hangga,RBD
4225,box|FW,box,FW
4226,Nakapasa|VBTS,Nakapasa,VBTS
4227,Vegetable|NNP,Vegetable,NNP
4228,momuna|FW,momuna,FW
4229,tetra|NNC,tetra,NNC
4230,magsasanay|VBTF,magsasanay,VBTF
4231,mahahalaga|JJD,mahahalaga,JJD
4232,lapag|NNC,lapag,NNC
4233,baybayin|NNC,baybayin,NNC
4234,Makakakita|VBW,Makakakita,VBW
4235,product|FW,product,FW
4236,ipinaliwanag|VBTS,ipinaliwanag,VBTS
4237,sakin|VBOF,sakin,VBOF
4238,pantay|JJD,pantay,JJD
4239,putik|NNC,putik,NNC
4240,Huwebes|NNP,Huwebes,NNP
4241,palang|NNC_CCP,palang,NNC_CCP
4242,bear|NNC,bear,NNC
4243,nalulunod|VBTR,nalulunod,VBTR
4244,Pabalik|NNP,Pabalik,NNP
4245,tinanggal|VBOF,tinanggal,VBOF
4246,andito|NNC,andito,NNC
4247,의전설|NNCA,의전설,NNCA
4248,bloke|NNC,bloke,NNC
4249,Tangkad|NNP,Tangkad,NNP
4250,inangat|VBTS,inangat,VBTS
4251,STEM|NNPA,STEM,NNPA
4252,ubod|JJD,ubod,JJD
4253,tumulong|RBD,tumulong,RBD
4254,nahagip|VBTS,nahagip,VBTS
4255,Sadi|NNP,Sadi,NNP
4256,napagpasiyahan|VBTS,napagpasiyahan,VBTS
4257,noo|NNC,noo,NNC
4258,61sentimetro|CDB,61sentimetro,CDB
4259,napakakintab|JJCS_JJD,napakakintab,JJCS_JJD
4260,panitikan|NNC,panitikan,NNC
4261,Pandemya|NNP,Pandemya,NNP
4262,kasamang|CCB_CCP,kasamang,CCB_CCP
4263,75x|CDB,75x,CDB
4264,dosenang|NNC_CCP,dosenang,NNC_CCP
4265,diba|NNCA,diba,NNCA
4266,Nagsisimula|VBTR,Nagsisimula,VBTR
4267,Simulan|VBOF,Simulan,VBOF
4268,Idagdag|VBOF,Idagdag,VBOF
4269,akyat|JJD,akyat,JJD
4270,Ipinangako|VBTS,Ipinangako,VBTS
4271,Gawin|NNP,Gawin,NNP
4272,Elsa'a|NNP,Elsa'a,NNP
4273,creates|FW,creates,FW
4274,huminga|VBAF,huminga,VBAF
4275,Nakakabingi|VBTR,Nakakabingi,VBTR
4276,INHINYERO|NNC,INHINYERO,NNC
4277,pangangailangang|NNC_CCP,pangangailangang,NNC_CCP
4278,nasukat|VBTS,nasukat,VBTS
4279,hinahatak|VBTR,hinahatak,VBTR
4280,Resty|NNP,Resty,NNP
4281,labingdalawang|JJN_CCP,labingdalawang,JJN_CCP
4282,tink|FW,tink,FW
4283,dalawan|NNC,dalawan,NNC
4284,palagay|JJD,palagay,JJD
4285,nakasunod|RBD,nakasunod,RBD
4286,itlog|NNC,itlog,NNC
4287,unit|NNC,unit,NNC
4288,Nagbike|VBTS,Nagbike,VBTS
4289,kumikislap|VBTR_VBAF,kumikislap,VBTR_VBAF
4290,makatutulog|VBW,makatutulog,VBW
4291,Canvas|NNP,Canvas,NNP
4292,inaanyaya|VBTR,inaanyaya,VBTR
4293,paulit|NNC,paulit,NNC
4294,amin|PRSP,amin,PRSP
4295,LPG|NNPA,LPG,NNPA
4296,naging|VBTS,naging,VBTS
4297,pabalik|JJD,pabalik,JJD
4298,elektrikal|JJD,elektrikal,JJD
4299,natagpua|VBTS,natagpua,VBTS
4300,ipinapakita|VBTR,ipinapakita,VBTR
4301,kumikinang|JJD,kumikinang,JJD
4302,magkakapareho|VBW,magkakapareho,VBW
4303,pagkabagabag|VBW,pagkabagabag,VBW
4304,Lumulundag|VBTR,Lumulundag,VBTR
4305,naaabala|VBTR,naaabala,VBTR
4306,Edu|NNP,Edu,NNP
4307,Plak|NNP,Plak,NNP
4308,Napasulyap|VBTS,Napasulyap,VBTS
4309,tagabitbit|NNC,tagabitbit,NNC
4310,kolonya|NNC,kolonya,NNC
4311,naiwan|VBTS,naiwan,VBTS
4312,Crash|NNP,Crash,NNP
4313,Joanne|NNP,Joanne,NNP
4314,Inilipad|VBAF,Inilipad,VBAF
4315,Uff|NNP,Uff,NNP
4316,Petunya|NNP,Petunya,NNP
4317,usap|NNC,usap,NNC
4318,haba|NNC,haba,NNC
4319,Nagpakulo|VBTS,Nagpakulo,VBTS
4320,Luminga|NNP,Luminga,NNP
4321,lumapit|VBAF,lumapit,VBAF
4322,patas|JJD,patas,JJD
4323,uumpisa|NNC,uumpisa,NNC
4324,Lipa|NNP,Lipa,NNP
4325,itatapon|VBTF,itatapon,VBTF
4326,Nagtayo|VBTS,Nagtayo,VBTS
4327,namimilog|VBTR,namimilog,VBTR
4328,nakalimutankong|RBD_CCP,nakalimutankong,RBD_CCP
4329,inanyayahan|VBTS,inanyayahan,VBTS
4330,size|FW,size,FW
4331,namamahala|VBTR,namamahala,VBTR
4332,bulok|JJD,bulok,JJD
4333,hukbo|NNC,hukbo,NNC
4334,tinuturuan|VBTR,tinuturuan,VBTR
4335,Severijnen|NNP,Severijnen,NNP
4336,ginagalawan|VBTR,ginagalawan,VBTR
4337,pride|FW,pride,FW
4338,ekspresyon|NNC,ekspresyon,NNC
4339,luto|JJD,luto,JJD
4340,papasok|VBTF,papasok,VBTF
4341,kulot|NNC,kulot,NNC
4342,kasinliit|JJCC,kasinliit,JJCC
4343,kadilim|JJD,kadilim,JJD
4344,itinabi|VBOF,itinabi,VBOF
4345,unahang|PRI_CCP,unahang,PRI_CCP
4346,gaano|PRC,gaano,PRC
4347,tuko|NNC,tuko,NNC
4348,aalangang|NNC_CCP,aalangang,NNC_CCP
4349,nakalikha|VBTS,nakalikha,VBTS
4350,maduming|JJD_CCP,maduming,JJD_CCP
4351,tara|FW,tara,FW
4352,maililigtas|VBTF,maililigtas,VBTF
4353,Sinipa|VBTS,Sinipa,VBTS
4354,paaralnBinilhan|NNC,paaralnBinilhan,NNC
4355,nagagalit|VBTR,nagagalit,VBTR
4356,Pinaalala|VBTS,Pinaalala,VBTS
4357,Bora|NNP,Bora,NNP
4358,mabato|VBW,mabato,VBW
4359,buntong|FW,buntong,FW
4360,Covid|NNP,Covid,NNP
4361,maghapunan|VBW,maghapunan,VBW
4362,namulat|VBTS,namulat,VBTS
4363,samahang|NNC_CCP,samahang,NNC_CCP
4364,akayin|VBOF,akayin,VBOF
4365,niyakap|VBOF,niyakap,VBOF
4366,Sumasayaw|VBTR,Sumasayaw,VBTR
4367,asked|FW,asked,FW
4368,Siya|PRS,Siya,PRS
4369,sisirain|VBTF,sisirain,VBTF
4370,Pssh|NNP,Pssh,NNP
4371,magtahip|VBW,magtahip,VBW
4372,At|CCA,At,CCA
4373,pagsasalita|NNC,pagsasalita,NNC
4374,assignment|FW,assignment,FW
4375,Klik|NNP,Klik,NNP
4376,kulang|NNC,kulang,NNC
4377,paligid|NNC,paligid,NNC
4378,abilidad|NNC,abilidad,NNC
4379,sinabi|VBOF,sinabi,VBOF
4380,Barahi|NNP,Barahi,NNP
4381,bango|NNC,bango,NNC
4382,humihikab|VBTR_VBAF,humihikab,VBTR_VBAF
4383,tumayo|VBAF,tumayo,VBAF
4384,puwersang|NNC_CCP,puwersang,NNC_CCP
4385,Nagtaka|VBTS,Nagtaka,VBTS
4386,Sumagang|VBAF,Sumagang,VBAF
4387,bing|VBOF_CCP,bing,VBOF_CCP
4388,Amendment|NNP,Amendment,NNP
4389,pulut|NNC,pulut,NNC
4390,Sinisi|VBTS,Sinisi,VBTS
4391,nakakaaway|VBTR,nakakaaway,VBTR
4392,mabalanse|FW,mabalanse,FW
4393,Brazil|NNP,Brazil,NNP
4394,tinatanaw|VBTR,tinatanaw,VBTR
4395,Kunin|VBOF,Kunin,VBOF
4396,MoneyGram|NNP,MoneyGram,NNP
4397,lumundag|VBAF,lumundag,VBAF
4398,naaangkop|VBTR,naaangkop,VBTR
4399,nakilalang|VBTS,nakilalang,VBTS
4400,kaisa|NNC,kaisa,NNC
4401,nagseselpon|VBTS,nagseselpon,VBTS
4402,pasalubong|NNC_CCP,pasalubong,NNC_CCP
4403,city|FW,city,FW
4404,KathmanduValley|NNP,KathmanduValley,NNP
4405,maghanda|VBAF,maghanda,VBAF
4406,Kalo|NNP,Kalo,NNP
4407,tayong|PRP_CCP,tayong,PRP_CCP
4408,Mandir|NNP,Mandir,NNP
4409,maghintay|VBW,maghintay,VBW
4410,Inaayos|VBTR,Inaayos,VBTR
4411,mapuno|VBW,mapuno,VBW
4412,ipit|VBOF,ipit,VBOF
4413,Napabalik|VBTS,Napabalik,VBTS
4414,Narrator|NNP,Narrator,NNP
4415,paglalakad|VBW,paglalakad,VBW
4416,tingian|VBOF,tingian,VBOF
4417,naiwasan|VBTS,naiwasan,VBTS
4418,operasyon|NNC,operasyon,NNC
4419,panoong|VBOF,panoong,VBOF
4420,pahilaga|JJD,pahilaga,JJD
4421,berdeng|JJD_CCP,berdeng,JJD_CCP
4422,Unggoy|NNP,Unggoy,NNP
4423,]|PMS,],PMS
4424,sabing|CCR,sabing,CCR
4425,Nakatago|VBTS,Nakatago,VBTS
4426,Nakipag|VBTS,Nakipag,VBTS
4427,regular|JJD,regular,JJD
4428,drongo|FW,drongo,FW
4429,magandang|JJD_CCP,magandang,JJD_CCP
4430,을통해|CDB,을통해,CDB
4431,umalis|VBTS_VBAF,umalis,VBTS_VBAF
4432,kasabihan|NNC,kasabihan,NNC
4433,maya|JJD,maya,JJD
4434,lingapin|VBTF,lingapin,VBTF
4435,naisuot|VBTS,naisuot,VBTS
4436,takasan|VBOF,takasan,VBOF
4437,selula|NNC,selula,NNC
4438,sasabihing|VBTF_CCP,sasabihing,VBTF_CCP
4439,magkapatid|NNC,magkapatid,NNC
4440,fromapproaching|FW,fromapproaching,FW
4441,gagamba|NNC,gagamba,NNC
4442,Ali|NNP,Ali,NNP
4443,nalumiliwanag|VBTR,nalumiliwanag,VBTR
4444,Ilapag|VBTS,Ilapag,VBTS
4445,pasalamatan|RBD_CCP,pasalamatan,RBD_CCP
4446,Nanumbalik|VBTS,Nanumbalik,VBTS
4447,g.|NNCA,g.,NNCA
4448,Makapag|VBW,Makapag,VBW
4449,ipagtimpla|VBOB,ipagtimpla,VBOB
4450,vibrations|FW,vibrations,FW
4451,Nakayukong|JJD_CCP,Nakayukong,JJD_CCP
4452,saralang|NNC,saralang,NNC
4453,kanin|NNC,kanin,NNC
4454,masanas|VBW,masanas,VBW
4455,Ilalagay|VBTF,Ilalagay,VBTF
4456,pagdatingsa|NNC,pagdatingsa,NNC
4457,siyan|NNC,siyan,NNC
4458,Eun|NNP,Eun,NNP
4459,ginagamot|VBTR,ginagamot,VBTR
4460,nagkaroon|VBTS,nagkaroon,VBTS
4461,palihim|JJD,palihim,JJD
4462,maliitinAng|VBW_CCP,maliitinAng,VBW_CCP
4463,Sibuyas|NNP,Sibuyas,NNP
4464,Napakaraming|PRI_CCP,Napakaraming,PRI_CCP
4465,maubos|VBW,maubos,VBW
4466,walisan|VBOF,walisan,VBOF
4467,nilay|VBTS,nilay,VBTS
4468,carried|FW,carried,FW
4469,Tito|NNP,Tito,NNP
4470,tigilsa|JJD,tigilsa,JJD
4471,sinusuklay|VBTR,sinusuklay,VBTR
4472,Hintuturo|NNP,Hintuturo,NNP
4473,audience|FW,audience,FW
4474,Larawang|NNP_CCP,Larawang,NNP_CCP
4475,mapaganda|VBW,mapaganda,VBW
4476,Maghahanap|VBTF,Maghahanap,VBTF
4477,nakalublob|VBTS,nakalublob,VBTS
4478,amyenda|NNC,amyenda,NNC
4479,......|FW,......,FW
4480,pasilyo|NNC,pasilyo,NNC
4481,S.|NNPA,S.,NNPA
4482,pambili|JJD,pambili,JJD
4483,nagkataon|VBTS,nagkataon,VBTS
4484,Nabua|NNP,Nabua,NNP
4485,mananagot|VBTF,mananagot,VBTF
4486,Ipasa|VBTS_VBOF,Ipasa,VBTS_VBOF
4487,binibiro|VBTR,binibiro,VBTR
4488,Aakyat|RBD,Aakyat,RBD
4489,gurong|NNC_CCP,gurong,NNC_CCP
4490,bigyang|VBOF_CCP,bigyang,VBOF_CCP
4491,tagabuo|NNC,tagabuo,NNC
4492,makulit|JJD,makulit,JJD
4493,miss|NNC,miss,NNC
4494,Ibon|NNP,Ibon,NNP
4495,binabati|VBTR,binabati,VBTR
4496,Kulay|JJD,Kulay,JJD
4497,talunan|NNC,talunan,NNC
4498,pagligtas|NNC,pagligtas,NNC
4499,magkasamang|RBD_CCP,magkasamang,RBD_CCP
4500,kabutihan|NNC,kabutihan,NNC
4501,UpeshIsang|RBD_CCP,UpeshIsang,RBD_CCP
4502,Inilabassa|NNP,Inilabassa,NNP
4503,Patawarin|NNP,Patawarin,NNP
4504,Pasilip|NNP,Pasilip,NNP
4505,táong|NNC_CCP,táong,NNC_CCP
4506,Oh|FW,Oh,FW
4507,umunat|VBAF,umunat,VBAF
4508,yakapin|VBOF,yakapin,VBOF
4509,nakatatanda|NNC,nakatatanda,NNC
4510,Natatakpan|VBTF,Natatakpan,VBTF
4511,device|FW,device,FW
4512,Grr|FW,Grr,FW
4513,kumukutikutitap|VBTR_VBAF,kumukutikutitap,VBTR_VBAF
4514,magtanin|VBTF,magtanin,VBTF
4515,ngayong|RBW_CCP,ngayong,RBW_CCP
4516,ibong|NNC_CCP,ibong,NNC_CCP
4517,서로|CDB,서로,CDB
4518,Dumadausdos|VBTR,Dumadausdos,VBTR
4519,must|FW,must,FW
4520,pagsipsip|NNC,pagsipsip,NNC
4521,matakilik|VBW,matakilik,VBW
4522,Ayoko|NNP,Ayoko,NNP
4523,ipinagyayabang|VBTS,ipinagyayabang,VBTS
4524,tsk|FW,tsk,FW
4525,inisip|VBTS,inisip,VBTS
4526,Aangi|NNP,Aangi,NNP
4527,langsiya|NNC,langsiya,NNC
4528,Funky|NNP,Funky,NNP
4529,maygagabay|VBW,maygagabay,VBW
4530,awa|NNC,awa,NNC
4531,parangal|NNC,parangal,NNC
4532,Langhap|NNP,Langhap,NNP
4533,masungit|JJD,masungit,JJD
4534,BILUHABA|NNPA,BILUHABA,NNPA
4535,umaga|NNC,umaga,NNC
4536,makauuwi|VBW,makauuwi,VBW
4537,koleksyon|NNC,koleksyon,NNC
4538,napakadali|JJCS_JJD,napakadali,JJCS_JJD
4539,videos|FW,videos,FW
4540,inspiration|FW,inspiration,FW
4541,Balabaw|NNC,Balabaw,NNC
4542,pagkilos|NNC,pagkilos,NNC
4543,nakangiting|RBD,nakangiting,RBD
4544,paalaala|NNC,paalaala,NNC
4545,napakabilis|JJCS_JJD,napakabilis,JJCS_JJD
4546,makapapasok|VBW,makapapasok,VBW
4547,nagdala|VBTS,nagdala,VBTS
4548,Dumaan|VBAF,Dumaan,VBAF
4549,ipinakitang|VBTS_CCP,ipinakitang,VBTS_CCP
4550,biik|NNC,biik,NNC
4551,Paakyat|RBD,Paakyat,RBD
4552,racket|NNC,racket,NNC
4553,like|FW,like,FW
4554,TagakKilalanin|NNP,TagakKilalanin,NNP
4555,Papasok|NNP,Papasok,NNP
4556,unahan|CDB,unahan,CDB
4557,Pagkalipas|VBW,Pagkalipas,VBW
4558,megapon|NNC,megapon,NNC
4559,pipilitin|VBTF,pipilitin,VBTF
4560,bibitbitin|VBTF,bibitbitin,VBTF
4561,Urgen|FW,Urgen,FW
4562,gupit|NNC,gupit,NNC
4563,siyang|PRS_CCP,siyang,PRS_CCP
4564,magasgatos|VBW,magasgatos,VBW
4565,ungol|NNC,ungol,NNC
4566,Napakaraming|VBTR_CCP,Napakaraming,VBTR_CCP
4567,lubhang|JJCS_CCP,lubhang,JJCS_CCP
4568,UNICEF|NNPA,UNICEF,NNPA
4569,nahabol|VBTS,nahabol,VBTS
4570,Napakabait|JJCS_JJD,Napakabait,JJCS_JJD
4571,Napalalaki|JJCS_JJD,Napalalaki,JJCS_JJD
4572,Magtanim|NNP,Magtanim,NNP
4573,nagkwento|VBTS,nagkwento,VBTS
4574,sakyan|VBOF,sakyan,VBOF
4575,sinaway|VBTS,sinaway,VBTS
4576,Pano|NNP,Pano,NNP
4577,paglilikas|VBW,paglilikas,VBW
4578,Pagkaraan|VBW,Pagkaraan,VBW
4579,paglikha|NNC,paglikha,NNC
4580,nakapaibabaw|VBTS,nakapaibabaw,VBTS
4581,bumubukas|VBTR_VBAF,bumubukas,VBTR_VBAF
4582,raw|RBI,raw,RBI
4583,Nabawi|VBTS,Nabawi,VBTS
4584,humiram|VBAF,humiram,VBAF
4585,malilit|JJD,malilit,JJD
4586,maghukay|VBTF,maghukay,VBTF
4587,gamitin|VBOF,gamitin,VBOF
4588,Pagpapadulas|NNP,Pagpapadulas,NNP
4589,pinili|VBOF,pinili,VBOF
4590,Nauntog|VBTS,Nauntog,VBTS
4591,dali|RBM,dali,RBM
4592,Kaaloo|NNP,Kaaloo,NNP
4593,Ginusto|VBTS,Ginusto,VBTS
4594,kailangan|NNC,kailangan,NNC
4595,Dotty|NNP,Dotty,NNP
4596,nagpahayag|VBTS,nagpahayag,VBTS
4597,pating|NNC,pating,NNC
4598,siyá|FW,siyá,FW
4599,matindi|JJD,matindi,JJD
4600,Maglalakbay|VBTF,Maglalakbay,VBTF
4601,Sokha|NNP,Sokha,NNP
4602,pogi|FW,pogi,FW
4603,pagdating|NNC,pagdating,NNC
4604,Patuloy|JJD,Patuloy,JJD
4605,StoryWeaver|FW,StoryWeaver,FW
4606,pinturahan|VBOF,pinturahan,VBOF
4607,nagpatuli|VBTS,nagpatuli,VBTS
4608,Napakalubha|VBTS,Napakalubha,VBTS
4609,Muting|NNP,Muting,NNP
4610,Maaga|JJD,Maaga,JJD
4611,Niyakap|NNP,Niyakap,NNP
4612,Communication|NNP,Communication,NNP
4613,magkaibigan|NNC,magkaibigan,NNC
4614,Bilangin|VBOF,Bilangin,VBOF
4615,krisis|NNC,krisis,NNC
4616,maliliksing|JJD_CCP,maliliksing,JJD_CCP
4617,Makapagbabakasyon|VBW,Makapagbabakasyon,VBW
4618,Kabini|FW,Kabini,FW
4619,sumipsip|VBTR_VBAF,sumipsip,VBTR_VBAF
4620,Napawi|NNP,Napawi,NNP
4621,pukyutang|NNC_CCP,pukyutang,NNC_CCP
4622,Risa|NNP,Risa,NNP
4623,MondulKaya|NNP,MondulKaya,NNP
4624,binantayan|VBTS,binantayan,VBTS
4625,Sunod|JJD,Sunod,JJD
4626,manggang|NNC_CCP,manggang,NNC_CCP
4627,saan|PRQ,saan,PRQ
4628,matingkad|JJD,matingkad,JJD
4629,naitaboy|VBTS,naitaboy,VBTS
4630,Hmmmm|NNP,Hmmmm,NNP
4631,matulungan|VBW,matulungan,VBW
4632,masarap|JJD,masarap,JJD
4633,nakumpirma|VBTS,nakumpirma,VBTS
4634,lumalakas|VBTR_VBAF,lumalakas,VBTR_VBAF
4635,masisilungan|JJD,masisilungan,JJD
4636,Itim|NNP,Itim,NNP
4637,Maung|NNP,Maung,NNP
4638,pagbibisikleta|NNC,pagbibisikleta,NNC
4639,minamasdan|VBTF,minamasdan,VBTF
4640,Natanaw|VBTS,Natanaw,VBTS
4641,grocery|FW,grocery,FW
4642,balyena|NNC,balyena,NNC
4643,Ang|DTC,Ang,DTC
4644,bibeIsang|NNC_CCP,bibeIsang,NNC_CCP
4645,water|FW,water,FW
4646,kinausap|FW,kinausap,FW
4647,Kiko|NNC,Kiko,NNC
4648,Batik|NNP,Batik,NNP
4649,WUSSHHH|NNPA,WUSSHHH,NNPA
4650,Ayun|NNP,Ayun,NNP
4651,sirena|NNC,sirena,NNC
4652,isilang|RBD_CCP,isilang,RBD_CCP
4653,diba|FW,diba,FW
4654,nakaipit|JJD,nakaipit,JJD
4655,niyog|NNC,niyog,NNC
4656,tapagayos|NNC,tapagayos,NNC
4657,Tumatagal|VBTR_VBAF,Tumatagal,VBTR_VBAF
4658,magpapabili|VBTF,magpapabili,VBTF
4659,Jimmy|NNP,Jimmy,NNP
4660,Naglakad|VBTS,Naglakad,VBTS
4661,pagdugtungin|VBW,pagdugtungin,VBW
4662,gintong|JJD_CCP,gintong,JJD_CCP
4663,paggalang|NNC,paggalang,NNC
4664,binabantayan|VBTR,binabantayan,VBTR
4665,Tali|NNP,Tali,NNP
4666,Mali|NNP,Mali,NNP
4667,Answers|NNP,Answers,NNP
4668,magdahan|VBTF,magdahan,VBTF
4669,patatsulok|NNC,patatsulok,NNC
4670,okra|NNC,okra,NNC
4671,konseho|NNC,konseho,NNC
4672,from|FW,from,FW
4673,iisip|VBOF,iisip,VBOF
4674,Pinigilan|VBTS,Pinigilan,VBTS
4675,galaw|NNC,galaw,NNC
4676,Tinatali|VBTS,Tinatali,VBTS
4677,ibinulong|VBOF,ibinulong,VBOF
4678,pinatay|VBTS,pinatay,VBTS
4679,salitang|NNC_CCP,salitang,NNC_CCP
4680,ipagdiwang|VBOB,ipagdiwang,VBOB
4681,ibinabad|VBOF,ibinabad,VBOF
4682,ano|RBQ,ano,RBQ
4683,glass|FW,glass,FW
4684,thoughts|FW,thoughts,FW
4685,ipapareho|VBOF,ipapareho,VBOF
4686,Turnilyo|NNP,Turnilyo,NNP
4687,magdilim|VBTF,magdilim,VBTF
4688,baluktot|NNC,baluktot,NNC
4689,Da|NNP,Da,NNP
4690,pagbabangayan|NNC,pagbabangayan,NNC
4691,nakipagtutulungan|VBTS,nakipagtutulungan,VBTS
4692,isyu|NNC,isyu,NNC
4693,Pa|NNPA,Pa,NNPA
4694,pasas|FW,pasas,FW
4695,bumabagsak|VBTR_VBAF,bumabagsak,VBTR_VBAF
4696,Nagseselos|VBTR,Nagseselos,VBTR
4697,paanan|NNC,paanan,NNC
4698,Musical|FW,Musical,FW
4699,iparada|VBOF,iparada,VBOF
4700,KLIKIK|NNPA,KLIKIK,NNPA
4701,Namuhay|VBTS,Namuhay,VBTS
4702,Thailand|NNP,Thailand,NNP
4703,pinakamabangis|JJCS_JJD,pinakamabangis,JJCS_JJD
4704,Story|NNP,Story,NNP
4705,sinuklian|VBOF,sinuklian,VBOF
4706,komersiyal|JJD,komersiyal,JJD
4707,dagundong|JJD,dagundong,JJD
4708,munang|RBW_CCP,munang,RBW_CCP
4709,Squeaky|NNP,Squeaky,NNP
4710,sinimulan|VBTS,sinimulan,VBTS
4711,magkaugnay|VBW,magkaugnay,VBW
4712,plato|NNC,plato,NNC
4713,Pinakamalakas|JJCS_JJD,Pinakamalakas,JJCS_JJD
4714,sandali|NNC,sandali,NNC
4715,어야합니다|NNC,어야합니다,NNC
4716,patagilid|RBD,patagilid,RBD
4717,noon|RBW,noon,RBW
4718,ibabalik|VBTF,ibabalik,VBTF
4719,South|NNP,South,NNP
4720,ginuhit|VBOF,ginuhit,VBOF
4721,nakawala|RBD,nakawala,RBD
4722,manganganak|VBTF,manganganak,VBTF
4723,Nagpdesisyon|NNP,Nagpdesisyon,NNP
4724,hinaharap|NNC,hinaharap,NNC
4725,Opo|NNP,Opo,NNP
4726,nakadidiring|JJD_CCP,nakadidiring,JJD_CCP
4727,matatalas|VBTF,matatalas,VBTF
4728,isagawa|VBOF,isagawa,VBOF
4729,hatiin|VBOF,hatiin,VBOF
4730,pamilyaat|NNC,pamilyaat,NNC
4731,sobreNang|NNC_CCP,sobreNang,NNC_CCP
4732,aasar|FW,aasar,FW
4733,soro|NNC,soro,NNC
4734,Tinawanan|VBOF,Tinawanan,VBOF
4735,kagat|FW,kagat,FW
4736,.|FW,.,FW
4737,Iniimbitahan|VBTS,Iniimbitahan,VBTS
4738,sinisigaw|VBTR,sinisigaw,VBTR
4739,pagkakaisa|NNC,pagkakaisa,NNC
4740,lansangan|NNC,lansangan,NNC
4741,kalayuang|JJD_CCP,kalayuang,JJD_CCP
4742,anghang|NNC,anghang,NNC
4743,pagsingaw|NNC,pagsingaw,NNC
4744,basurangito|NNC,basurangito,NNC
4745,Tuwang|NNP,Tuwang,NNP
4746,hiniling|VBOF,hiniling,VBOF
4747,platform|FW,platform,FW
4748,natutunan|VBTR,natutunan,VBTR
4749,Tumawag|VBAF,Tumawag,VBAF
4750,enlightenment|FW,enlightenment,FW
4751,Kulay|NNP,Kulay,NNP
4752,makapagtapos|VBW,makapagtapos,VBW
4753,Absala|NNP,Absala,NNP
4754,bantay|NNC,bantay,NNC
4755,hanggat|RBW,hanggat,RBW
4756,naghahagis|VBTR,naghahagis,VBTR
4757,nyo|NNC,nyo,NNC
4758,pipiliin|VBTF,pipiliin,VBTF
4759,-|PMS,-,PMS
4760,Rene|NNP,Rene,NNP
4761,sisne|FW,sisne,FW
4762,0k|CDB,0k,CDB
4763,tiyuhinTumakbo|NNC,tiyuhinTumakbo,NNC
4764,Raasu|NNP,Raasu,NNP
4765,matulis|JJD,matulis,JJD
4766,sinusuportahan|VBTR,sinusuportahan,VBTR
4767,kinausap|VBTS,kinausap,VBTS
4768,gugustohin|VBOF,gugustohin,VBOF
4769,magkakaibigan|VBTF,magkakaibigan,VBTF
4770,maligaya|RBD,maligaya,RBD
4771,kausap|JJD,kausap,JJD
4772,Bubuksan|VBTF,Bubuksan,VBTF
4773,Tumabi|VBTS_VBAF,Tumabi,VBTS_VBAF
4774,mababaw|JJD,mababaw,JJD
4775,ensayo|NNC,ensayo,NNC
4776,Ikaw|NNP,Ikaw,NNP
4777,kabundukang|NNC_CCP,kabundukang,NNC_CCP
4778,kilalang|JJD_CCP,kilalang,JJD_CCP
4779,Nabuhayan|VBTS,Nabuhayan,VBTS
4780,입니다|CDB,입니다,CDB
4781,bumaba|VBAF,bumaba,VBAF
4782,Devi|FW,Devi,FW
4783,partners|FW,partners,FW
4784,pangungutya|NNC,pangungutya,NNC
4785,pamahalaang|NNC_CCP,pamahalaang,NNC_CCP
4786,magkatulad|VBW,magkatulad,VBW
4787,hagikhik|NNC,hagikhik,NNC
4788,Jesi|NNP,Jesi,NNP
4789,karakter|NNC,karakter,NNC
4790,he|FW,he,FW
4791,lumipad|VBAF,lumipad,VBAF
4792,Hahanapin|VBTF,Hahanapin,VBTF
4793,These|NNP,These,NNP
4794,plays|FW,plays,FW
4795,lumba|NNC,lumba,NNC
4796,kumikislap|NNC,kumikislap,NNC
4797,nagsabog|VBTS,nagsabog,VBTS
4798,bilhan|CCT,bilhan,CCT
4799,pagdaka|VBW,pagdaka,VBW
4800,Iyak|NNP,Iyak,NNP
4801,Kapitbahay|NNC,Kapitbahay,NNC
4802,maniwala|VBW,maniwala,VBW
4803,kubo|NNC,kubo,NNC
4804,papelastik|NNC,papelastik,NNC
4805,babantayan|VBTF,babantayan,VBTF
4806,mangitlong|VBW_CCP,mangitlong,VBW_CCP
4807,rich|FW,rich,FW
4808,Sandali|RBW,Sandali,RBW
4809,calung|FW,calung,FW
4810,pagsusuri|NNC,pagsusuri,NNC
4811,Ama|NNC,Ama,NNC
4812,rumaragasang|NNC_CCP,rumaragasang,NNC_CCP
4813,Anansi|NNP,Anansi,NNP
4814,uuwi|JJD,uuwi,JJD
4815,Hagdan|NNP,Hagdan,NNP
4816,silong|NNC,silong,NNC
4817,two|FW,two,FW
4818,tulak|JJD,tulak,JJD
4819,madali|JJD,madali,JJD
4820,range|FW,range,FW
4821,nagkakamot|VBTR,nagkakamot,VBTR
4822,nakatatakbo|VBTR,nakatatakbo,VBTR
4823,dalang|JJD_CCP,dalang,JJD_CCP
4824,pitasin|NNC,pitasin,NNC
4825,Patukain|NNP,Patukain,NNP
4826,Kasaysayan|NNP,Kasaysayan,NNP
4827,Twain|NNP,Twain,NNP
4828,Pagputok|NNC,Pagputok,NNC
4829,diversity|FW,diversity,FW
4830,Nagagandahan|VBTR,Nagagandahan,VBTR
4831,Ooops|FW,Ooops,FW
4832,Psalamatan|NNP,Psalamatan,NNP
4833,lumuha|NNC,lumuha,NNC
4834,tumakbopalabas|VBAF,tumakbopalabas,VBAF
4835,palaman|NNC,palaman,NNC
4836,inabot|VBOF,inabot,VBOF
4837,magtulungan|VBW,magtulungan,VBW
4838,Pinaalalahan|VBTS,Pinaalalahan,VBTS
4839,Masaydong|NNP_CCP,Masaydong,NNP_CCP
4840,Kinindatan|NNP,Kinindatan,NNP
4841,Madaming|JJD_CCP,Madaming,JJD_CCP
4842,piyano|NNC,piyano,NNC
4843,sumilong|VBAF,sumilong,VBAF
4844,Dragonia|NNP,Dragonia,NNP
4845,uod|NNC,uod,NNC
4846,pala|NNC,pala,NNC
4847,masala|VBW,masala,VBW
4848,jelly|FW,jelly,FW
4849,Andyan|NNP,Andyan,NNP
4850,tagapagtanggol|NNC,tagapagtanggol,NNC
4851,PARIHABA|NNPA,PARIHABA,NNPA
4852,Iluko|NNC,Iluko,NNC
4853,tulong|NNC,tulong,NNC
4854,Ihinagis|VBTS,Ihinagis,VBTS
4855,Nisita|NNP,Nisita,NNP
4856,pambomba|NNC,pambomba,NNC
4857,dedikasyon|NNC,dedikasyon,NNC
4858,usupan|NNC,usupan,NNC
4859,kinakailangang|VBTR_CCP,kinakailangang,VBTR_CCP
4860,Bushi|NNP,Bushi,NNP
4861,Ginigising|JJD_CCP,Ginigising,JJD_CCP
4862,pumapagaspas|VBTR_VBAF,pumapagaspas,VBTR_VBAF
4863,hive|FW,hive,FW
4864,priority|FW,priority,FW
4865,nagsibabaan|VBTS,nagsibabaan,VBTS
4866,니다|NNC,니다,NNC
4867,kanela|NNC,kanela,NNC
4868,W|CDB,W,CDB
4869,a-doodle|FW,a-doodle,FW
4870,trarararat|FW,trarararat,FW
4871,abutan|VBOF,abutan,VBOF
4872,Naghatid|VBTS,Naghatid,VBTS
4873,mahuhusay|JJD,mahuhusay,JJD
4874,namumulot|VBTR,namumulot,VBTR
4875,malaki|RBD,malaki,RBD
4876,naman|RBI,naman,RBI
4877,Kumukuha|VBTR_VBAF,Kumukuha,VBTR_VBAF
4878,tinulungan|VBTS,tinulungan,VBTS
4879,tsunami|NNC,tsunami,NNC
4880,Nilalanghap|VBTR,Nilalanghap,VBTR
4881,lumilitaw|VBTR_VBAF,lumilitaw,VBTR_VBAF
4882,palutang|NNC,palutang,NNC
4883,Shrestha|FW,Shrestha,FW
4884,abestrus|NNC,abestrus,NNC
4885,sya|PRS,sya,PRS
4886,sayawin|VBOF,sayawin,VBOF
4887,Lola|NNC,Lola,NNC
4888,bangin|NNC,bangin,NNC
4889,babasa|FW,babasa,FW
4890,alok|NNC,alok,NNC
4891,dumami|VBAF,dumami,VBAF
4892,labanan|NNC,labanan,NNC
4893,hinawakan|VBOF,hinawakan,VBOF
4894,kaniyang|PRSP_CCP,kaniyang,PRSP_CCP
4895,Shah|NNP,Shah,NNP
4896,kilalanin|VBOF,kilalanin,VBOF
4897,Ghee|NNP,Ghee,NNP
4898,Lumitaw|VBAF,Lumitaw,VBAF
4899,nay|LM,nay,LM
4900,nahihiwagaang|VBTS_CCP,nahihiwagaang,VBTS_CCP
4901,gender|FW,gender,FW
4902,Noam|NNP,Noam,NNP
4903,malamlam|JJD,malamlam,JJD
4904,often|FW,often,FW
4905,pinainit|VBOF,pinainit,VBOF
4906,kamatayan|NNC,kamatayan,NNC
4907,Masi|NNP,Masi,NNP
4908,inaantok|VBTR,inaantok,VBTR
4909,inaagos|VBTR,inaagos,VBTR
4910,Bona|NNP,Bona,NNP
4911,BAHAY|NNPA,BAHAY,NNPA
4912,mhemhe|FW,mhemhe,FW
4913,Tinalian|VBOF,Tinalian,VBOF
4914,chewing|FW,chewing,FW
4915,MatsaAquisap|NNP,MatsaAquisap,NNP
4916,isaalang|VBTF,isaalang,VBTF
4917,saganoong|JJD_CCP,saganoong,JJD_CCP
4918,Ngiyaw|NNP,Ngiyaw,NNP
4919,napakakitid|JJCS_JJD,napakakitid,JJCS_JJD
4920,magtatawanan|VBTF,magtatawanan,VBTF
4921,inalok|VBOF,inalok,VBOF
4922,!!|CDB,!!,CDB
4923,magtatanim|VBTR_VBAF,magtatanim,VBTR_VBAF
4924,Marahil|RBM,Marahil,RBM
4925,Design|NNP,Design,NNP
4926,antilope|FW,antilope,FW
4927,50beses|CDB,50beses,CDB
4928,langhap|NNC,langhap,NNC
4929,palayaw|NNC,palayaw,NNC
4930,bird|FW,bird,FW
4931,Dinastiyang|NNP_CCP,Dinastiyang,NNP_CCP
4932,sayaw|NNC,sayaw,NNC
4933,Tumango|VBOF,Tumango,VBOF
4934,tumawa|VBAF,tumawa,VBAF
4935,iingat|VBTF,iingat,VBTF
4936,malasakit|NNC,malasakit,NNC
4937,iprito|NNC,iprito,NNC
4938,Bawal|NNP,Bawal,NNP
4939,Sherlock|NNP,Sherlock,NNP
4940,Pagtalon|NNC,Pagtalon,NNC
4941,Nak|RBD,Nak,RBD
4942,alambre|NNC,alambre,NNC
4943,Inom|NNP,Inom,NNP
4944,makukuhang|JJD_CCP,makukuhang,JJD_CCP
4945,Toutou|NNP,Toutou,NNP
4946,John|NNP,John,NNP
4947,mangagagwang|VBW_CCP,mangagagwang,VBW_CCP
4948,galamay|NNC,galamay,NNC
4949,Akda|NNP,Akda,NNP
4950,Lebo|NNP,Lebo,NNP
4951,mahilo|VBW,mahilo,VBW
4952,kinitang|VBTS_CCP,kinitang,VBTS_CCP
4953,distrito|NNC,distrito,NNC
4954,ipinunlang|VBTS_CCP,ipinunlang,VBTS_CCP
4955,가정살림|CDB,가정살림,CDB
4956,inikot|VBTS,inikot,VBTS
4957,Binuldoser|NNP,Binuldoser,NNP
4958,Madami|PRI,Madami,PRI
4959,tralala|NNC,tralala,NNC
4960,punta|RBT,punta,RBT
4961,Dambuhala|NNC,Dambuhala,NNC
4962,pagpapalaganap|NNC,pagpapalaganap,NNC
4963,Lobo|NNP,Lobo,NNP
4964,telepono|NNC,telepono,NNC
4965,Nauna|VBTS,Nauna,VBTS
4966,Litara|NNP,Litara,NNP
4967,paminsan|RBW,paminsan,RBW
4968,kinaroroonan|VBTR,kinaroroonan,VBTR
4969,pagkatango|NNC,pagkatango,NNC
4970,nagkonsensiya|VBTS,nagkonsensiya,VBTS
4971,Binalot|VBTS,Binalot,VBTS
4972,mayabang|JJD,mayabang,JJD
4973,magpahid|VBW,magpahid,VBW
4974,sabay|JJD,sabay,JJD
4975,isinusulat|VBTR,isinusulat,VBTR
4976,Pagkagising|VBW,Pagkagising,VBW
4977,City|NNP,City,NNP
4978,itatawag|VBTF,itatawag,VBTF
4979,banggitin|VBOF,banggitin,VBOF
4980,teksto|NNC,teksto,NNC
4981,United|NNP,United,NNP
4982,Ginagawa|VBTR,Ginagawa,VBTR
4983,Majuli|NNP,Majuli,NNP
4984,ikot|NNC,ikot,NNC
4985,Pinihit|NNP,Pinihit,NNP
4986,makakagawa|VBW,makakagawa,VBW
4987,raming|NNC_CCP,raming,NNC_CCP
4988,babaeng|JJD_CCP,babaeng,JJD_CCP
4989,Php|NNP,Php,NNP
4990,........|PMS,........,PMS
4991,naiintindihan|VBTR,naiintindihan,VBTR
4992,Nakangiting|RBD_CCP,Nakangiting,RBD_CCP
4993,pinakamabilis|JJCS_JJD,pinakamabilis,JJCS_JJD
4994,nananalo|VBTR,nananalo,VBTR
4995,pinatagilid|VBTR,pinatagilid,VBTR
4996,pangkaraniwang|JJD_CCP,pangkaraniwang,JJD_CCP
4997,Barker|NNP,Barker,NNP
4998,dating|JJD_CCP,dating,JJD_CCP
4999,Pagdiriwang|NNP_CCP,Pagdiriwang,NNP_CCP
5000,kahugis|NNC,kahugis,NNC
5001,Lumipat|VBAF,Lumipat,VBAF
5002,pagmumumog|NNC,pagmumumog,NNC
5003,Magalaw|VBTF,Magalaw,VBTF
5004,naibuga|VBTS,naibuga,VBTS
5005,nagkaganoon|VBTS,nagkaganoon,VBTS
5006,naiinitan|VBTR,naiinitan,VBTR
5007,Tsk|NNP,Tsk,NNP
5008,Madaling|RBD_CCP,Madaling,RBD_CCP
5009,paragliding|NNC,paragliding,NNC
5010,Magkano|VBW,Magkano,VBW
5011,liko|JJD,liko,JJD
5012,parating|RBW_CCP,parating,RBW_CCP
5013,Bagong|NNP_CCP,Bagong,NNP_CCP
5014,pinalitan|VBOF,pinalitan,VBOF
5015,more|FW,more,FW
5016,piliin|VBOF,piliin,VBOF
5017,pagkain|NNC,pagkain,NNC
5018,inilapit|VBTS,inilapit,VBTS
5019,pagsisipilyo|NNC,pagsisipilyo,NNC
5020,ikatlong|JJN_CCP,ikatlong,JJN_CCP
5021,Itinali|VBTS,Itinali,VBTS
5022,soro|JJD,soro,JJD
5023,bisperas|RBW,bisperas,RBW
5024,illustrators|FW,illustrators,FW
5025,Ayokong|RBD_CCP,Ayokong,RBD_CCP
5026,nagliliparan|VBTR,nagliliparan,VBTR
5027,kumplikadong|JJD_CCP,kumplikadong,JJD_CCP
5028,tumitigil|VBTR_VBAF,tumitigil,VBTR_VBAF
5029,Grrrr|FW,Grrrr,FW
5030,kumot|NNC,kumot,NNC
5031,terasa|NNC,terasa,NNC
5032,Anaya|NNP,Anaya,NNP
5033,magbuhat|VBW,magbuhat,VBW
5034,putikan|NNC,putikan,NNC
5035,pinagkukunan|VBTR_VBRF,pinagkukunan,VBTR_VBRF
5036,iangat|VBOF,iangat,VBOF
5037,malay|NNC,malay,NNC
5038,staff|FW,staff,FW
5039,Payapang|NNP_CCP,Payapang,NNP_CCP
5040,dagdagan|VBTF,dagdagan,VBTF
5041,srijanalaya.org|FW,srijanalaya.org,FW
5042,sabini|FW,sabini,FW
5043,hinigaan|VBOF,hinigaan,VBOF
5044,10x10lang|CDB,10x10lang,CDB
5045,kabigan|NNC,kabigan,NNC
5046,pagkalito|NNC,pagkalito,NNC
5047,beses|NNC,beses,NNC
5048,tinungo|VBOF,tinungo,VBOF
5049,dahilnagugutom|FW,dahilnagugutom,FW
5050,PAGTAPON|NNPA,PAGTAPON,NNPA
5051,Pakikipagsapalaran|NNP,Pakikipagsapalaran,NNP
5052,sinisigurongkumakain|VBTR,sinisigurongkumakain,VBTR
5053,multilingguwal|JJD,multilingguwal,JJD
5054,mamuti|VBW,mamuti,VBW
5055,Binibining|NNP,Binibining,NNP
5056,naliligo|VBTR,naliligo,VBTR
5057,세상의모든부모님들은아이들에게무한|CDB,세상의모든부모님들은아이들에게무한,CDB
5058,Lilang|NNP,Lilang,NNP
5059,kahit|CCT,kahit,CCT
5060,Prima|NNP,Prima,NNP
5061,Kingfisher|NNP,Kingfisher,NNP
5062,napasong|VBTS_CCP,napasong,VBTS_CCP
5063,aalinlangan|VBTF,aalinlangan,VBTF
5064,Sinugod|VBTS,Sinugod,VBTS
5065,dilaw|JJD,dilaw,JJD
5066,aalis|VBTF,aalis,VBTF
5067,magbubuhay|VBW,magbubuhay,VBW
5068,bakal|NNC,bakal,NNC
5069,hapon|RBW,hapon,RBW
5070,mabigat|JJD,mabigat,JJD
5071,Dipper|NNP,Dipper,NNP
5072,Nahiya|VBTS,Nahiya,VBTS
5073,nakapilipit|VBTS,nakapilipit,VBTS
5074,dami|NNC,dami,NNC
5075,Isinulat|VBOF,Isinulat,VBOF
5076,itulak|VBOF,itulak,VBOF
5077,malakasan|VBW,malakasan,VBW
5078,pagkit|NNC,pagkit,NNC
5079,indibidwal|NNC,indibidwal,NNC
5080,maghahanap|VBTF_VBAF,maghahanap,VBTF_VBAF
5081,namangha|VBTS,namangha,VBTS
5082,Tinny|NNP,Tinny,NNP
5083,kapani|NNC,kapani,NNC
5084,impormasyon|NNC,impormasyon,NNC
5085,Niyakap|VBTS,Niyakap,VBTS
5086,nangunguha|VBTR,nangunguha,VBTR
5087,umuubo|VBTR,umuubo,VBTR
5088,angkop|JJD,angkop,JJD
5089,magpapapayat|VBTF,magpapapayat,VBTF
5090,Mary|NNP,Mary,NNP
5091,rhino|NNC,rhino,NNC
5092,Koko|NNP,Koko,NNP
5093,Ibahagi|VBOF,Ibahagi,VBOF
5094,600pesos|CDB,600pesos,CDB
5095,mababatong|JJD_CCP,mababatong,JJD_CCP
5096,animator|FW,animator,FW
5097,ihanda|VBOF,ihanda,VBOF
5098,magbukang|VBW_CCP,magbukang,VBW_CCP
5099,balanse|NNC,balanse,NNC
5100,ginintuang|JJD_CCP,ginintuang,JJD_CCP
5101,Iniligtas|VBTS,Iniligtas,VBTS
5102,tumatagal|VBTR_VBAF,tumatagal,VBTR_VBAF
5103,fertilizer|FW,fertilizer,FW
5104,brotse|NNC,brotse,NNC
5105,pumulot|VBAF,pumulot,VBAF
5106,Malakas|RBD,Malakas,RBD
5107,Malungkot|JJD,Malungkot,JJD
5108,Marga|NNP,Marga,NNP
5109,Dagdag|CCU,Dagdag,CCU
5110,tita|NNC,tita,NNC
5111,Bikolnon|NNP,Bikolnon,NNP
5112,Naroon|PRL,Naroon,PRL
5113,madami|JJD,madami,JJD
5114,Inilapit|VBTS,Inilapit,VBTS
5115,natural|RBD,natural,RBD
5116,Inensayo|VBTS,Inensayo,VBTS
5117,palamig|JJD,palamig,JJD
5118,sinabi|VBTS_VBOF,sinabi,VBTS_VBOF
5119,Tribo|NNP,Tribo,NNP
5120,paglaruan|VBW,paglaruan,VBW
5121,ihabi|VBTF,ihabi,VBTF
5122,nila|PRP,nila,PRP
5123,nakipag|VBTS,nakipag,VBTS
5124,nakadama|VBTS,nakadama,VBTS
5125,Itinago|VBTS,Itinago,VBTS
5126,pagkakataon|NNC,pagkakataon,NNC
5127,throughout|FW,throughout,FW
5128,Gauri|NNP,Gauri,NNP
5129,mahalagang|JJD_CCP,mahalagang,JJD_CCP
5130,mahati|VBW,mahati,VBW
5131,Tumahimik|NNP,Tumahimik,NNP
5132,이야기를소개하는글을쓰게됐|CDB,이야기를소개하는글을쓰게됐,CDB
5133,namin|PRP,namin,PRP
5134,suportado|JJD,suportado,JJD
5135,AYAW|NNPA,AYAW,NNPA
5136,bukid|NNC,bukid,NNC
5137,pangalawang|JJN_CCP,pangalawang,JJN_CCP
5138,pagmamakaawa|VBW,pagmamakaawa,VBW
5139,Halikayo|NNP,Halikayo,NNP
5140,ngayo|NNC,ngayo,NNC
5141,napakamot|JJCS_JJD,napakamot,JJCS_JJD
5142,umaawit|VBTR_VBAF,umaawit,VBTR_VBAF
5143,poprotektahan|VBTF,poprotektahan,VBTF
5144,gawaan|NNC,gawaan,NNC
5145,stories|FW,stories,FW
5146,maaaring|VBS_CCP,maaaring,VBS_CCP
5147,nakamamanghang|VBTR_CCP,nakamamanghang,VBTR_CCP
5148,series|FW,series,FW
5149,punô|NNC,punô,NNC
5150,nakahugis|VBTS,nakahugis,VBTS
5151,Dumidikit|NNP,Dumidikit,NNP
5152,tumumba|VBAF,tumumba,VBAF
5153,atmga|NNC,atmga,NNC
5154,humalakhak|VBTR,humalakhak,VBTR
5155,Buhat|RBW,Buhat,RBW
5156,Nesa|NNP,Nesa,NNP
5157,isda|NNC,isda,NNC
5158,Nakagagapang|VBTR_CCP,Nakagagapang,VBTR_CCP
5159,makilala|VBW,makilala,VBW
5160,Ikaw|RBW,Ikaw,RBW
5161,timbangan.|FW,timbangan.,FW
5162,Napakabango|VBTS,Napakabango,VBTS
5163,Devi|NNC,Devi,NNC
5164,sagotBumalik|RBL_NNP,sagotBumalik,RBL_NNP
5165,Sonny|NNP,Sonny,NNP
5166,pinasok|VBOF,pinasok,VBOF
5167,Alamin|NNP,Alamin,NNP
5168,syang|RBD_CCP,syang,RBD_CCP
5169,nilundag|VBTS,nilundag,VBTS
5170,nakilala|VBTS,nakilala,VBTS
5171,pansulat|JJD,pansulat,JJD
5172,magic|NNC,magic,NNC
5173,Elephant|NNP,Elephant,NNP
5174,mabuhanging|JJD_CCP,mabuhanging,JJD_CCP
5175,Halley|NNP,Halley,NNP
5176,Tigre|NNP,Tigre,NNP
5177,asia|FW,asia,FW
5178,lulubog|JJD,lulubog,JJD
5179,niyasila|VBOF,niyasila,VBOF
5180,pumapansin|VBTR_VBAF,pumapansin,VBTR_VBAF
5181,palakasin|VBOF,palakasin,VBOF
5182,Ale|NNP,Ale,NNP
5183,istilo|NNC,istilo,NNC
5184,lisensya|NNC,lisensya,NNC
5185,magpapaandar|VBTF,magpapaandar,VBTF
5186,maalalahanin|JJD,maalalahanin,JJD
5187,miyural|FW,miyural,FW
5188,Umindak|NNP,Umindak,NNP
5189,mapagtuunan|VBW,mapagtuunan,VBW
5190,incubator|FW,incubator,FW
5191,sinabayan|VBOF,sinabayan,VBOF
5192,Pani|NNP,Pani,NNP
5193,magdulot|VBAF,magdulot,VBAF
5194,kagandahan|NNC,kagandahan,NNC
5195,hadlang|NNC,hadlang,NNC
5196,nagtatawanan|VBTR,nagtatawanan,VBTR
5197,aralin|VBOF,aralin,VBOF
5198,ikinalulugod|VBTR,ikinalulugod,VBTR
5199,eroplano.|NNC,eroplano.,NNC
5200,isipan|NNC,isipan,NNC
5201,pagtakas|VBW,pagtakas,VBW
5202,PNG|NNPA,PNG,NNPA
5203,pagtatapon|NNC,pagtatapon,NNC
5204,inimulat|VBTR,inimulat,VBTR
5205,pagbibiro|NNC,pagbibiro,NNC
5206,Katabi|JJD,Katabi,JJD
5207,kakabilang|JJD,kakabilang,JJD
5208,binisita|VBTS,binisita,VBTS
5209,parisukat|NNC,parisukat,NNC
5210,Ulang|NNC,Ulang,NNC
5211,ipaskil|VBOF,ipaskil,VBOF
5212,binucao|FW,binucao,FW
5213,natuwa|VBTS,natuwa,VBTS
5214,pagod|JJD,pagod,JJD
5215,sisidlan|NNC,sisidlan,NNC
5216,Kalikasan|NNP,Kalikasan,NNP
5217,Gumuhit|NNP,Gumuhit,NNP
5218,Wah|NNP,Wah,NNP
5219,makatuntong|VBW,makatuntong,VBW
5220,payapang|JJD_CCP,payapang,JJD_CCP
5221,kakaunti|JJD,kakaunti,JJD
5222,Arthritis|NNP,Arthritis,NNP
5223,Nagpraktis|VBTR,Nagpraktis,VBTR
5224,Fresh|NNP,Fresh,NNP
5225,humgingi|VBAF,humgingi,VBAF
5226,naku|NNP,naku,NNP
5227,machine|FW,machine,FW
5228,Stichting|NNC_CCP,Stichting,NNC_CCP
5229,sabi|VBS,sabi,VBS
5230,If|NNP,If,NNP
5231,giraffe|JJD,giraffe,JJD
5232,miss|FW,miss,FW
5233,agarang|RBD_CCP,agarang,RBD_CCP
5234,nakatulong|VBTS,nakatulong,VBTS
5235,kanal|NNC,kanal,NNC
5236,Ajii|NNP,Ajii,NNP
5237,Mataimtim|NNP,Mataimtim,NNP
5238,papalayo|NNC,papalayo,NNC
5239,masabing|VBW_CCP,masabing,VBW_CCP
5240,totoong|RBT_CCP,totoong,RBT_CCP
5241,Education|NNP,Education,NNP
5242,piumunta|JJN,piumunta,JJN
5243,aya|NNC,aya,NNC
5244,ipagaspas|VBOB,ipagaspas,VBOB
5245,magguguhit|VBW,magguguhit,VBW
5246,audio|FW,audio,FW
5247,Vietnam|NNP,Vietnam,NNP
5248,nakaunat|VBTS,nakaunat,VBTS
5249,lastiko|NNC,lastiko,NNC
5250,dahang|NNC_CCP,dahang,NNC_CCP
5251,kakayahang|NNC_CCP,kakayahang,NNC_CCP
5252,Wakas|NNP,Wakas,NNP
5253,Lubhang|JJCS_CCP,Lubhang,JJCS_CCP
5254,magmukhang|VBW_CCP,magmukhang,VBW_CCP
5255,iyung|PRO_CCP,iyung,PRO_CCP
5256,mahinahong|JJD_CCP,mahinahong,JJD_CCP
5257,Magkitakita|NNP,Magkitakita,NNP
5258,linya|NNC,linya,NNC
5259,Pumitas|NNP,Pumitas,NNP
5260,Pinilit|VBTS,Pinilit,VBTS
5261,tinangay|VBTS,tinangay,VBTS
5262,tinatamaan|VBTR,tinatamaan,VBTR
5263,umindak|VBAF,umindak,VBAF
5264,biruin|VBOF,biruin,VBOF
5265,auto|FW,auto,FW
5266,ugnayan|NNC,ugnayan,NNC
5267,matamlay|RBD,matamlay,RBD
5268,mantra|NNC,mantra,NNC
5269,sariwang|JJD_CCP,sariwang,JJD_CCP
5270,yumuko|VBAF,yumuko,VBAF
5271,Vision|NNP,Vision,NNP
5272,sobra|JJCS,sobra,JJCS
5273,Shrest|NNP,Shrest,NNP
5274,Dynasty|NNP,Dynasty,NNP
5275,Raymie|NNP,Raymie,NNP
5276,makakatayo|VBW,makakatayo,VBW
5277,저는베트남의아름다운바닷가도시하이퐁에서|PMS,저는베트남의아름다운바닷가도시하이퐁에서,PMS
5278,pagbabantay|NNC,pagbabantay,NNC
5279,sinusundan|VBTR,sinusundan,VBTR
5280,dwark|FW,dwark,FW
5281,siko|NNC,siko,NNC
5282,agarang|JJD_CCP,agarang,JJD_CCP
5283,ipamigay|VBOF,ipamigay,VBOF
5284,miryenda|NNC,miryenda,NNC
5285,Joke|NNP,Joke,NNP
5286,앞으로도이사업이많은이주여성들|CDB,앞으로도이사업이많은이주여성들,CDB
5287,mechanical|FW,mechanical,FW
5288,multong|NNC_CCP,multong,NNC_CCP
5289,napakaliit|JJCS_JJD,napakaliit,JJCS_JJD
5290,ginagabayan|VBTR,ginagabayan,VBTR
5291,pinakamatataas|JJCS_JJD,pinakamatataas,JJCS_JJD
5292,sagot|NNC,sagot,NNC
5293,sinalubong|VBOF,sinalubong,VBOF
5294,Kinakawayan|VBTS,Kinakawayan,VBTS
5295,naidudulot|VBTR,naidudulot,VBTR
5296,Berdeng|NNP,Berdeng,NNP
5297,nahihirapang|RBD_CCP,nahihirapang,RBD_CCP
5298,16pulgadang|CDB,16pulgadang,CDB
5299,pagbibihis|NNC,pagbibihis,NNC
5300,Nililinis|NNP,Nililinis,NNP
5301,Paf|NNP,Paf,NNP
5302,Nung|RBW,Nung,RBW
5303,kumpara|NNC,kumpara,NNC
5304,Plano|NNP,Plano,NNP
5305,mákináng|FW,mákináng,FW
5306,balde|JJD,balde,JJD
5307,nakahiga|VBTS,nakahiga,VBTS
5308,halaman|NNC,halaman,NNC
5309,Klap|NNP,Klap,NNP
5310,pakikipagsapalaranhabang|VBW_CCP,pakikipagsapalaranhabang,VBW_CCP
5311,Timor|NNP,Timor,NNP
5312,Sabi|VBW,Sabi,VBW
5313,kambing|NNC,kambing,NNC
5314,minorya|NNC,minorya,NNC
5315,pagsayaw|NNC,pagsayaw,NNC
5316,maruming|JJD_CCP,maruming,JJD_CCP
5317,nangungulila|VBTS,nangungulila,VBTS
5318,inoobserbahan|VBTR,inoobserbahan,VBTR
5319,KamaNakatanggap|NNP,KamaNakatanggap,NNP
5320,pinatingnan|VBOF,pinatingnan,VBOF
5321,nagmaneho|VBTS,nagmaneho,VBTS
5322,uniberso|NNC,uniberso,NNC
5323,Nay|NNCA,Nay,NNCA
5324,Sinungaling|JJD,Sinungaling,JJD
5325,parin|RBD,parin,RBD
5326,saating|JJD_CCP,saating,JJD_CCP
5327,anz|FW,anz,FW
5328,umimik|VBAF,umimik,VBAF
5329,nagsisipilyo|VBTR,nagsisipilyo,VBTR
5330,Kapatid|VBS,Kapatid,VBS
5331,angprofessional|FW,angprofessional,FW
5332,Sukatin|VBOF,Sukatin,VBOF
5333,Ruffy|NNP,Ruffy,NNP
5334,Kukunin|VBTF,Kukunin,VBTF
5335,hinalikan|VBOF,hinalikan,VBOF
5336,ginuguhit|NNC,ginuguhit,NNC
5337,aalala|VBTF,aalala,VBTF
5338,tatalunin|VBTF,tatalunin,VBTF
5339,bulsa|NNC,bulsa,NNC
5340,makakawala|VBW,makakawala,VBW
5341,Sarah|NNP,Sarah,NNP
5342,nangitim|VBTS,nangitim,VBTS
5343,kayang|PRSP_CCP,kayang,PRSP_CCP
5344,Sipol|NNP,Sipol,NNP
5345,Hindi|RBF,Hindi,RBF
5346,pari|NNC,pari,NNC
5347,Veena|NNP,Veena,NNP
5348,makakuha|VBW,makakuha,VBW
5349,lumapit|VBTS_VBAF,lumapit,VBTS_VBAF
5350,Magpalathala|NNP,Magpalathala,NNP
5351,PARISUKAT|NNP,PARISUKAT,NNP
5352,upang|CCB,upang,CCB
5353,maaga|RBD,maaga,RBD
5354,Estee|FW,Estee,FW
5355,board|FW,board,FW
5356,Tungkol|RBR,Tungkol,RBR
5357,alumahan|NNC,alumahan,NNC
5358,Draco|NNP,Draco,NNP
5359,boluntaryo|NNC,boluntaryo,NNC
5360,Dash|NNP,Dash,NNP
5361,Xay|NNP,Xay,NNP
5362,Tao|NNC,Tao,NNC
5363,Berdeng|JJD_CCP,Berdeng,JJD_CCP
5364,parihaba|NNC,parihaba,NNC
5365,known|FW,known,FW
5366,nakalalakad|VBTS,nakalalakad,VBTS
5367,ama|NNC,ama,NNC
5368,Rara|NNP,Rara,NNP
5369,Turo|NNP,Turo,NNP
5370,Iinom|NNP,Iinom,NNP
5371,nakalimutan|RBD,nakalimutan,RBD
5372,kadena|NNC,kadena,NNC
5373,maipasok|VBW,maipasok,VBW
5374,daliring|NNC_CCP,daliring,NNC_CCP
5375,nadaganan|VBTR,nadaganan,VBTR
5376,kapote|NNC,kapote,NNC
5377,pagkalampas|VBW,pagkalampas,VBW
5378,masasakit|JJD,masasakit,JJD
5379,Puchku|NNP,Puchku,NNP
5380,MAGSIPILYO|NNPA,MAGSIPILYO,NNPA
5381,nakangiti|VBTS,nakangiti,VBTS
5382,features|FW,features,FW
5383,Magbasa|VBW,Magbasa,VBW
5384,Buwan|NNP,Buwan,NNP
5385,pagtitipon|NNC,pagtitipon,NNC
5386,abot|NNC,abot,NNC
5387,Tip|NNC,Tip,NNC
5388,Walang|RBF,Walang,RBF
5389,UrgenDumating|NNC_CCP,UrgenDumating,NNC_CCP
5390,pagluluto|NNC,pagluluto,NNC
5391,gaas|NNC,gaas,NNC
5392,Cocoy|NNP,Cocoy,NNP
5393,propesyonal|JJD,propesyonal,JJD
5394,anunsyo|NNC,anunsyo,NNC
5395,tinuturo|VBTR,tinuturo,VBTR
5396,kasosyo|NNC,kasosyo,NNC
5397,orkidas|NNC,orkidas,NNC
5398,kumikilos|VBTR_VBAF,kumikilos,VBTR_VBAF
5399,maliwanag|JJD,maliwanag,JJD
5400,manantili|VBW,manantili,VBW
5401,pormal|RBD,pormal,RBD
5402,pasya|NNC,pasya,NNC
5403,parong|NNC_CCP,parong,NNC_CCP
5404,tikman|VBTS_VBOF,tikman,VBTS_VBOF
5405,Nagtatampok|VBTR,Nagtatampok,VBTR
5406,Yey|NNP,Yey,NNP
5407,only|FW,only,FW
5408,pumukpok|JJD,pumukpok,JJD
5409,tipakplong|NNC,tipakplong,NNC
5410,la|FW,la,FW
5411,Pat|NNP,Pat,NNP
5412,maririnig|VBTF,maririnig,VBTF
5413,and|CCA,and,CCA
5414,martilyo|NNC,martilyo,NNC
5415,Tinapon|VBOF,Tinapon,VBOF
5416,manakot|VBW,manakot,VBW
5417,Uunahan|VBOF,Uunahan,VBOF
5418,Mabubuhay|VBTF,Mabubuhay,VBTF
5419,Burma|NNP,Burma,NNP
5420,tradisyon|NNC,tradisyon,NNC
5421,Malayang|RBD_CCP,Malayang,RBD_CCP
5422,Sitang|NNC_CCP,Sitang,NNC_CCP
5423,lisensyadong|JJD_CCP,lisensyadong,JJD_CCP
5424,Dana|NNP,Dana,NNP
5425,magsasabi|VBTF,magsasabi,VBTF
5426,magsialisan|VBW,magsialisan,VBW
5427,magtotroso|VBW,magtotroso,VBW
5428,Lai|NNP,Lai,NNP
5429,angmga|JJD,angmga,JJD
5430,Halina|NNP,Halina,NNP
5431,Tinulak|VBTS,Tinulak,VBTS
5432,Pinagsisihan|VBTR_VBRF,Pinagsisihan,VBTR_VBRF
5433,aliwin|NNC,aliwin,NNC
5434,pababa|RBD,pababa,RBD
5435,nakatambak|VBTS,nakatambak,VBTS
5436,Inilapat|VBOL,Inilapat,VBOL
5437,bunso|NNC,bunso,NNC
5438,nakakadaan|VBTR,nakakadaan,VBTR
5439,pasamano|NNC,pasamano,NNC
5440,itinaboy|VBTS,itinaboy,VBTS
5441,Gulay|NNC,Gulay,NNC
5442,nakalalipad|VBTS,nakalalipad,VBTS
5443,presyon|NNC,presyon,NNC
5444,Hinaharang|VBTR,Hinaharang,VBTR
5445,nagyeyelong|VBTR_CCP,nagyeyelong,VBTR_CCP
5446,hinayaang|RBD_CCP,hinayaang,RBD_CCP
5447,maganda|JJD,maganda,JJD
5448,nilagay|VBOF,nilagay,VBOF
5449,Napisa|NNP,Napisa,NNP
5450,respeto|NNC,respeto,NNC
5451,nangagaling|VBTS,nangagaling,VBTS
5452,May|NNP,May,NNP
5453,Babu|NNP,Babu,NNP
5454,Asian|NNP,Asian,NNP
5455,kinasal|VBTS,kinasal,VBTS
5456,Magbigay|NNP,Magbigay,NNP
5457,biyenan|NNC,biyenan,NNC
5458,nakakagulat|VBTR,nakakagulat,VBTR
5459,Itapon|VBOF,Itapon,VBOF
5460,nagsibalikan|VBTS,nagsibalikan,VBTS
5461,pananim|NNC,pananim,NNC
5462,nagmamadaling|RBD_CCP,nagmamadaling,RBD_CCP
5463,ikutan|VBOF,ikutan,VBOF
5464,makalipad|VBW,makalipad,VBW
5465,mambubunong|NNC_CCP,mambubunong,NNC_CCP
5466,kalahok|NNC,kalahok,NNC
5467,Hinagilap|NNP,Hinagilap,NNP
5468,kanan|JJD,kanan,JJD
5469,kilala|JJD,kilala,JJD
5470,panlamig|NNC,panlamig,NNC
5471,dayami|PRI,dayami,PRI
5472,Tinignan|VBOF,Tinignan,VBOF
5473,gabi|NNC,gabi,NNC
5474,Mabangis|JJD,Mabangis,JJD
5475,papaya|NNC,papaya,NNC
5476,wikang|NNC_CCP,wikang,NNC_CCP
5477,Ministri|NNP,Ministri,NNP
5478,nakasarado|VBTS,nakasarado,VBTS
5479,umang|FW,umang,FW
5480,Year|NNP,Year,NNP
5481,pagbayarin|VBW,pagbayarin,VBW
5482,maipaliwanag|VBW,maipaliwanag,VBW
5483,Ardilya|NNP,Ardilya,NNP
5484,Brrr|NNP,Brrr,NNP
5485,titigil|VBTF,titigil,VBTF
5486,tiwala|NNC,tiwala,NNC
5487,gumuguhit|VBTR_VBAF,gumuguhit,VBTR_VBAF
5488,naisaulo|VBTS,naisaulo,VBTS
5489,tagadesinyo|NNC,tagadesinyo,NNC
5490,coronavirus|FW,coronavirus,FW
5491,partnership|FW,partnership,FW
5492,nag|NNCA,nag,NNCA
5493,tawag|NNC,tawag,NNC
5494,nalalanghap|VBTR,nalalanghap,VBTR
5495,Basmati|NNP,Basmati,NNP
5496,니다|NNCA,니다,NNCA
5497,clacks|FW,clacks,FW
5498,kalinisan|NNC,kalinisan,NNC
5499,KLIKIKIK|NNP,KLIKIKIK,NNP
5500,License|NNP,License,NNP
5501,aray|FW,aray,FW
5502,inaakay|VBTR,inaakay,VBTR
5503,nakaligtas|VBTS,nakaligtas,VBTS
5504,manipis|JJD,manipis,JJD
5505,nagkalkula|VBTS,nagkalkula,VBTS
5506,inilublob|VBTS,inilublob,VBTS
5507,ipinagtanggol|VBTS_VBOF,ipinagtanggol,VBTS_VBOF
5508,lumakas|VBAF,lumakas,VBAF
5509,where|FW,where,FW
5510,delikado|JJD,delikado,JJD
5511,matanda|JJD,matanda,JJD
5512,magkaroon|VBW,magkaroon,VBW
5513,tintin|FW,tintin,FW
5514,pinagmumulan|VBTR_VBRF,pinagmumulan,VBTR_VBRF
5515,Eh|NNP,Eh,NNP
5516,magdidilim|VBTF,magdidilim,VBTF
5517,Nagningning|VBTR,Nagningning,VBTR
5518,mapakali|VBW,mapakali,VBW
5519,Gagawa|NNP,Gagawa,NNP
5520,maipit|VBW,maipit,VBW
5521,ibonMahilig|VBTS_VBOF,ibonMahilig,VBTS_VBOF
5522,bakteryang|JJD_CCP,bakteryang,JJD_CCP
5523,datiles|NNC,datiles,NNC
5524,matapang|JJD,matapang,JJD
5525,AKO'Y|NNPA,AKO'Y,NNPA
5526,mabalitaang|RBD_CCP,mabalitaang,RBD_CCP
5527,nasugatang|VBTS_CCP,nasugatang,VBTS_CCP
5528,Rakhine|NNP,Rakhine,NNP
5529,nakasagot|VBTS,nakasagot,VBTS
5530,simpleng|JJD_CCP,simpleng,JJD_CCP
5531,mapagkukunang|VBW_CCP,mapagkukunang,VBW_CCP
5532,restawran|NNC,restawran,NNC
5533,ngkanyang|NNC_CCP,ngkanyang,NNC_CCP
5534,proyekto|NNC,proyekto,NNC
5535,2001hanggang|CDB,2001hanggang,CDB
5536,ginagaya|VBTR,ginagaya,VBTR
5537,baitang|NNC,baitang,NNC
5538,kumpanya|NNC,kumpanya,NNC
5539,Estée|NNP,Estée,NNP
5540,Natakot|VBTS,Natakot,VBTS
5541,Ibibigay|VBTF,Ibibigay,VBTF
5542,Hinahangaan|VBTR,Hinahangaan,VBTR
5543,kang|PRS_CCP,kang,PRS_CCP
5544,Ibibigay|VBOF,Ibibigay,VBOF
5545,then|FW,then,FW
5546,babalik|VBTF,babalik,VBTF
5547,makakapagturo|VBW,makakapagturo,VBW
5548,rambutan|NNC,rambutan,NNC
5549,Doon|PRL,Doon,PRL
5550,lalagyanan|NNC,lalagyanan,NNC
5551,gumagapang|RBD_CCP,gumagapang,RBD_CCP
5552,palaki|RBD,palaki,RBD
5553,Sawa|NNP,Sawa,NNP
5554,tasang|JJD_CCP,tasang,JJD_CCP
5555,balang|NNC,balang,NNC
5556,makabalik|VBW,makabalik,VBW
5557,nagutom|VBTS,nagutom,VBTS
5558,Bon|NNP,Bon,NNP
5559,hikayat|JJD,hikayat,JJD
5560,ibaba|JJD,ibaba,JJD
5561,Kong|NNP,Kong,NNP
5562,Bumili|VBTS_VBAF,Bumili,VBTS_VBAF
5563,effects|FW,effects,FW
5564,maiwang|VBTF_CCP,maiwang,VBTF_CCP
5565,manghihingi|VBW,manghihingi,VBW
5566,Umuulan|VBTR_VBAF,Umuulan,VBTR_VBAF
5567,Maliban|CCT,Maliban,CCT
5568,buslo|NNC,buslo,NNC
5569,kakayanin|VBTF,kakayanin,VBTF
5570,magaganap|VBTF,magaganap,VBTF
5571,Humagikgik|NNP,Humagikgik,NNP
5572,mákiná|NNC,mákiná,NNC
5573,kumakabog|JJD,kumakabog,JJD
5574,binayad|VBOF,binayad,VBOF
5575,ng|RBD,ng,RBD
5576,napipisa|VBTS,napipisa,VBTS
5577,nauunawaan|VBTR,nauunawaan,VBTR
5578,mapanganib|JJD,mapanganib,JJD
5579,bigla|NNC,bigla,NNC
5580,mabibigyan|VBTF,mabibigyan,VBTF
5581,humahanap|VBTR_VBAF,humahanap,VBTR_VBAF
5582,pulis|NNC,pulis,NNC
5583,maingay|JJD,maingay,JJD
5584,kagatin|FW,kagatin,FW
5585,bakit|RBQ,bakit,RBQ
5586,Veha|NNP,Veha,NNP
5587,panghimagas|NNC,panghimagas,NNC
5588,magagamit|VBTF,magagamit,VBTF
5589,kanyang|PRSP_CCP,kanyang,PRSP_CCP
5590,Sayaw|NNC,Sayaw,NNC
5591,nagpahinga|VBTS,nagpahinga,VBTS
5592,lady|FW,lady,FW
5593,babahing|NNC,babahing,NNC
5594,sumakay|VBAF,sumakay,VBAF
5595,Saang|JJD_CCP,Saang,JJD_CCP
5596,15green|CDB,15green,CDB
5597,Khamla|NNP,Khamla,NNP
5598,Naipit|VBTS,Naipit,VBTS
5599,Hinihila|VBOF,Hinihila,VBOF
5600,Koreano|NNP,Koreano,NNP
5601,nagpagaan|VBTS,nagpagaan,VBTS
5602,libu|FW,libu,FW
5603,isinauli|VBTS,isinauli,VBTS
5604,makahinga|VBW,makahinga,VBW
5605,kakila|JJD,kakila,JJD
5606,karumal|NNC,karumal,NNC
5607,Dagling|NNP,Dagling,NNP
5608,Napatitig|VBTS,Napatitig,VBTS
5609,criiik|FW,criiik,FW
5610,revision|FW,revision,FW
5611,bakterya|NNC,bakterya,NNC
5612,Wooosh|NNP,Wooosh,NNP
5613,inakyat|VBOF,inakyat,VBOF
5614,oyayi|NNC,oyayi,NNC
5615,tumugon|VBAF,tumugon,VBAF
5616,hinawi|VBOF,hinawi,VBOF
5617,pakinabang|NNC,pakinabang,NNC
5618,Alco|NNP,Alco,NNP
5619,nahuling|VBTS_CCP,nahuling,VBTS_CCP
5620,Matatag|RBD,Matatag,RBD
5621,Makaw|NNP,Makaw,NNP
5622,maramdaman|VBW,maramdaman,VBW
5623,Mithu|NNP,Mithu,NNP
5624,Arabian|NNP,Arabian,NNP
5625,itinutulak|VBTR,itinutulak,VBTR
5626,wag|RBF,wag,RBF
5627,desenyo|NNC,desenyo,NNC
5628,KATAPUSAN|NNPA,KATAPUSAN,NNPA
5629,libre|JJD,libre,JJD
5630,Gagamitin|VBTF,Gagamitin,VBTF
5631,ipinadala|VBTS,ipinadala,VBTS
5632,Nasindak|VBTS,Nasindak,VBTS
5633,pamati|NNC,pamati,NNC
5634,sisigla|VBTF,sisigla,VBTF
5635,imbitahang|RBD_CCP,imbitahang,RBD_CCP
5636,Wheew|NNP,Wheew,NNP
5637,nagbabantay|VBTR,nagbabantay,VBTR
5638,tandang|NNC_CCP,tandang,NNC_CCP
5639,Mahilig|RBD,Mahilig,RBD
5640,workshop|FW,workshop,FW
5641,mauubos|VBTF,mauubos,VBTF
5642,Nakaramdam|VBTS,Nakaramdam,VBTS
5643,pagpipiknik|NNC,pagpipiknik,NNC
5644,make|FW,make,FW
5645,kinakambyo|VBTR,kinakambyo,VBTR
5646,nahirapan|VBTS,nahirapan,VBTS
5647,possible|JJD,possible,JJD
5648,luntiangkardomono|NNC,luntiangkardomono,NNC
5649,abalang|JJD_CCP,abalang,JJD_CCP
5650,Bay|NNP,Bay,NNP
5651,napuntahan|VBTS,napuntahan,VBTS
5652,Lumayo|VBTS_VBAF,Lumayo,VBTS_VBAF
5653,Nectar|NNP,Nectar,NNP
5654,darating|VBTF,darating,VBTF
5655,simple|JJD,simple,JJD
5656,palay|NNC,palay,NNC
5657,pagkakita|VBW,pagkakita,VBW
5658,Mula|RBW,Mula,RBW
5659,Napakurap|VBTS,Napakurap,VBTS
5660,isinampay|VBTS,isinampay,VBTS
5661,pagpapagupit|NNC,pagpapagupit,NNC
5662,nasurpresa|VBTR,nasurpresa,VBTR
5663,Nakakita|VBTS,Nakakita,VBTS
5664,Anila|NNP,Anila,NNP
5665,lumulukso|FW,lumulukso,FW
5666,Nagawa|VBTS,Nagawa,VBTS
5667,mgapananaw|NNC,mgapananaw,NNC
5668,paaralanNaalala|VBW,paaralanNaalala,VBW
5669,magbilang|RBD_CCP,magbilang,RBD_CCP
5670,Kalubihan|NNP,Kalubihan,NNP
5671,enjoy|NNC,enjoy,NNC
5672,sinusubukang|RBD_CCP,sinusubukang,RBD_CCP
5673,.|NNPA,.,NNPA
5674,lumayas|VBAF,lumayas,VBAF
5675,pitaka|NNC,pitaka,NNC
5676,pinahirapan|VBTS,pinahirapan,VBTS
5677,Papa|NNP,Papa,NNP
5678,nakakatuwa|RBD,nakakatuwa,RBD
5679,naghahatid|VBTR,naghahatid,VBTR
5680,pagningning|NNC,pagningning,NNC
5681,umuusbong|VBTR_VBAF,umuusbong,VBTR_VBAF
5682,pagkababae|NNC,pagkababae,NNC
5683,Andhra|NNP,Andhra,NNP
5684,palipad|JJD,palipad,JJD
5685,Bago|RBW,Bago,RBW
5686,who|FW,who,FW
5687,CLMD|NNPA,CLMD,NNPA
5688,telang|NNC_CCP,telang,NNC_CCP
5689,handaan|NNC,handaan,NNC
5690,DIY|NNPA,DIY,NNPA
5691,tutang|NNC_CCP,tutang,NNC_CCP
5692,Wheeee|NNP,Wheeee,NNP
5693,squirrel|FW,squirrel,FW
5694,왜냐하면참가자모두가육아|CDB,왜냐하면참가자모두가육아,CDB
5695,magdiwang|VBW,magdiwang,VBW
5696,papalapit|JJD,papalapit,JJD
5697,AnaPinaghiwalay|NNP,AnaPinaghiwalay,NNP
5698,sukatin|VBOF,sukatin,VBOF
5699,Susundan|VBTF,Susundan,VBTF
5700,ruta|NNC,ruta,NNC
5701,karnabal|NNC,karnabal,NNC
5702,napatangkad|RBD,napatangkad,RBD
5703,nakalayo|VBTS,nakalayo,VBTS
5704,mangyayari|VBTF,mangyayari,VBTF
5705,bulaklak.pagkatapos|JJD,bulaklak.pagkatapos,JJD
5706,hat|NNC,hat,NNC
5707,pagsang|NNC,pagsang,NNC
5708,nautusan|VBTR,nautusan,VBTR
5709,Indonesian|NNP,Indonesian,NNP
5710,Tawag|VBS,Tawag,VBS
5711,ibinubuhos|VBTR,ibinubuhos,VBTR
5712,makapaghabi|VBW,makapaghabi,VBW
5713,hinihila|VBOF,hinihila,VBOF
5714,Nagmamadaling|VBTR,Nagmamadaling,VBTR
5715,Iloilo|CDB,Iloilo,CDB
5716,sariwa|RBD,sariwa,RBD
5717,namamana|VBTR,namamana,VBTR
5718,pinakamahal|JJCS_JJD,pinakamahal,JJCS_JJD
5719,kinang|VBOF_CCP,kinang,VBOF_CCP
5720,Nakahinga|RBD,Nakahinga,RBD
5721,Nakakapagod|VBTR,Nakakapagod,VBTR
5722,pinagising|VBRF,pinagising,VBRF
5723,naipinapakita|VBTS,naipinapakita,VBTS
5724,magagaling|JJD,magagaling,JJD
5725,Launder|NNP,Launder,NNP
5726,balahibong|JJD_CCP,balahibong,JJD_CCP
5727,Yumuko|VBAF,Yumuko,VBAF
5728,Pagsusulit|VBW,Pagsusulit,VBW
5729,paligid|JJD,paligid,JJD
5730,ibinuka|VBOF,ibinuka,VBOF
5731,martial|FW,martial,FW
5732,paligsahan|NNC,paligsahan,NNC
5733,How|NNP,How,NNP
5734,DING|NNPA,DING,NNPA
5735,lupang|NNC_CCP,lupang,NNC_CCP
5736,Natupok|VBTS,Natupok,VBTS
5737,Kumaripas|NNP,Kumaripas,NNP
5738,Aso|NNP,Aso,NNP
5739,makita|VBW,makita,VBW
5740,royal|JJD,royal,JJD
5741,matututuhan|VBW,matututuhan,VBW
5742,Sumang|NNP,Sumang,NNP
5743,cotton|FW,cotton,FW
5744,ruweda|NNC,ruweda,NNC
5745,humugot|VBAF,humugot,VBAF
5746,쯩|NNCA,쯩,NNCA
5747,flora|FW,flora,FW
5748,ninanais|VBTR,ninanais,VBTR
5749,pambu|NNC,pambu,NNC
5750,tatago|VBTF,tatago,VBTF
5751,nakapatong|VBTS,nakapatong,VBTS
5752,pakinggan|VBOF,pakinggan,VBOF
5753,nangangalaga|VBTR,nangangalaga,VBTR
5754,Drayber|NNP,Drayber,NNP
5755,sumali|VBAF,sumali,VBAF
5756,naiisip|VBTR,naiisip,VBTR
5757,Catherine|NNP,Catherine,NNP
5758,natira|VBTS,natira,VBTS
5759,Giraffe|NNP,Giraffe,NNP
5760,pinakain|VBOF,pinakain,VBOF
5761,karpa|NNC,karpa,NNC
5762,angkanilang|NNC_CCP,angkanilang,NNC_CCP
5763,kambing.nagsimula|NNC,kambing.nagsimula,NNC
5764,Sing|NNP,Sing,NNP
5765,Makikinig|VBTF,Makikinig,VBTF
5766,Gatun|NNP,Gatun,NNP
5767,…|NNCA,…,NNCA
5768,bubuo|VBTF,bubuo,VBTF
5769,opera|FW,opera,FW
5770,Katanungan|NNC,Katanungan,NNC
5771,KALIWA|NNPA,KALIWA,NNPA
5772,mabababang|JJD_CCP,mabababang,JJD_CCP
5773,tamsi|FW,tamsi,FW
5774,paaralan|NNC,paaralan,NNC
5775,dyaryo|NNC,dyaryo,NNC
5776,Inalo|VBOF,Inalo,VBOF
5777,ipapaliwanag|VBOF,ipapaliwanag,VBOF
5778,between|FW,between,FW
5779,sindihan|VBOF,sindihan,VBOF
5780,Matalinong|JJD_CCP,Matalinong,JJD_CCP
5781,amg|NNCA,amg,NNCA
5782,Nagdesisyon|VBTS,Nagdesisyon,VBTS
5783,Dagdag|JJD,Dagdag,JJD
5784,서로의지하며|CDB,서로의지하며,CDB
5785,nanaginip|VBTR,nanaginip,VBTR
5786,mukhang|JJD_CCP,mukhang,JJD_CCP
5787,madulas|VBW,madulas,VBW
5788,laban|NNC,laban,NNC
5789,Higher|NNP,Higher,NNP
5790,saffron|FW,saffron,FW
5791,Wangiri|NNP,Wangiri,NNP
5792,sundial|FW,sundial,FW
5793,mahigpit|JJD,mahigpit,JJD
5794,pagtabi|NNC,pagtabi,NNC
5795,nandagit|VBTS,nandagit,VBTS
5796,pagala|NNC,pagala,NNC
5797,Kalang|NNP,Kalang,NNP
5798,maipagmamalaki|VBW,maipagmamalaki,VBW
5799,Tingan|VBOF,Tingan,VBOF
5800,Pangarap|NNC,Pangarap,NNC
5801,Napaawit|VBTS,Napaawit,VBTS
5802,ligtas|JJD,ligtas,JJD
5803,Bubu|NNP,Bubu,NNP
5804,pagtatapat|VBW,pagtatapat,VBW
5805,Mabuti|VBTF,Mabuti,VBTF
5806,magpabakuna|VBW,magpabakuna,VBW
5807,nadinig|VBTS,nadinig,VBTS
5808,aanod|FW,aanod,FW
5809,patak|NNC,patak,NNC
5810,ituturo|VBTF,ituturo,VBTF
5811,sili|NNC,sili,NNC
5812,pangunahing|JJD_CCP,pangunahing,JJD_CCP
5813,Berde|NNP,Berde,NNP
5814,Sampalok|NNP,Sampalok,NNP
5815,NAGLIWANAG|NNPA,NAGLIWANAG,NNPA
5816,Tipaklong|NNC_CCP,Tipaklong,NNC_CCP
5817,lumusong|VBAF,lumusong,VBAF
5818,binababa|VBTR,binababa,VBTR
5819,sasadyain|VBTF,sasadyain,VBTF
5820,nagliyab|VBTS,nagliyab,VBTS
5821,Tamar|NNP,Tamar,NNP
5822,Naubusan|VBTS,Naubusan,VBTS
5823,Nagtanim|VBTS,Nagtanim,VBTS
5824,manatiling|RBD_CCP,manatiling,RBD_CCP
5825,kumakalam|VBTR_VBAF,kumakalam,VBTR_VBAF
5826,Wickramaratne|FW,Wickramaratne,FW
5827,nananatili|VBTR,nananatili,VBTR
5828,Iniabot|VBTS,Iniabot,VBTS
5829,kometaKometa|NNC,kometaKometa,NNC
5830,Haumea|NNP,Haumea,NNP
5831,Shoemaker|NNP,Shoemaker,NNP
5832,angkan|NNC,angkan,NNC
5833,Babalik|VBTF,Babalik,VBTF
5834,Binitawan|NNP,Binitawan,NNP
5835,Ginoo|NNC,Ginoo,NNC
5836,naidlip|VBTS,naidlip,VBTS
5837,Bayi|JJD,Bayi,JJD
5838,barbero|NNC,barbero,NNC
5839,Olin|NNP,Olin,NNP
5840,nangongolekta|VBTR,nangongolekta,VBTR
5841,kukuha|VBTF,kukuha,VBTF
5842,kaninang|NNC_CCP,kaninang,NNC_CCP
5843,kakainin|VBTF,kakainin,VBTF
5844,bumangon|VBAF,bumangon,VBAF
5845,Chaklis|NNP,Chaklis,NNP
5846,Pinagpatong|VBRF,Pinagpatong,VBRF
5847,to|FW,to,FW
5848,Osito|NNP,Osito,NNP
5849,entablado|NNC,entablado,NNC
5850,O.|NNPA,O.,NNPA
5851,Hindu|NNP,Hindu,NNP
5852,Puting|NNP,Puting,NNP
5853,gamiton|VBOF,gamiton,VBOF
5854,naniwala|VBTS,naniwala,VBTS
5855,aakalin|VBTF,aakalin,VBTF
5856,Bulwagan|NNC,Bulwagan,NNC
5857,magkakaklase|VBAF,magkakaklase,VBAF
5858,nakatingin|RBD,nakatingin,RBD
5859,magpainit|VBAF,magpainit,VBAF
5860,dumidilim|VBTR,dumidilim,VBTR
5861,pambata|JJD,pambata,JJD
5862,Manong|VBTF,Manong,VBTF
5863,letra|NNC,letra,NNC
5864,nadaramang|VBTS_CCP,nadaramang,VBTS_CCP
5865,kagat|NNC,kagat,NNC
5866,Navy|NNP,Navy,NNP
5867,nanatiling|VBTS_CCP,nanatiling,VBTS_CCP
5868,nakapuntos|VBTS,nakapuntos,VBTS
5869,pinaalalahanan|VBTS,pinaalalahanan,VBTS
5870,nagtuturo|VBTR,nagtuturo,VBTR
5871,makapagsulat|VBW,makapagsulat,VBW
5872,러시아에서온김알라입니다|CDB,러시아에서온김알라입니다,CDB
5873,Nainis|VBTS,Nainis,VBTS
5874,Ipinagpatuloy|VBTS,Ipinagpatuloy,VBTS
5875,Lingon|NNP,Lingon,NNP
5876,harapan|NNC,harapan,NNC
5877,magsuklay|VBW,magsuklay,VBW
5878,15x|CDB,15x,CDB
5879,…|FW,…,FW
5880,niligtas|VBTS,niligtas,VBTS
5881,makulimlim|JJD,makulimlim,JJD
5882,pwet|FW,pwet,FW
5883,halos|JJD,halos,JJD
5884,tiyakin|VBOF,tiyakin,VBOF
5885,husay|NNC,husay,NNC
5886,Mahigit|JJCC,Mahigit,JJCC
5887,Created|NNP,Created,NNP
5888,siBb|NNPA,siBb,NNPA
5889,kumportable|JJD,kumportable,JJD
5890,'s|NNC,'s,NNC
5891,Han|NNP,Han,NNP
5892,Ibinaon|VBTS,Ibinaon,VBTS
5893,mamukadkad|VBW,mamukadkad,VBW
5894,Bumali|NNP,Bumali,NNP
5895,nagkasagutan|VBTR,nagkasagutan,VBTR
5896,kamusta|NNC,kamusta,NNC
5897,Sasaktan|VBOF,Sasaktan,VBOF
5898,cock|FW,cock,FW
5899,pagpitas|NNC,pagpitas,NNC
5900,Ruskan|NNP,Ruskan,NNP
5901,hipong|NNC_CCP,hipong,NNC_CCP
5902,Napatalon|VBTS,Napatalon,VBTS
5903,Nobyembre|NNP,Nobyembre,NNP
5904,tig|FW,tig,FW
5905,Umiskor|VBTS,Umiskor,VBTS
5906,Ping|NNP,Ping,NNP
5907,aalaga|NNC,aalaga,NNC
5908,Pag|CCR,Pag,CCR
5909,–|PMS,–,PMS
5910,tindahan|NNC,tindahan,NNC
5911,Dahon|NNP,Dahon,NNP
5912,libangan|NNC,libangan,NNC
5913,naninira|VBTR,naninira,VBTR
5914,bang|RBM,bang,RBM
5915,manginain|VBTF,manginain,VBTF
5916,makapagpatuloy|VBW,makapagpatuloy,VBW
5917,mapalitan|VBW,mapalitan,VBW
5918,mutualism|FW,mutualism,FW
5919,napakalamig|JJCS_JJD,napakalamig,JJCS_JJD
5920,imbes|CCT,imbes,CCT
5921,ipon|NNC,ipon,NNC
5922,Pinuno|NNP,Pinuno,NNP
5923,…|NNP,…,NNP
5924,bituka|NNC,bituka,NNC
5925,maliwanang|JJD,maliwanang,JJD
5926,bigat|NNC,bigat,NNC
5927,hele|FW,hele,FW
5928,pleygrawnd|FW,pleygrawnd,FW
5929,Maingat|RBD,Maingat,RBD
5930,naiinggit|VBTR,naiinggit,VBTR
5931,Wooooosh|NNP,Wooooosh,NNP
5932,istorya|NNC,istorya,NNC
5933,laging|RBD_CCP,laging,RBD_CCP
5934,Naglagay|VBTS,Naglagay,VBTS
5935,lalabas|VBTF,lalabas,VBTF
5936,natupad|VBTS,natupad,VBTS
5937,ow|FW,ow,FW
5938,Volatile|NNP,Volatile,NNP
5939,karayom|NNC,karayom,NNC
5940,And|NNP,And,NNP
5941,nadulas|VBTS,nadulas,VBTS
5942,mahihinang|JJD_CCP,mahihinang,JJD_CCP
5943,pesos|NNC,pesos,NNC
5944,kahanga|NNC,kahanga,NNC
5945,Yodi|NNP,Yodi,NNP
5946,magsusulat|VBTF,magsusulat,VBTF
5947,magsasaing|VBW,magsasaing,VBW
5948,salin|NNC,salin,NNC
5949,itay|NNC,itay,NNC
5950,called|FW,called,FW
5951,pumalakpak|VBAF,pumalakpak,VBAF
5952,naglalagay|VBTR,naglalagay,VBTR
5953,Iniangat|VBTS,Iniangat,VBTS
5954,naiyak|VBTS,naiyak,VBTS
5955,ulalo|NNC,ulalo,NNC
5956,nagpulong|VBTS,nagpulong,VBTS
5957,selpon|NNC,selpon,NNC
5958,nanahimik|VBTS,nanahimik,VBTS
5959,paligsahang|NNC_CCP,paligsahang,NNC_CCP
5960,Malambing|RBD,Malambing,RBD
5961,Lakbayin|VBOF,Lakbayin,VBOF
5962,Sahid|NNP,Sahid,NNP
5963,Masipag|JJD,Masipag,JJD
5964,tindahang|NNC_CCP,tindahang,NNC_CCP
5965,Didikit|NNP,Didikit,NNP
5966,Sesh|NNP,Sesh,NNP
5967,paglalakad|NNC,paglalakad,NNC
5968,Jenggot|NNP,Jenggot,NNP
5969,Maligayang|JJD_CCP,Maligayang,JJD_CCP
5970,Splash|NNP,Splash,NNP
5971,Hinamon|VBOF,Hinamon,VBOF
5972,kong|PRS_CCP,kong,PRS_CCP
5973,Diwata|NNC,Diwata,NNC
5974,wasakin|VBOF,wasakin,VBOF
5975,kindat|VBOF,kindat,VBOF
5976,Surprise|NNP,Surprise,NNP
5977,kahugis|JJD,kahugis,JJD
5978,magisa|VBAF,magisa,VBAF
5979,dahan|RBD,dahan,RBD
5980,recently|FW,recently,FW
5981,tunguhin|VBTF_VBOF,tunguhin,VBTF_VBOF
5982,uusap|NNC,uusap,NNC
5983,nakayap|VBTS,nakayap,VBTS
5984,pagmamayabang|NNC,pagmamayabang,NNC
5985,edukasyon|NNC,edukasyon,NNC
5986,kukis|NNC,kukis,NNC
5987,isang|PRI_CCP,isang,PRI_CCP
5988,Lek|NNP,Lek,NNP
5989,bula|NNC,bula,NNC
5990,지구|NNCA,지구,NNCA
5991,lilang|NNC_CCP,lilang,NNC_CCP
5992,liryo|NNC,liryo,NNC
5993,tinangay|VBOF,tinangay,VBOF
5994,Sharealike|NNP,Sharealike,NNP
5995,Magligpit|VBTF,Magligpit,VBTF
5996,hawakan|VBOF,hawakan,VBOF
5997,ayaw|RBF,ayaw,RBF
5998,nakaramdaman|VBTS,nakaramdaman,VBTS
5999,armas|NNC,armas,NNC
6000,makalabas|VBW,makalabas,VBW
6001,Humanap|NNP,Humanap,NNP
6002,inilalagay|VBTR_VBOF,inilalagay,VBTR_VBOF
6003,matatanggap|VBTF,matatanggap,VBTF
6004,Ginulat|VBTS,Ginulat,VBTS
6005,igalaw|VBOF,igalaw,VBOF
6006,timog|JJD,timog,JJD
6007,opinyon|NNC,opinyon,NNC
6008,Munting|JJD_CCP,Munting,JJD_CCP
6009,ninyong|RBD_CCP,ninyong,RBD_CCP
6010,tumitig|VBAF,tumitig,VBAF
6011,Well|FW,Well,FW
6012,magnet|FW,magnet,FW
6013,Hinawak|NNP,Hinawak,NNP
6014,aw|NNCA,aw,NNCA
6015,Diary|NNP,Diary,NNP
6016,Inayos|VBOF,Inayos,VBOF
6017,pinakamahinang|JJCS_JJD_CCP,pinakamahinang,JJCS_JJD_CCP
6018,Mrigaja|NNP,Mrigaja,NNP
6019,Ntakot|VBTS,Ntakot,VBTS
6020,starfishsa|FW,starfishsa,FW
6021,Ropate|NNP,Ropate,NNP
6022,nasasagap|VBTR,nasasagap,VBTR
6023,Sitang|NNC,Sitang,NNC
6024,presko|JJD,presko,JJD
6025,naiwang|VBTS,naiwang,VBTS
6026,nakipaglaban|VBTS,nakipaglaban,VBTS
6027,Intaaaaannnn|NNP,Intaaaaannnn,NNP
6028,aklat|NNC,aklat,NNC
6029,pagdrowing|NNC,pagdrowing,NNC
6030,Sagot|NNP,Sagot,NNP
6031,tapang|NNC,tapang,NNC
6032,Hukayin|VBOF,Hukayin,VBOF
6033,kailan|PRQ,kailan,PRQ
6034,Riiing|NNP,Riiing,NNP
6035,pagpatak|VBW,pagpatak,VBW
6036,kweba|NNC,kweba,NNC
6037,Sinundan|VBTS,Sinundan,VBTS
6038,Sumama|VBAF,Sumama,VBAF
6039,pinaglapat|VBRF,pinaglapat,VBRF
6040,FaithBiglang|NNP,FaithBiglang,NNP
6041,nakapaloob|VBTS,nakapaloob,VBTS
6042,eksibisyon|NNC,eksibisyon,NNC
6043,sulat|NNC,sulat,NNC
6044,kabutihang|NNC_CCP,kabutihang,NNC_CCP
6045,Maria|NNP,Maria,NNP
6046,makahuli|VBW,makahuli,VBW
6047,ANil|NNP,ANil,NNP
6048,id|NNCA,id,NNCA
6049,labsak|NNC,labsak,NNC
6050,nagigising|VBTR_CCP,nagigising,VBTR_CCP
6051,mapahamak|VBW,mapahamak,VBW
6052,malambot|JJD,malambot,JJD
6053,Napatalon|NNP,Napatalon,NNP
6054,makakalangoypaibabaw|VBW,makakalangoypaibabaw,VBW
6055,paniguradong|NNC_CCP,paniguradong,NNC_CCP
6056,nanonood|VBTR,nanonood,VBTR
6057,butil|NNC,butil,NNC
6058,huminto|VBTS_VBAF,huminto,VBTS_VBAF
6059,Napakasarap|JJCS_JJD,Napakasarap,JJCS_JJD
6060,sumasabog|VBTR_VBAF,sumasabog,VBTR_VBAF
6061,karampatang|JJD_CCP,karampatang,JJD_CCP
6062,dinala|VBTS,dinala,VBTS
6063,dumating|VBAF,dumating,VBAF
6064,bumisita|VBAF,bumisita,VBAF
6065,inggit|NNC,inggit,NNC
6066,likha|NNC,likha,NNC
6067,kasaysayan|NNC,kasaysayan,NNC
6068,basketbol|NNC,basketbol,NNC
6069,Konseho|NNP,Konseho,NNP
6070,masyadong|JJCS_CCP,masyadong,JJCS_CCP
6071,naghahalu|VBTR,naghahalu,VBTR
6072,puzzle|NNC,puzzle,NNC
6073,ulasang|NNC_CCP,ulasang,NNC_CCP
6074,solusyon|NNC,solusyon,NNC
6075,Matamis|NNP,Matamis,NNP
6076,nagmakaawa|VBTS,nagmakaawa,VBTS
6077,nagmukha|VBTS,nagmukha,VBTS
6078,pagpatuloy|NNC,pagpatuloy,NNC
6079,paggulong|NNC,paggulong,NNC
6080,silá|JJD,silá,JJD
6081,resulta|NNC,resulta,NNC
6082,taas|NNC,taas,NNC
6083,Korean|NNP,Korean,NNP
6084,Tumango|NNP,Tumango,NNP
6085,giniginaw|VBOF,giniginaw,VBOF
6086,natatakpan|VBTR,natatakpan,VBTR
6087,어떠한방법으로도셀수없을정도로|CDB,어떠한방법으로도셀수없을정도로,CDB
6088,mula|RBL,mula,RBL
6089,Jupiter|NNP,Jupiter,NNP
6090,nakagawian|VBTS,nakagawian,VBTS
6091,itaas|NNC,itaas,NNC
6092,Inilalagay|VBTR,Inilalagay,VBTR
6093,rinig|FW,rinig,FW
6094,masiglang|JJD_CCP,masiglang,JJD_CCP
6095,angkop|NNC,angkop,NNC
6096,nakapapanakot|VBTS,nakapapanakot,VBTS
6097,walk|FW,walk,FW
6098,anestisya|NNC,anestisya,NNC
6099,Learn|NNP,Learn,NNP
6100,liwanag|NNC,liwanag,NNC
6101,Gumaganda|NNP,Gumaganda,NNP
6102,matiwasay|JJD,matiwasay,JJD
6103,maiba|VBW,maiba,VBW
6104,Noud|NNP,Noud,NNP
6105,Hinuhukay|VBTR,Hinuhukay,VBTR
6106,puwedeng|RBT_CCP,puwedeng,RBT_CCP
6107,pagpapahalaga|NNC,pagpapahalaga,NNC
6108,sil|FW,sil,FW
6109,nung|RBW,nung,RBW
6110,Nagiging|VBTR,Nagiging,VBTR
6111,Rumagasa|NNP,Rumagasa,NNP
6112,languyin|FW,languyin,FW
6113,kung|RBK,kung,RBK
6114,nakakagalaw|VBTR,nakakagalaw,VBTR
6115,A-L-A-S|CDB,A-L-A-S,CDB
6116,©|PMS,©,PMS
6117,pagsulat|NNC,pagsulat,NNC
6118,nagsasaboy|VBTR,nagsasaboy,VBTR
6119,Limang|JJN_CCP,Limang,JJN_CCP
6120,Layer|NNP,Layer,NNP
6121,It|NNP,It,NNP
6122,Ha|NNP,Ha,NNP
6123,nasaktan|VBTS,nasaktan,VBTS
6124,piyesta|NNC,piyesta,NNC
6125,makapal|JJD,makapal,JJD
6126,nakakabit|JJD,nakakabit,JJD
6127,Magagaling|JJD,Magagaling,JJD
6128,hagupit|NNC,hagupit,NNC
6129,dito.at|RBD,dito.at,RBD
6130,Molina|NNP,Molina,NNP
6131,kasing|JJC,kasing,JJC
6132,binata|NNC,binata,NNC
6133,pagtatampo|VBW,pagtatampo,VBW
6134,magsaya|VBAF,magsaya,VBAF
6135,mataas|RBD,mataas,RBD
6136,kastilyo|NNC,kastilyo,NNC
6137,kinalaman|NNC,kinalaman,NNC
6138,inilinya|NNC,inilinya,NNC
6139,Dodi|NNP,Dodi,NNP
6140,kasing|JJCC,kasing,JJCC
6141,Nikita|NNP,Nikita,NNP
6142,lumalawak|VBTR_VBAF,lumalawak,VBTR_VBAF
6143,sipain|VBOF,sipain,VBOF
6144,Sumugod|VBAF,Sumugod,VBAF
6145,Nakalilipad|VBTS,Nakalilipad,VBTS
6146,stress|NNC,stress,NNC
6147,Surendra|NNP,Surendra,NNP
6148,mabuting|JJD_CCP,mabuting,JJD_CCP
6149,publisher|NNC,publisher,NNC
6150,Ramanadha|NNP,Ramanadha,NNP
6151,aksidenteng|NNC_CCP,aksidenteng,NNC_CCP
6152,FoundationSuportado|NNP,FoundationSuportado,NNP
6153,Batuan|NNP,Batuan,NNP
6154,sandok|NNC,sandok,NNC
6155,itolumamig|VBTR,itolumamig,VBTR
6156,Itanim|VBOF,Itanim,VBOF
6157,Sinusundan|VBTR,Sinusundan,VBTR
6158,Katulad|JJC,Katulad,JJC
6159,isasalin|VBOF,isasalin,VBOF
6160,a-Dum|FW,a-Dum,FW
6161,Geeta|NNP,Geeta,NNP
6162,manghuli|VBW,manghuli,VBW
6163,pagtaguyod|NNC,pagtaguyod,NNC
6164,masunurin|JJD,masunurin,JJD
6165,Ngunit|CCT,Ngunit,CCT
6166,kabahayan|NNC,kabahayan,NNC
6167,pangungulila|VBW,pangungulila,VBW
6168,balon|NNC,balon,NNC
6169,gulat|JJD,gulat,JJD
6170,nakatirang|VBTS_CCP,nakatirang,VBTS_CCP
6171,ginagamit|VBTR_VBOF,ginagamit,VBTR_VBOF
6172,uling|NNC,uling,NNC
6173,Nanlaki|VBTS,Nanlaki,VBTS
6174,pamasahe|NNC,pamasahe,NNC
6175,nagtutungo|VBTR,nagtutungo,VBTR
6176,bote|NNC,bote,NNC
6177,iwasiwas|VBTS,iwasiwas,VBTS
6178,inay|VBOF,inay,VBOF
6179,aytulungan|NNC,aytulungan,NNC
6180,Pito|NNP,Pito,NNP
6181,ihip|FW,ihip,FW
6182,pinakawalan|VBOF,pinakawalan,VBOF
6183,saad|NNC,saad,NNC
6184,Natawa|NNP,Natawa,NNP
6185,nabangga|VBTS,nabangga,VBTS
6186,daglat|NNC,daglat,NNC
6187,Uy|NNP,Uy,NNP
6188,ipangako|VBOF,ipangako,VBOF
6189,Akoang|PRQ_CCP,Akoang,PRQ_CCP
6190,kuto|NNC,kuto,NNC
6191,다른사람과더품위있게소통하는힘|CDB,다른사람과더품위있게소통하는힘,CDB
6192,raketa|NNC,raketa,NNC
6193,lam|FW,lam,FW
6194,dinumihan|VBOF,dinumihan,VBOF
6195,lulusong|NNC,lulusong,NNC
6196,kasáma|CCR,kasáma,CCR
6197,matatas|JJD,matatas,JJD
6198,Pagmasdan|NNP,Pagmasdan,NNP
6199,naghihilamos|VBTR,naghihilamos,VBTR
6200,tumatanda|VBTR_VBAF,tumatanda,VBTR_VBAF
6201,special|FW,special,FW
6202,Sweet|NNP,Sweet,NNP
6203,Mabuti|JJD,Mabuti,JJD
6204,Nagpalipat|NNP,Nagpalipat,NNP
6205,Nakikiliti|VBTR,Nakikiliti,VBTR
6206,ibaba|VBTF,ibaba,VBTF
6207,ipa|NNC,ipa,NNC
6208,pong|JJD_CCP,pong,JJD_CCP
6209,manilo|NNC,manilo,NNC
6210,kuliplor|FW,kuliplor,FW
6211,Bulkang|NNP_CCP,Bulkang,NNP_CCP
6212,profit|FW,profit,FW
6213,parin|FW,parin,FW
6214,지금까지과학자들이온갖지식과지혜|FW,지금까지과학자들이온갖지식과지혜,FW
6215,Bawat|PRI,Bawat,PRI
6216,pinsala|NNC,pinsala,NNC
6217,Rose|NNP,Rose,NNP
6218,Sabihin|VBOF,Sabihin,VBOF
6219,nagdudulotng|VBTR,nagdudulotng,VBTR
6220,Pia|NNP,Pia,NNP
6221,prinsesa|NNC,prinsesa,NNC
6222,nakakapasong|JJD_CCP,nakakapasong,JJD_CCP
6223,tingin|NNC,tingin,NNC
6224,Kaaya|NNP,Kaaya,NNP
6225,dumudulas|VBAF,dumudulas,VBAF
6226,namili|VBTS,namili,VBTS
6227,•|PMS,•,PMS
6228,limitadong|JJD_CCP,limitadong,JJD_CCP
6229,masiguro|VBW,masiguro,VBW
6230,or|CCT,or,CCT
6231,baleen|FW,baleen,FW
6232,mama|NNC,mama,NNC
6233,lumabas|VBTS_VBAF,lumabas,VBTS_VBAF
6234,bagyo|NNC,bagyo,NNC
6235,24sa|CDB,24sa,CDB
6236,Hintay|NNP,Hintay,NNP
6237,punoNamumulaklak|NNC,punoNamumulaklak,NNC
6238,naantig|VBTS,naantig,VBTS
6239,tuta|NNC,tuta,NNC
6240,Testing|NNP,Testing,NNP
6241,sabon|NNC,sabon,NNC
6242,asawang|NNC_CCP,asawang,NNC_CCP
6243,mga|DTCP,mga,DTCP
6244,turuan|VBOF,turuan,VBOF
6245,pagputok|NNC,pagputok,NNC
6246,tigreSa|NNC,tigreSa,NNC
6247,boy|FW,boy,FW
6248,nahulaan|VBTS,nahulaan,VBTS
6249,Inuubos|VBTR,Inuubos,VBTR
6250,sanang|VBS_CCP,sanang,VBS_CCP
6251,Buzz|NNP,Buzz,NNP
6252,lal|FW,lal,FW
6253,Sumayaw|VBAF,Sumayaw,VBAF
6254,social|FW,social,FW
6255,정은주정리|CDB,정은주정리,CDB
6256,aytumakbo|NNC,aytumakbo,NNC
6257,Sher|NNP,Sher,NNP
6258,Cloves|NNP,Cloves,NNP
6259,especial|JJD,especial,JJD
6260,makakapal|JJD,makakapal,JJD
6261,pagiging|VBTR,pagiging,VBTR
6262,kawawang|NNC_CCP,kawawang,NNC_CCP
6263,magagandang|JJD_CCP,magagandang,JJD_CCP
6264,tala|NNC,tala,NNC
6265,masasaktan|VBW,masasaktan,VBW
6266,taaasssss|FW,taaasssss,FW
6267,nadatnan|VBTS,nadatnan,VBTS
6268,Woohoo|NNP,Woohoo,NNP
6269,instrumentong|NNC_CCP,instrumentong,NNC_CCP
6270,Kalahati|NNP,Kalahati,NNP
6271,panali|NNC,panali,NNC
6272,Namamatay|VBTR,Namamatay,VBTR
6273,mabuo|VBW,mabuo,VBW
6274,Humiga|VBAF,Humiga,VBAF
6275,determinadong|RBD_CCP,determinadong,RBD_CCP
6276,magpahuli|VBAF,magpahuli,VBAF
6277,bisig|NNC,bisig,NNC
6278,tuyo|JJD,tuyo,JJD
6279,GurungIsang|RBL_CCP,GurungIsang,RBL_CCP
6280,kuting|NNC,kuting,NNC
6281,naiinip|VBTR,naiinip,VBTR
6282,Balatik|NNP,Balatik,NNP
6283,pagtatanong|NNC,pagtatanong,NNC
6284,Ilayo|RBD,Ilayo,RBD
6285,nilagyan|VBOF,nilagyan,VBOF
6286,halamanang|NNC_CCP,halamanang,NNC_CCP
6287,hamong|NNC_CCP,hamong,NNC_CCP
6288,Alalang|NNP,Alalang,NNP
6289,proseso|NNC,proseso,NNC
6290,malalapit|JJD,malalapit,JJD
6291,makilahok|VBW,makilahok,VBW
6292,Napakasaya|NNP,Napakasaya,NNP
6293,Bishu|NNP,Bishu,NNP
6294,walisin|VBOF,walisin,VBOF
6295,naihulog|VBTS,naihulog,VBTS
6296,ulit|RBW,ulit,RBW
6297,lalim|NNC,lalim,NNC
6298,makinang|NNC_CCP,makinang,NNC_CCP
6299,Kasalanan|NNP,Kasalanan,NNP
6300,kamoteng|NNC,kamoteng,NNC
6301,papalabas|VBTF,papalabas,VBTF
6302,WALA|NNPA,WALA,NNPA
6303,katamtamang|JJD_CCP,katamtamang,JJD_CCP
6304,sako|NNC,sako,NNC
6305,namutla|FW,namutla,FW
6306,Bangalore|NNP,Bangalore,NNP
6307,Iwan|VBOF,Iwan,VBOF
6308,mabubuting|JJD_CCP,mabubuting,JJD_CCP
6309,napakaingay|JJCS_JJD,napakaingay,JJCS_JJD
6310,pabrika|NNC,pabrika,NNC
6311,Dumapo|VBAF,Dumapo,VBAF
6312,daklot|NNC,daklot,NNC
6313,Aming|NNP,Aming,NNP
6314,Nahihiya|VBTS,Nahihiya,VBTS
6315,tuba|NNC,tuba,NNC
6316,Tiniklop|VBTS,Tiniklop,VBTS
6317,Biglang|RBD_CCP,Biglang,RBD_CCP
6318,gaanong|PRC_CCP,gaanong,PRC_CCP
6319,kinakain|VBTR,kinakain,VBTR
6320,bumuo|VBAF,bumuo,VBAF
6321,하나뿐인지구|CDB,하나뿐인지구,CDB
6322,estanteng|NNC_CCP,estanteng,NNC_CCP
6323,tatalon|VBTF,tatalon,VBTF
6324,!|PMS,!,PMS
6325,Dear|NNP,Dear,NNP
6326,leeg|NNC,leeg,NNC
6327,nailalarawan|VBTS,nailalarawan,VBTS
6328,ginagawa|VBTR,ginagawa,VBTR
6329,Samnang|NNP,Samnang,NNP
6330,Bitawan|VBOF,Bitawan,VBOF
6331,mainit|JJD,mainit,JJD
6332,tonle|FW,tonle,FW
6333,Eto|PRO,Eto,PRO
6334,talento|NNC,talento,NNC
6335,Matibay|JJD,Matibay,JJD
6336,maigi|VBW,maigi,VBW
6337,Nepali|VBTS,Nepali,VBTS
6338,bulalas|VBTS,bulalas,VBTS
6339,pagsisikap|NNC,pagsisikap,NNC
6340,yan|PRO,yan,PRO
6341,centerMission|FW,centerMission,FW
6342,talo|NNC,talo,NNC
6343,Ghadarrr|NNP,Ghadarrr,NNP
6344,Hinubad|VBOF,Hinubad,VBOF
6345,Sampaguita|NNP,Sampaguita,NNP
6346,magkakasamang|VBTR_CCP,magkakasamang,VBTR_CCP
6347,nakapagdilig|VBTS,nakapagdilig,VBTS
6348,dinaanan|VBOF,dinaanan,VBOF
6349,Makatutulong|VBW,Makatutulong,VBW
6350,malaos|JJD,malaos,JJD
6351,Bungi|NNP,Bungi,NNP
6352,U.|NNPA,U.,NNPA
6353,mahiwagang|JJD_CCP,mahiwagang,JJD_CCP
6354,programangTayo|NNP,programangTayo,NNP
6355,tinipid|VBOF,tinipid,VBOF
6356,lumuha|VBAF,lumuha,VBAF
6357,tik|NNCA,tik,NNCA
6358,tinutungo|VBTR,tinutungo,VBTR
6359,Poli|NNP,Poli,NNP
6360,pinapanood|VBTR,pinapanood,VBTR
6361,nasasabik|VBTR,nasasabik,VBTR
6362,bandana|NNC,bandana,NNC
6363,alintana|JJD,alintana,JJD
6364,bawal|JJD,bawal,JJD
6365,paghihingalo|NNC,paghihingalo,NNC
6366,sumbat|NNC,sumbat,NNC
6367,dilawDilaw|VBTR,dilawDilaw,VBTR
6368,Ingkong|NNP,Ingkong,NNP
6369,y|FW,y,FW
6370,Binabangungot|VBTR,Binabangungot,VBTR
6371,Amerika|NNP,Amerika,NNP
6372,Pinupuno|NNP,Pinupuno,NNP
6373,mapagmalasakit|JJD,mapagmalasakit,JJD
6374,Telecom|NNP,Telecom,NNP
6375,nagkantahan|VBTS,nagkantahan,VBTS
6376,Ninanais|VBTR,Ninanais,VBTR
6377,화구연대회등에참여하는것을좋아했습니다|NNC,화구연대회등에참여하는것을좋아했습니다,NNC
6378,WAKAS|NNPA,WAKAS,NNPA
6379,kutson|NNC,kutson,NNC
6380,ipabahaghi|VBOF,ipabahaghi,VBOF
6381,spice|FW,spice,FW
6382,Mismong|NNP_CCP,Mismong,NNP_CCP
6383,pagtataas|NNC,pagtataas,NNC
6384,manok|NNC,manok,NNC
6385,GASUKLAYIsang|JJD_CCP,GASUKLAYIsang,JJD_CCP
6386,bilhin|VBOF,bilhin,VBOF
6387,Naaliw|VBTS,Naaliw,VBTS
6388,Inilagay|VBTS,Inilagay,VBTS
6389,palagi|RBW,palagi,RBW
6390,hanay|NNC,hanay,NNC
6391,mikropono|NNC,mikropono,NNC
6392,tatlo|CDB,tatlo,CDB
6393,huwag|RBF,huwag,RBF
6394,lana|NNC,lana,NNC
6395,Basha|FW,Basha,FW
6396,makalanghap|VBW,makalanghap,VBW
6397,kilabot|NNC,kilabot,NNC
6398,nagkakasakit|VBTR,nagkakasakit,VBTR
6399,makaiwas|VBW,makaiwas,VBW
6400,Woooooo|NNP,Woooooo,NNP
6401,OO|NNPA,OO,NNPA
6402,Development|NNP,Development,NNP
6403,nababasa|VBTR,nababasa,VBTR
6404,pinalamutian|VBTS,pinalamutian,VBTS
6405,Maawa|VBTF,Maawa,VBTF
6406,planeta|NNC,planeta,NNC
6407,Paikot|JJD,Paikot,JJD
6408,umibig|VBAF,umibig,VBAF
6409,paper|FW,paper,FW
6410,tuluyang|RBD_CCP,tuluyang,RBD_CCP
6411,together|FW,together,FW
6412,antayin|VBOF,antayin,VBOF
6413,matatalinong|JJD_CCP,matatalinong,JJD_CCP
6414,palaisdaan|NNC,palaisdaan,NNC
6415,Pinadalahan|VBOF,Pinadalahan,VBOF
6416,kamaysa|NNC,kamaysa,NNC
6417,이런힘을가지고있지요|CDB,이런힘을가지고있지요,CDB
6418,sample|NNC,sample,NNC
6419,sorbetes|NNC,sorbetes,NNC
6420,pinansin|VBOF,pinansin,VBOF
6421,malalawak|JJD,malalawak,JJD
6422,komunikasyon|NNC,komunikasyon,NNC
6423,Pwede|VBS,Pwede,VBS
6424,Goby|NNP,Goby,NNP
6425,tanaw|JJD,tanaw,JJD
6426,editor|NNC,editor,NNC
6427,Tecoma|NNP,Tecoma,NNP
6428,masagot|VBW,masagot,VBW
6429,makatulong|VBW,makatulong,VBW
6430,perspectives|FW,perspectives,FW
6431,pinagpuputol|VBRF,pinagpuputol,VBRF
6432,Charitable|NNP,Charitable,NNP
6433,ginhawa|NNC,ginhawa,NNC
6434,Buweno|NNP,Buweno,NNP
6435,mandaragit|NNC,mandaragit,NNC
6436,radyong|NNC_CCP,radyong,NNC_CCP
6437,maghabi|VBW,maghabi,VBW
6438,there|FW,there,FW
6439,end|FW,end,FW
6440,bilimbi|FW,bilimbi,FW
6441,gayun|PRC,gayun,PRC
6442,Lalabas|VBTF,Lalabas,VBTF
6443,Matamis|JJD,Matamis,JJD
6444,pagkahilig|NNC,pagkahilig,NNC
6445,paglambot|NNC,paglambot,NNC
6446,karera|NNC,karera,NNC
6447,immune|FW,immune,FW
6448,itinatanim|VBTR,itinatanim,VBTR
6449,Nakakaramdam|VBTR,Nakakaramdam,VBTR
6450,makakabalik|VBTF,makakabalik,VBTF
6451,Bilog|NNP,Bilog,NNP
6452,ubas|NNC,ubas,NNC
6453,basahan|VBTS_VBOF,basahan,VBTS_VBOF
6454,ducky|FW,ducky,FW
6455,maipahayag|VBW,maipahayag,VBW
6456,patigil|VBW,patigil,VBW
6457,binati|VBOF,binati,VBOF
6458,Mahimbing|JJD,Mahimbing,JJD
6459,anemone|FW,anemone,FW
6460,Kartik|NNP,Kartik,NNP
6461,paggapang|NNC_CCP,paggapang,NNC_CCP
6462,kamusta|JJD,kamusta,JJD
6463,akyatin|VBOF,akyatin,VBOF
6464,Binuhol|VBOF,Binuhol,VBOF
6465,Boltu|NNP,Boltu,NNP
6466,umiilaw|VBTR_VBAF,umiilaw,VBTR_VBAF
6467,tabagak|NNC,tabagak,NNC
6468,Mukha|NNP,Mukha,NNP
6469,Inang|NNP_CCP,Inang,NNP_CCP
6470,pangkasal|JJD,pangkasal,JJD
6471,nagtago|VBTS,nagtago,VBTS
6472,kalaking|JJD_CCP,kalaking,JJD_CCP
6473,binibilisan|VBTR,binibilisan,VBTR
6474,Ibinenta|VBTS,Ibinenta,VBTS
6475,madepensahan|VBW,madepensahan,VBW
6476,김다솔그림|CDB,김다솔그림,CDB
6477,refugee|NNC,refugee,NNC
6478,Sinabuyan|VBOF,Sinabuyan,VBOF
6479,kalabog|PRI_CCP,kalabog,PRI_CCP
6480,salad|FW,salad,FW
6481,lilang|NNC,lilang,NNC
6482,Pinga|NNP,Pinga,NNP
6483,bughaw|JJD,bughaw,JJD
6484,23iba|CDB,23iba,CDB
6485,Association|NNP,Association,NNP
6486,butong|JJD_CCP,butong,JJD_CCP
6487,umiikot|VBTR_VBAF,umiikot,VBTR_VBAF
6488,Kasabay|CCB,Kasabay,CCB
6489,karapatang|NNC_CCP,karapatang,NNC_CCP
6490,alerto|JJD,alerto,JJD
6491,hanga|JJD,hanga,JJD
6492,pagsasabon|NNC,pagsasabon,NNC
6493,IAU|NNPA,IAU,NNPA
6494,Ipagpalagay|VBTR,Ipagpalagay,VBTR
6495,Ruby|NNP,Ruby,NNP
6496,nagkuha|VBTS,nagkuha,VBTS
6497,destinasyon|NNC,destinasyon,NNC
6498,negosyong|NNC_CCP,negosyong,NNC_CCP
6499,Ondoy|NNP,Ondoy,NNP
6500,nasira|VBTS,nasira,VBTS
6501,manatili|VBW,manatili,VBW
6502,Mamaya|RBW,Mamaya,RBW
6503,espasyo|NNC,espasyo,NNC
6504,pinalilipad|VBTS,pinalilipad,VBTS
6505,Gising|JJD,Gising,JJD
6506,matignan|VBW,matignan,VBW
6507,kutob|NNC,kutob,NNC
6508,tinulungan|VBOF,tinulungan,VBOF
6509,pastol|NNC,pastol,NNC
6510,sumalpok|VBAF,sumalpok,VBAF
6511,alkohol|NNC,alkohol,NNC
6512,tanging|JJD_CCP,tanging,JJD_CCP
6513,Hehe|RBF,Hehe,RBF
6514,papayag|VBTF,papayag,VBTF
6515,Nakakakita|VBTR,Nakakakita,VBTR
6516,nai|FW,nai,FW
6517,Kumapit|VBTS_VBAF,Kumapit,VBTS_VBAF
6518,pamamalengke|NNC,pamamalengke,NNC
6519,nakakakalmang|JJD_CCP,nakakakalmang,JJD_CCP
6520,nakikipaglaro|VBTR,nakikipaglaro,VBTR
6521,sumimangot|VBTR_VBAF,sumimangot,VBTR_VBAF
6522,banda|NNC,banda,NNC
6523,kadam|NNC,kadam,NNC
6524,masisipag|JJD,masisipag,JJD
6525,magkasya|VBAF,magkasya,VBAF
6526,Tinitigan|VBOF,Tinitigan,VBOF
6527,katawang|NNC_CCP,katawang,NNC_CCP
6528,pinigilan|VBTS,pinigilan,VBTS
6529,maalala|VBW,maalala,VBW
6530,entertainment|FW,entertainment,FW
6531,nagpapatunay|VBTR,nagpapatunay,VBTR
6532,kinadidikitan|VBOF,kinadidikitan,VBOF
6533,nakapaligid|RBD,nakapaligid,RBD
6534,ganitong|PRC_CCP,ganitong,PRC_CCP
6535,Estée|FW,Estée,FW
6536,Napananatili|VBTR,Napananatili,VBTR
6537,Pumunta|VBAF,Pumunta,VBAF
6538,nakapaghapunan|VBTS,nakapaghapunan,VBTS
6539,limliman|VBOF,limliman,VBOF
6540,gumagaling|VBTR_VBAF,gumagaling,VBTR_VBAF
6541,poisonous|FW,poisonous,FW
6542,Soo|FW,Soo,FW
6543,napatingala|VBTS,napatingala,VBTS
6544,maipagpatuloy|VBW,maipagpatuloy,VBW
6545,nagpabago|VBTS,nagpabago,VBTS
6546,kabila|JJD,kabila,JJD
6547,medyas|NNC,medyas,NNC
6548,hilig|NNC,hilig,NNC
6549,Uncle|NNP,Uncle,NNP
6550,masukal|JJD,masukal,JJD
6551,posible|RBT,posible,RBT
6552,mapa|NNC,mapa,NNC
6553,Nawawala|VBTR,Nawawala,VBTR
6554,Pinatalbog|VBTR,Pinatalbog,VBTR
6555,lagusan|NNC,lagusan,NNC
6556,paghampas|NNC,paghampas,NNC
6557,Panama|NNP,Panama,NNP
6558,dahang|RBD_CCP,dahang,RBD_CCP
6559,kumustahin|VBOF,kumustahin,VBOF
6560,Sports|NNP,Sports,NNP
6561,iguhit|VBOF,iguhit,VBOF
6562,ate|NNC,ate,NNC
6563,binabasa|VBTR,binabasa,VBTR
6564,giit|NNC,giit,NNC
6565,Tessie|NNP,Tessie,NNP
6566,NAKALAAN|NNP,NAKALAAN,NNP
6567,sino|RBQ,sino,RBQ
6568,reaksyon|NNC,reaksyon,NNC
6569,makapaniwala|VBW,makapaniwala,VBW
6570,Research|NNP,Research,NNP
6571,작워크숍을통해그림을마음껏그릴수있어서|PMS,작워크숍을통해그림을마음껏그릴수있어서,PMS
6572,ibinuhos|VBOF,ibinuhos,VBOF
6573,tsu|FW,tsu,FW
6574,pumatay|VBAF,pumatay,VBAF
6575,Dodla|NNP,Dodla,NNP
6576,lumalayo|VBTR_VBAF,lumalayo,VBTR_VBAF
6577,그사랑에보답하고자|CDB,그사랑에보답하고자,CDB
6578,Uy|FW,Uy,FW
6579,nagbalik|VBTS,nagbalik,VBTS
6580,Maligaya|JJD,Maligaya,JJD
6581,Tama|RBT,Tama,RBT
6582,nagmamasid|VBTR,nagmamasid,VBTR
6583,silip|NNC,silip,NNC
6584,kamatis|NNC,kamatis,NNC
6585,magtiklop|VBW,magtiklop,VBW
6586,alam|VBS,alam,VBS
6587,matatalino|JJD,matatalino,JJD
6588,uwi|VBS,uwi,VBS
6589,nakikipagtaguan|VBTR,nakikipagtaguan,VBTR
6590,nakasulat|VBTS,nakasulat,VBTS
6591,Surya|NNP,Surya,NNP
6592,Isang|PRI_CCP,Isang,PRI_CCP
6593,Magkakapit|NNP,Magkakapit,NNP
6594,magsasaka|NNC,magsasaka,NNC
6595,napakadelikado|JJCS_JJD,napakadelikado,JJCS_JJD
6596,sabaw|NNC,sabaw,NNC
6597,pagdating|VBW,pagdating,VBW
6598,kinalabasan|NNC,kinalabasan,NNC
6599,magsisipilyo|VBAF,magsisipilyo,VBAF
6600,milyong|NNC_CCP,milyong,NNC_CCP
6601,napasimangot|VBTS,napasimangot,VBTS
6602,bisa|NNC,bisa,NNC
6603,Dalawang|JJN_CCP,Dalawang,JJN_CCP
6604,dadaan|VBTF,dadaan,VBTF
6605,kumagat|VBAF,kumagat,VBAF
6606,hinampas|VBOF,hinampas,VBOF
6607,iniikot|VBTR,iniikot,VBTR
6608,pare|FW,pare,FW
6609,gamot|NNC,gamot,NNC
6610,Ikinalulungkot|VBTR,Ikinalulungkot,VBTR
6611,bawasan|VBOF,bawasan,VBOF
6612,nilá|FW,nilá,FW
6613,Napakunot|NNP,Napakunot,NNP
6614,pagkasimangot|VBW,pagkasimangot,VBW
6615,turan|JJD,turan,JJD
6616,itayo|VBOF,itayo,VBOF
6617,alingawngaw|NNC,alingawngaw,NNC
6618,hiwagang|NNC_CCP,hiwagang,NNC_CCP
6619,Sabay|NNC,Sabay,NNC
6620,Nakaisip|VBTS,Nakaisip,VBTS
6621,nagpatakbo|VBTS,nagpatakbo,VBTS
6622,taon|NNC,taon,NNC
6623,itinataguyod|VBTR,itinataguyod,VBTR
6624,sagana|JJD,sagana,JJD
6625,patungo|RBL,patungo,RBL
6626,naisara|VBTS,naisara,VBTS
6627,Amalia|NNP,Amalia,NNP
6628,umatake|VBAF,umatake,VBAF
6629,paninda|NNC,paninda,NNC
6630,Scientists|NNP,Scientists,NNP
6631,mapadaan|VBW,mapadaan,VBW
6632,group|FW,group,FW
6633,Shhhhhhh|NNP,Shhhhhhh,NNP
6634,pagalis|NNC,pagalis,NNC
6635,Papalapit|JJD,Papalapit,JJD
6636,magkakasama|VBTF,magkakasama,VBTF
6637,Denise|NNP,Denise,NNP
6638,korona|NNC,korona,NNC
6639,kuwentuhan|NNC,kuwentuhan,NNC
6640,nagkwentuhan|VBTS,nagkwentuhan,VBTS
6641,Dinala|VBOF,Dinala,VBOF
6642,ITITIGIL|NNPA,ITITIGIL,NNPA
6643,maghiwa|VBW,maghiwa,VBW
6644,Magpagamot|VBTR,Magpagamot,VBTR
6645,kinurot|VBOF,kinurot,VBOF
6646,Iimbitahin|NNP,Iimbitahin,NNP
6647,maisusulat|VBW,maisusulat,VBW
6648,'s|FW,'s,FW
6649,traysikel|NNC,traysikel,NNC
6650,Pinoprotektahan|VBTR,Pinoprotektahan,VBTR
6651,kabihira|NNC,kabihira,NNC
6652,makakalimutan|VBW,makakalimutan,VBW
6653,labang|NNC_CCP,labang,NNC_CCP
6654,inilabas|VBTS,inilabas,VBTS
6655,NAPAKAbigat|VBTS,NAPAKAbigat,VBTS
6656,Dok|NNP,Dok,NNP
6657,bang|RBI_CCP,bang,RBI_CCP
6658,nailalabas|VBTS,nailalabas,VBTS
6659,original|FW,original,FW
6660,2Dcharacter|CDB,2Dcharacter,CDB
6661,matulunging|JJD_CCP,matulunging,JJD_CCP
6662,nakapipinsalang|JJD_CCP,nakapipinsalang,JJD_CCP
6663,semento|NNC,semento,NNC
6664,nakasanayan|VBTS,nakasanayan,VBTS
6665,bulungan|NNC,bulungan,NNC
6666,Nagtatampo|VBTR,Nagtatampo,VBTR
6667,open|FW,open,FW
6668,Tun|NNP,Tun,NNP
6669,다가치|PMS,다가치,PMS
6670,unting|FW,unting,FW
6671,dugudug|FW,dugudug,FW
6672,aparador|NNC,aparador,NNC
6673,Ahas|NNP,Ahas,NNP
6674,bus|NNC,bus,NNC
6675,markahan|VBOF,markahan,VBOF
6676,cling|FW,cling,FW
6677,nabibigyan|VBTR,nabibigyan,VBTR
6678,taglay|JJD,taglay,JJD
6679,naligo|VBTS,naligo,VBTS
6680,kulayan|NNC,kulayan,NNC
6681,sinasakyan|VBTR,sinasakyan,VBTR
6682,buohin|VBOF,buohin,VBOF
6683,seal|FW,seal,FW
6684,Ma|NNP,Ma,NNP
6685,sumaya|VBAF,sumaya,VBAF
6686,malalaki|JJD,malalaki,JJD
6687,palakol|NNC,palakol,NNC
6688,mula|RBW,mula,RBW
6689,naglalabas|VBTR,naglalabas,VBTR
6690,sinugod|VBOF,sinugod,VBOF
6691,»|PMS,»,PMS
6692,nakabaluktot|VBTR,nakabaluktot,VBTR
6693,iwinawagayway|VBTR,iwinawagayway,VBTR
6694,akdang|NNC_CCP,akdang,NNC_CCP
6695,napayakap|VBTS,napayakap,VBTS
6696,maitutulong|JJD_CCP,maitutulong,JJD_CCP
6697,Mahusay|JJD,Mahusay,JJD
6698,lente|NNC,lente,NNC
6699,Lindol|NNP,Lindol,NNP
6700,Kalalabas|NNP,Kalalabas,NNP
6701,ilustrador|NNC,ilustrador,NNC
6702,Sasha|NNP,Sasha,NNP
6703,proteksyon|NNC,proteksyon,NNC
6704,Talagang|RBT_CCP,Talagang,RBT_CCP
6705,imbensiyon|NNC,imbensiyon,NNC
6706,Dalawa|CDB,Dalawa,CDB
6707,apoy|NNC,apoy,NNC
6708,swertehin|VBOF,swertehin,VBOF
6709,Kinuha|VBOF,Kinuha,VBOF
6710,halip|CCT,halip,CCT
6711,lalaking|NNC_CCP,lalaking,NNC_CCP
6712,larong|NNC_CCP,larong,NNC_CCP
6713,maapakan|VBW,maapakan,VBW
6714,mapupunta|VBTF,mapupunta,VBTF
6715,despite|FW,despite,FW
6716,presidente|NNC,presidente,NNC
6717,barfi|FW,barfi,FW
6718,bulalas|FW,bulalas,FW
6719,pamilyang|NNC_CCP,pamilyang,NNC_CCP
6720,Takipsilim|NNP,Takipsilim,NNP
6721,ghee|FW,ghee,FW
6722,Mam|NNC,Mam,NNC
6723,Binilisan|VBTS,Binilisan,VBTS
6724,Lumipas|VBAF,Lumipas,VBAF
6725,Squish|NNP,Squish,NNP
6726,KAMAY|NNPA,KAMAY,NNPA
6727,pinasuot|VBOF,pinasuot,VBOF
6728,Sanju|NNP,Sanju,NNP
6729,langaw|NNC,langaw,NNC
6730,bilhan|VBOF,bilhan,VBOF
6731,Siri|NNP,Siri,NNP
6732,nakangiti|JJD,nakangiti,JJD
6733,Gng|NNC,Gng,NNC
6734,birthday|FW,birthday,FW
6735,eggs|FW,eggs,FW
6736,Nang|RBD,Nang,RBD
6737,paganahin|VBOF,paganahin,VBOF
6738,IYONG|NNPA,IYONG,NNPA
6739,notebook|NNC,notebook,NNC
6740,nakipagtulungan|VBTS,nakipagtulungan,VBTS
6741,angkanilang|RBD_CCP,angkanilang,RBD_CCP
6742,greeting|FW,greeting,FW
6743,pito|CDB,pito,CDB
6744,Kapaligiran|NNP,Kapaligiran,NNP
6745,pakurbang|JJD_CCP,pakurbang,JJD_CCP
6746,Napakahaba|JJCS_JJD,Napakahaba,JJCS_JJD
6747,Nakikinig|VBTR,Nakikinig,VBTR
6748,Kiti|NNP,Kiti,NNP
6749,lagayan|NNC,lagayan,NNC
6750,nakatumpok|JJD,nakatumpok,JJD
6751,kainin|VBOF,kainin,VBOF
6752,amerikana|FW,amerikana,FW
6753,Naghikab|VBTS,Naghikab,VBTS
6754,makadalaw|VBW,makadalaw,VBW
6755,Prize|NNP,Prize,NNP
6756,Ipagpaumanhin|VBOB,Ipagpaumanhin,VBOB
6757,dalhin|VBOF,dalhin,VBOF
6758,kabayoTatlong|NNC_CCP,kabayoTatlong,NNC_CCP
6759,computer|FW,computer,FW
6760,rumagasa|VBAF,rumagasa,VBAF
6761,trust|FW,trust,FW
6762,ilong|NNC,ilong,NNC
6763,ipinagmamalaki|VBTR,ipinagmamalaki,VBTR
6764,Whoom|NNP,Whoom,NNP
6765,maglabas|VBW,maglabas,VBW
6766,diskriminasyon|NNC,diskriminasyon,NNC
6767,Isinampay|VBOF,Isinampay,VBOF
6768,kgs|FW,kgs,FW
6769,Nicolas|NNP,Nicolas,NNP
6770,conducts|FW,conducts,FW
6771,nagsasabi|VBTR,nagsasabi,VBTR
6772,madidilim|JJD,madidilim,JJD
6773,labanos|FW,labanos,FW
6774,completed|FW,completed,FW
6775,mananatili|VBTF,mananatili,VBTF
6776,layer|FW,layer,FW
6777,Nya|NNP,Nya,NNP
6778,tilapyaSi|NNP,tilapyaSi,NNP
6779,Niyakapni|NNP,Niyakapni,NNP
6780,step|FW,step,FW
6781,nababalisa|VBTR,nababalisa,VBTR
6782,Tutubi|NNP,Tutubi,NNP
6783,tumanduk|VBAF,tumanduk,VBAF
6784,guwardiya|NNC,guwardiya,NNC
6785,pagsasaya|NNC,pagsasaya,NNC
6786,kalalakihan|NNC,kalalakihan,NNC
6787,tunay|JJD,tunay,JJD
6788,nakabantay|VBTS,nakabantay,VBTS
6789,nainis|VBTS,nainis,VBTS
6790,seagull|NNC,seagull,NNC
6791,hinahagod|VBTR,hinahagod,VBTR
6792,simula|RBW,simula,RBW
6793,그중8살딸이그림그리는것을|CDB,그중8살딸이그림그리는것을,CDB
6794,asim|NNC,asim,NNC
6795,sorry|FW,sorry,FW
6796,Chekoo|NNP,Chekoo,NNP
6797,−|PMS,−,PMS
6798,ipinagaspas|VBOF,ipinagaspas,VBOF
6799,Any|NNP,Any,NNP
6800,porcupine|FW,porcupine,FW
6801,bituin|NNC,bituin,NNC
6802,apa|JJN,apa,JJN
6803,pakikinig|NNC,pakikinig,NNC
6804,Kalabaw|NNP,Kalabaw,NNP
6805,popular|JJD,popular,JJD
6806,Nagtago|VBTS,Nagtago,VBTS
6807,hinila|VBOF,hinila,VBOF
6808,dambuhala|NNC,dambuhala,NNC
6809,pagkalungkot|VBW,pagkalungkot,VBW
6810,Hay|NNP,Hay,NNP
6811,Isulat|VBOF,Isulat,VBOF
6812,produce|FW,produce,FW
6813,Randinka|NNP,Randinka,NNP
6814,Asheela|NNP,Asheela,NNP
6815,pagtakas|NNC,pagtakas,NNC
6816,kahihinatnan|NNC,kahihinatnan,NNC
6817,perpektong|JJD_CCP,perpektong,JJD_CCP
6818,Teo|NNP,Teo,NNP
6819,umang|JJD_CCP,umang,JJD_CCP
6820,Kalmado|JJD,Kalmado,JJD
6821,Nariyan|VBTS,Nariyan,VBTS
6822,Puting|NNP_CCP,Puting,NNP_CCP
6823,Malubha|JJD,Malubha,JJD
6824,tinta|NNC,tinta,NNC
6825,binatak|VBOF,binatak,VBOF
6826,inihaw|NNC,inihaw,NNC
6827,Hakbang|NNC,Hakbang,NNC
6828,parating|RBW,parating,RBW
6829,atubiling|JJD_CCP,atubiling,JJD_CCP
6830,Gagawan|VBOF,Gagawan,VBOF
6831,lalabhan|VBTF,lalabhan,VBTF
6832,halu|FW,halu,FW
6833,malabong|JJD_CCP,malabong,JJD_CCP
6834,Tinuruan|VBOF,Tinuruan,VBOF
6835,pinakamasipag|JJCS_JJD,pinakamasipag,JJCS_JJD
6836,naiinis|VBTR,naiinis,VBTR
6837,gives|FW,gives,FW
6838,marong|NNC_CCP,marong,NNC_CCP
6839,obra|NNC,obra,NNC
6840,gripo|NNC,gripo,NNC
6841,Lumagapak|VBTR_VBAF,Lumagapak,VBTR_VBAF
6842,katerpilar|JJD,katerpilar,JJD
6843,still|FW,still,FW
6844,Kaunting|PRI_CCP,Kaunting,PRI_CCP
6845,nakahuli|VBTS,nakahuli,VBTS
6846,napakaswerteng|JJCS_JJD_CCP,napakaswerteng,JJCS_JJD_CCP
6847,Kung|CCR,Kung,CCR
6848,opisina|NNC,opisina,NNC
6849,Nakalaan|VBTS,Nakalaan,VBTS
6850,sa|CCT,sa,CCT
6851,Paa|NNP,Paa,NNP
6852,Nanoy|NNP,Nanoy,NNP
6853,marine|FW,marine,FW
6854,를전하는좋은기회가되길바랍니다.지구별한가족|FW,를전하는좋은기회가되길바랍니다.지구별한가족,FW
6855,kinalalagyan|VBTR,kinalalagyan,VBTR
6856,solar|FW,solar,FW
6857,biglang|RBD_CCP,biglang,RBD_CCP
6858,nito|PRO,nito,PRO
6859,atelayt|NNC,atelayt,NNC
6860,mataranta|VBW,mataranta,VBW
6861,natapakan|VBTS,natapakan,VBTS
6862,kanilang|PRSP_CCP,kanilang,PRSP_CCP
6863,Inakyat|VBTS,Inakyat,VBTS
6864,bigas|NNC,bigas,NNC
6865,humikab|VBAF,humikab,VBAF
6866,ngmaganda|FW,ngmaganda,FW
6867,Orasan|NNP,Orasan,NNP
6868,Makahuli|VBW,Makahuli,VBW
6869,makakita|VBW,makakita,VBW
6870,Botom|NNP,Botom,NNP
6871,Appan|NNP,Appan,NNP
6872,mamingwit|NNC,mamingwit,NNC
6873,gumapang|VBAF,gumapang,VBAF
6874,matarik|JJD,matarik,JJD
6875,0e|NNC,0e,NNC
6876,Nagsayaw|VBTS,Nagsayaw,VBTS
6877,maghahanda|VBAF,maghahanda,VBAF
6878,Plato|NNP,Plato,NNP
6879,susuriin|VBOF,susuriin,VBOF
6880,nanasa|FW,nanasa,FW
6881,maihanda|VBW,maihanda,VBW
6882,bilhan|NNC,bilhan,NNC
6883,mahinang|JJD_CCP,mahinang,JJD_CCP
6884,Yan|NNP,Yan,NNP
6885,Nakalilipad|NNP,Nakalilipad,NNP
6886,aaralan|VBTF,aaralan,VBTF
6887,nina|DTPP,nina,DTPP
6888,yung|PRO_CCP,yung,PRO_CCP
6889,Central|NNP,Central,NNP
6890,nagtanghal|VBTS,nagtanghal,VBTS
6891,kinain|VBOF,kinain,VBOF
6892,aralang|NNC_CCP,aralang,NNC_CCP
6893,bale|NNC,bale,NNC
6894,eh|NNCA,eh,NNCA
6895,binubuhay|VBTR,binubuhay,VBTR
6896,Squash|NNP,Squash,NNP
6897,tag|FW,tag,FW
6898,Mahahaba|JJD,Mahahaba,JJD
6899,Tumataas|VBTR_VBAF,Tumataas,VBTR_VBAF
6900,konsepto|NNC,konsepto,NNC
6901,Ipikit|NNP,Ipikit,NNP
6902,harap|JJD,harap,JJD
6903,dumaraan|VBTR_VBAF,dumaraan,VBTR_VBAF
6904,Wagtail|NNP,Wagtail,NNP
6905,makaisip|VBW,makaisip,VBW
6906,katulad|JJC,katulad,JJC
6907,immigrant|FW,immigrant,FW
6908,bumangga|VBAF,bumangga,VBAF
6909,Umupo|NNP,Umupo,NNP
6910,kanina|RBW,kanina,RBW
6911,nalaman|VBTS,nalaman,VBTS
6912,Inaakyat|VBOF,Inaakyat,VBOF
6913,Naghihintay|VBTR,Naghihintay,VBTR
6914,alang|NNC,alang,NNC
6915,Light|NNP,Light,NNP
6916,https://www.conservation.org/projects/Pages/|FW,https://www.conservation.org/projects/Pages/,FW
6917,nagpatuloy|VBTS,nagpatuloy,VBTS
6918,Kumamot|NNP,Kumamot,NNP
6919,koleksiyon|NNC,koleksiyon,NNC
6920,salawal|NNC,salawal,NNC
6921,impressed|FW,impressed,FW
6922,Hay|FW,Hay,FW
6923,siguro|RBM,siguro,RBM
6924,Kuliglig|JJD,Kuliglig,JJD
6925,Pinarehistro|NNP,Pinarehistro,NNP
6926,nakararami|VBTR,nakararami,VBTR
6927,malamig|JJD,malamig,JJD
6928,Tumilaok|NNP,Tumilaok,NNP
6929,pagtatanim|NNC,pagtatanim,NNC
6930,itanong|VBTS,itanong,VBTS
6931,petunya|NNC,petunya,NNC
6932,mapagtanto|VBW,mapagtanto,VBW
6933,masyado|RBD,masyado,RBD
6934,pumapaibaba|VBTR_VBAF,pumapaibaba,VBTR_VBAF
6935,paanyaya|NNC,paanyaya,NNC
6936,bahay|NNC,bahay,NNC
6937,pinagbawalan|VBRF,pinagbawalan,VBRF
6938,SA|NNPA,SA,NNPA
6939,kapatidKinuha|NNC,kapatidKinuha,NNC
6940,Magpapanggap|VBTF,Magpapanggap,VBTF
6941,calorie|FW,calorie,FW
6942,makakalangoy|VBTF,makakalangoy,VBTF
6943,Sumilip|VBAF,Sumilip,VBAF
6944,kumulo|CDB,kumulo,CDB
6945,CC|NNPA,CC,NNPA
6946,humahawak|VBTR_VBAF,humahawak,VBTR_VBAF
6947,Isinaayos|VBTS,Isinaayos,VBTS
6948,Talisay|NNP,Talisay,NNP
6949,patawad|NNC,patawad,NNC
6950,matiyak|VBW,matiyak,VBW
6951,tagumpay|NNC,tagumpay,NNC
6952,malagkit|JJD,malagkit,JJD
6953,tirik|NNC,tirik,NNC
6954,tariktik|NNC,tariktik,NNC
6955,napapansin|VBTR,napapansin,VBTR
6956,siklista|NNC,siklista,NNC
6957,ikukuwento|VBTS_VBOF,ikukuwento,VBTS_VBOF
6958,Kaninong|NNP_CCP,Kaninong,NNP_CCP
6959,magkapatidPinag|VBW,magkapatidPinag,VBW
6960,naanod|VBTS,naanod,VBTS
6961,Asafeer|NNP,Asafeer,NNP
6962,humila|VBAF,humila,VBAF
6963,makalundag|VBW,makalundag,VBW
6964,kanya|PRSP,kanya,PRSP
6965,kilo|NNC,kilo,NNC
6966,FoundationBuong|NNP,FoundationBuong,NNP
6967,Palos|NNP,Palos,NNP
6968,drowing|FW,drowing,FW
6969,게세워지길강권합니다|NNC,게세워지길강권합니다,NNC
6970,bukaran|NNC,bukaran,NNC
6971,malalayong|JJD_CCP,malalayong,JJD_CCP
6972,Aray|FW,Aray,FW
6973,manakin|NNC,manakin,NNC
6974,nakatakas|VBTS,nakatakas,VBTS
6975,bear|FW,bear,FW
6976,nutrisyon|NNC,nutrisyon,NNC
6977,layag|NNC,layag,NNC
6978,asan|NNC,asan,NNC
6979,umisip|VBAF,umisip,VBAF
6980,gustoniya|NNC,gustoniya,NNC
6981,Totoo|RBT,Totoo,RBT
6982,Naiiyak|VBTS,Naiiyak,VBTS
6983,ma'am|VBW,ma'am,VBW
6984,tatlumpung|JJN_CCP,tatlumpung,JJN_CCP
6985,namang|RBI_CCP,namang,RBI_CCP
6986,magliwanag|VBW,magliwanag,VBW
6987,Nilikha|VBTS,Nilikha,VBTS
6988,bumabahing|VBTR_VBAF,bumabahing,VBTR_VBAF
6989,maunawaan|VBW,maunawaan,VBW
6990,Hurray|NNP,Hurray,NNP
6991,ANONG|NNPA,ANONG,NNPA
6992,Natuklasan|VBTS,Natuklasan,VBTS
6993,niAjii|NNP,niAjii,NNP
6994,isinumpa|VBOF,isinumpa,VBOF
6995,uhaw|NNC,uhaw,NNC
6996,bintanaYelong|NNC_CCP,bintanaYelong,NNC_CCP
6997,nagsisilbing|VBTR_CCP,nagsisilbing,VBTR_CCP
6998,umang|VBAF,umang,VBAF
6999,ibalik|VBOF,ibalik,VBOF
7000,alaga|NNC,alaga,NNC
7001,bayawak|NNC,bayawak,NNC
7002,ayoko|NNC,ayoko,NNC
7003,lalagyan|VBTF,lalagyan,VBTF
7004,Masustansiyang|NNP_CCP,Masustansiyang,NNP_CCP
7005,bakasyon|NNC,bakasyon,NNC
7006,humihila|VBTR_VBAF,humihila,VBTR_VBAF
7007,nakitang|VBTS_CCP,nakitang,VBTS_CCP
7008,halong|JJD_CCP,halong,JJD_CCP
7009,nagising|VBTS,nagising,VBTS
7010,usisa|JJD,usisa,JJD
7011,palad|NNC,palad,NNC
7012,Hihihi|NNP,Hihihi,NNP
7013,sandbar|NNC,sandbar,NNC
7014,kaniyangkatawan|NNC,kaniyangkatawan,NNC
7015,tukso|NNC,tukso,NNC
7016,Jaishtha|NNP,Jaishtha,NNP
7017,kaingero|NNC,kaingero,NNC
7018,pinapasaya|VBTR,pinapasaya,VBTR
7019,Makalilipad|VBW,Makalilipad,VBW
7020,Dum|FW,Dum,FW
7021,been|FW,been,FW
7022,makati|JJD,makati,JJD
7023,naroroon|PRL,naroroon,PRL
7024,nangingilid|VBTR,nangingilid,VBTR
7025,dagitin|VBOF,dagitin,VBOF
7026,Kasi|NNP,Kasi,NNP
7027,Maaloo|RBT,Maaloo,RBT
7028,Thang|NNP,Thang,NNP
7029,paslit|NNC,paslit,NNC
7030,Carlo|NNP,Carlo,NNP
7031,Nakabilad|VBTS,Nakabilad,VBTS
7032,Levy|NNP,Levy,NNP
7033,nayon|NNC,nayon,NNC
7034,논술|CDB,논술,CDB
7035,Sumanand|NNP,Sumanand,NNP
7036,tatlonggrupo|NNC,tatlonggrupo,NNC
7037,libong|JJN_CCP,libong,JJN_CCP
7038,nakitan|VBTS,nakitan,VBTS
7039,tsinelas|NNC,tsinelas,NNC
7040,ipaghanda|VBOF,ipaghanda,VBOF
7041,duktor|NNC,duktor,NNC
7042,Nagpalakpakan|VBTS,Nagpalakpakan,VBTS
7043,haydrolik|NNC,haydrolik,NNC
7044,Parati|RBW,Parati,RBW
7045,Ay|JJN,Ay,JJN
7046,Lilly|NNP,Lilly,NNP
7047,mamingwit|VBW,mamingwit,VBW
7048,Nagpasyang|VBTS_CCP,Nagpasyang,VBTS_CCP
7049,cassowary|FW,cassowary,FW
7050,Seng|NNP,Seng,NNP
7051,Pasigaw|NNP,Pasigaw,NNP
7052,Klip|NNP,Klip,NNP
7053,Treasurer|FW,Treasurer,FW
7054,loob|JJD,loob,JJD
7055,kundi|CCT,kundi,CCT
7056,inawit|VBOF,inawit,VBOF
7057,kaaya|NNC,kaaya,NNC
7058,magbihis|NNC,magbihis,NNC
7059,mabalot|VBW,mabalot,VBW
7060,cereal|FW,cereal,FW
7061,Nic|NNP,Nic,NNP
7062,Bumagsak|VBAF,Bumagsak,VBAF
7063,mapunit|VBW,mapunit,VBW
7064,nakakawala|VBTR,nakakawala,VBTR
7065,magdusa|VBAF,magdusa,VBAF
7066,Chaitra|NNP,Chaitra,NNP
7067,nilipad|VBTS,nilipad,VBTS
7068,pinakailalim|JJCS_JJD,pinakailalim,JJCS_JJD
7069,tinawanan|VBOF,tinawanan,VBOF
7070,tuhod|NNC,tuhod,NNC
7071,magbibisekleta|VBTF,magbibisekleta,VBTF
7072,umaangkin|VBTR_VBAF,umaangkin,VBTR_VBAF
7073,panig|NNC,panig,NNC
7074,Nene|NNP,Nene,NNP
7075,Miya|NNP,Miya,NNP
7076,Uy|CCT,Uy,CCT
7077,Tuluyang|RBD_CCP,Tuluyang,RBD_CCP
7078,karaniwan|JJD,karaniwan,JJD
7079,Ashar|NNP,Ashar,NNP
7080,pinutol|VBTS,pinutol,VBTS
7081,C.|NNPA,C.,NNPA
7082,Art|NNP,Art,NNP
7083,kapitbahayan|NNC,kapitbahayan,NNC
7084,samahin|VBOF,samahin,VBOF
7085,amendments|FW,amendments,FW
7086,hangal|NNC,hangal,NNC
7087,rattan|NNC,rattan,NNC
7088,pinamunuan|VBTS,pinamunuan,VBTS
7089,Bonolo|NNP,Bonolo,NNP
7090,nagsagwan|VBTS,nagsagwan,VBTS
7091,Pagbibigyan|NNP,Pagbibigyan,NNP
7092,makalakad|VBW,makalakad,VBW
7093,karaniwang|JJD_CCP,karaniwang,JJD_CCP
7094,Tumanggi|VBAF,Tumanggi,VBAF
7095,......|NNC,......,NNC
7096,naiba|VBTS,naiba,VBTS
7097,mgabata|NNC,mgabata,NNC
7098,inimbitahan|VBTS_VBOF,inimbitahan,VBTS_VBOF
7099,humagulgol|VBTR,humagulgol,VBTR
7100,Hanggat|RBL,Hanggat,RBL
7101,Guro|NNP,Guro,NNP
7102,makangiti|VBW,makangiti,VBW
7103,Mabilis|RBD,Mabilis,RBD
7104,tela|NNC,tela,NNC
7105,Pakiabot|NNP,Pakiabot,NNP
7106,makaligtas|VBW,makaligtas,VBW
7107,Madyikero|VBTF,Madyikero,VBTF
7108,sakali|CCR,sakali,CCR
7109,Bantayan|NNP,Bantayan,NNP
7110,mapapangasawa|VBW,mapapangasawa,VBW
7111,hahaha|FW,hahaha,FW
7112,magaang|JJD_CCP,magaang,JJD_CCP
7113,publishes|FW,publishes,FW
7114,hinga|NNC,hinga,NNC
7115,Nagbabalanse|VBTS,Nagbabalanse,VBTS
7116,padating|VBW,padating,VBW
7117,paru|NNP,paru,NNP
7118,Makapagbabasa|VBW,Makapagbabasa,VBW
7119,nakapansin|VBTS,nakapansin,VBTS
7120,Neddicky|NNP,Neddicky,NNP
7121,Tala|NNC,Tala,NNC
7122,matikman|VBW,matikman,VBW
7123,Naabutan|VBTR,Naabutan,VBTR
7124,illustrator|FW,illustrator,FW
7125,sumisid|VBAF,sumisid,VBAF
7126,aayaw|VBTF,aayaw,VBTF
7127,FoundationMalugod|NNP,FoundationMalugod,NNP
7128,generation|FW,generation,FW
7129,moo|NNCA,moo,NNCA
7130,ginaya|VBTS,ginaya,VBTS
7131,Napagpasyahan|VBTS,Napagpasyahan,VBTS
7132,maaring|RBM,maaring,RBM
7133,Paul|NNP,Paul,NNP
7134,kahusayan|NNC,kahusayan,NNC
7135,panibangong|JJD_CCP,panibangong,JJD_CCP
7136,inalaagan|VBTS,inalaagan,VBTS
7137,sagutin|VBOF,sagutin,VBOF
7138,paglabas|VBW,paglabas,VBW
7139,down|FW,down,FW
7140,mabura|VBW,mabura,VBW
7141,nakakuwadrong|JJD_CCP,nakakuwadrong,JJD_CCP
7142,singko|NNC,singko,NNC
7143,nakikipaglibang|VBTR,nakikipaglibang,VBTR
7144,year|FW,year,FW
7145,lagi|RBD,lagi,RBD
7146,bagitong|JJD_CCP,bagitong,JJD_CCP
7147,Mexico|NNP,Mexico,NNP
7148,always|FW,always,FW
7149,makukuhanan|VBW,makukuhanan,VBW
7150,sisiwIsang|NNC_CCP,sisiwIsang,NNC_CCP
7151,pagmamadali|VBW,pagmamadali,VBW
7152,bumibisita|VBTR_VBAF,bumibisita,VBTR_VBAF
7153,Hiling|NNC,Hiling,NNC
7154,Tuti|NNP,Tuti,NNP
7155,bangketa|NNC,bangketa,NNC
7156,hardin|NNC,hardin,NNC
7157,bitak|NNC,bitak,NNC
7158,KER|NNPA,KER,NNPA
7159,Islands|NNP,Islands,NNP
7160,lagyan|VBOF,lagyan,VBOF
7161,natirang|VBTS_CCP,natirang,VBTS_CCP
7162,balanseng|JJD_CCP,balanseng,JJD_CCP
7163,Nagtatakang|VBTS_CCP,Nagtatakang,VBTS_CCP
7164,Choo|NNP,Choo,NNP
7165,country|FW,country,FW
7166,mabalahibo|JJD,mabalahibo,JJD
7167,Gumalaw|VBTS_VBAF,Gumalaw,VBTS_VBAF
7168,Umiling|NNP,Umiling,NNP
7169,aalpasMunting|NNC_CCP,aalpasMunting,NNC_CCP
7170,medisina|NNC,medisina,NNC
7171,Bonda|NNC,Bonda,NNC
7172,inihagis|VBTS,inihagis,VBTS
7173,pagsisimula|NNC,pagsisimula,NNC
7174,itosapagkat|VBTR_VBOF,itosapagkat,VBTR_VBOF
7175,doktorSinubukang|RBD_CCP,doktorSinubukang,RBD_CCP
7176,tagal|NNC,tagal,NNC
7177,support|FW,support,FW
7178,kabayo|NNC,kabayo,NNC
7179,umusok|VBAF,umusok,VBAF
7180,kulang|JJD,kulang,JJD
7181,change|FW,change,FW
7182,Buwaya|NNP,Buwaya,NNP
7183,Amerikano|NNP,Amerikano,NNP
7184,moske|NNC,moske,NNC
7185,FHWEE|NNPA,FHWEE,NNPA
7186,nauhaw|RBD,nauhaw,RBD
7187,깨달음을얻기를바랍니다.지구별한가족|PMS,깨달음을얻기를바랍니다.지구별한가족,PMS
7188,Naiinip|NNP,Naiinip,NNP
7189,Kuiper|NNP,Kuiper,NNP
7190,sinabing|VBTS,sinabing,VBTS
7191,magtaguyod|VBAF,magtaguyod,VBAF
7192,Shhh|NNP,Shhh,NNP
7193,nalitong|VBTS,nalitong,VBTS
7194,kasangkapang|NNC_CCP,kasangkapang,NNC_CCP
7195,humahampas|VBTR_VBAF,humahampas,VBTR_VBAF
7196,monasteryo|NNC,monasteryo,NNC
7197,gugulin|VBOF,gugulin,VBOF
7198,nakahelerang|VBTR_CCP,nakahelerang,VBTR_CCP
7199,Dugo|NNP,Dugo,NNP
7200,Kiara|NNP,Kiara,NNP
7201,matatapos|VBTF,matatapos,VBTF
7202,itinuro|VBOF,itinuro,VBOF
7203,lumalaban|VBTR_VBAF,lumalaban,VBTR_VBAF
7204,sundalo|NNC,sundalo,NNC
7205,mata|NNC,mata,NNC
7206,Nagpalitaw|VBTR,Nagpalitaw,VBTR
7207,pagsipilyo|NNC,pagsipilyo,NNC
7208,ligawan|JJD,ligawan,JJD
7209,Aldo|NNP,Aldo,NNP
7210,isla|NNC,isla,NNC
7211,Pinakamaganda|JJCS_JJD,Pinakamaganda,JJCS_JJD
7212,Binabalaan|VBTR,Binabalaan,VBTR
7213,dakila|JJD,dakila,JJD
7214,damit|NNC,damit,NNC
7215,lobong|JJD_CCP,lobong,JJD_CCP
7216,Manuela|NNP,Manuela,NNP
7217,Nagsisisigaw|VBTR,Nagsisisigaw,VBTR
7218,Lacerta|NNP,Lacerta,NNP
7219,Nandoon|VBTS,Nandoon,VBTS
7220,kusina|NNC,kusina,NNC
7221,Iminulat|VBTS,Iminulat,VBTS
7222,hilera|NNC,hilera,NNC
7223,Langur|NNP,Langur,NNP
7224,Ehipto|NNP,Ehipto,NNP
7225,sumagwan|FW,sumagwan,FW
7226,Shahi|NNP,Shahi,NNP
7227,Sampung|JJN_CCP,Sampung,JJN_CCP
7228,nita|VBOF,nita,VBOF
7229,paglakad|VBW,paglakad,VBW
7230,kasunod|JJD,kasunod,JJD
7231,mababang|JJD_CCP,mababang,JJD_CCP
7232,Bluey|NNP,Bluey,NNP
7233,nakatingin|VBTS,nakatingin,VBTS
7234,Masama|JJD,Masama,JJD
7235,vibrate|FW,vibrate,FW
7236,pinuno|NNC,pinuno,NNC
7237,masakit|JJD,masakit,JJD
7238,nagtatakbo|VBTR,nagtatakbo,VBTR
7239,pangdigma|JJD,pangdigma,JJD
7240,babasahan|VBOF,babasahan,VBOF
7241,pakanan|JJD,pakanan,JJD
7242,Kuwago|NNP,Kuwago,NNP
7243,Bentong|RBJ,Bentong,RBJ
7244,hihihi|NNC,hihihi,NNC
7245,madaming|PRI_CCP,madaming,PRI_CCP
7246,negosyo|NNC,negosyo,NNC
7247,nagtalsikan|VBTS,nagtalsikan,VBTS
7248,luksong|NNC_CCP,luksong,NNC_CCP
7249,Pinili|VBOF,Pinili,VBOF
7250,naghahabol|VBTR,naghahabol,VBTR
7251,does|FW,does,FW
7252,nagpapainit|VBTR,nagpapainit,VBTR
7253,pasukin|VBOF,pasukin,VBOF
7254,Mikrobyo|NNC,Mikrobyo,NNC
7255,ayaw|VBS,ayaw,VBS
7256,mekong.aspx|FW,mekong.aspx,FW
7257,Kanya|NNP,Kanya,NNP
7258,nagsumbong|VBTS,nagsumbong,VBTS
7259,katwiran|NNC,katwiran,NNC
7260,akinPalagi|NNP,akinPalagi,NNP
7261,Nagsaing|VBTS,Nagsaing,VBTS
7262,Medyo|JJCC,Medyo,JJCC
7263,Nakakainis|VBTR,Nakakainis,VBTR
7264,dumaratingang|VBTR_VBAF_CCP,dumaratingang,VBTR_VBAF_CCP
7265,Mitra|NNP,Mitra,NNP
7266,Nakakatulog|VBTR,Nakakatulog,VBTR
7267,nakakasilaw|RBD,nakakasilaw,RBD
7268,Nakaaaliw|RBD,Nakaaaliw,RBD
7269,bumilis|VBTF,bumilis,VBTF
7270,kabilang|CCT,kabilang,CCT
7271,께걸어가야합니다|PMS,께걸어가야합니다,PMS
7272,nagpapasalamat|VBTR,nagpapasalamat,VBTR
7273,kumapra|VBAF,kumapra,VBAF
7274,Bentong|NNP,Bentong,NNP
7275,peste|NNC,peste,NNC
7276,Caker|NNP,Caker,NNP
7277,이후원하였습니다|NNC,이후원하였습니다,NNC
7278,desisyon|NNC,desisyon,NNC
7279,nanginig|VBTR,nanginig,VBTR
7280,tinuturing|VBTR,tinuturing,VBTR
7281,nakatira|VBTS,nakatira,VBTS
7282,recording|FW,recording,FW
7283,natutuwang|RBD_CCP,natutuwang,RBD_CCP
7284,aaral|JJD,aaral,JJD
7285,Palasyo|NNP,Palasyo,NNP
7286,madidilaw|JJD,madidilaw,JJD
7287,lambing|NNC,lambing,NNC
7288,tik|FW,tik,FW
7289,napakalapit|JJCS_JJD,napakalapit,JJCS_JJD
7290,naniniwalang|VBTR_CCP,naniniwalang,VBTR_CCP
7291,India|NNP,India,NNP
7292,Health|NNP,Health,NNP
7293,man|RBI,man,RBI
7294,Ken|NNP,Ken,NNP
7295,Langgam|NNC,Langgam,NNC
7296,bukurin|FW,bukurin,FW
7297,SSSPPLAASH|NNPA,SSSPPLAASH,NNPA
7298,ambag|NNC,ambag,NNC
7299,Napakapanganib|NNP,Napakapanganib,NNP
7300,Tumugtog|VBAF,Tumugtog,VBAF
7301,pinagkakasiyahan|VBTR_VBRF,pinagkakasiyahan,VBTR_VBRF
7302,ho|FW,ho,FW
7303,labas|JJD,labas,JJD
7304,nakadilaw|VBTS,nakadilaw,VBTS
7305,dinuduyan|VBTS_VBOF,dinuduyan,VBTS_VBOF
7306,sumasalakay|VBTR_VBAF,sumasalakay,VBTR_VBAF
7307,iniilawan|VBTR,iniilawan,VBTR
7308,timpalak|NNC,timpalak,NNC
7309,Sea|NNP,Sea,NNP
7310,umalis|VBAF,umalis,VBAF
7311,CRAANKK|NNPA,CRAANKK,NNPA
7312,kamaksi|NNC,kamaksi,NNC
7313,swan|FW,swan,FW
7314,Pancit|NNP,Pancit,NNP
7315,ibinigay|VBOF,ibinigay,VBOF
7316,Socheata|NNP,Socheata,NNP
7317,boses|NNC,boses,NNC
7318,Iko|NNP,Iko,NNP
7319,talulot|NNC,talulot,NNC
7320,laki|NNC,laki,NNC
7321,Magugustuhan|VBTF,Magugustuhan,VBTF
7322,entities|FW,entities,FW
7323,lata|NNC,lata,NNC
7324,literatura|NNC,literatura,NNC
7325,sumalubong|VBAF,sumalubong,VBAF
7326,paboritong|NNC_CCP,paboritong,NNC_CCP
7327,ins|FW,ins,FW
7328,pangkalusugan|JJD,pangkalusugan,JJD
7329,24na|CDB,24na,CDB
7330,hiling|NNC,hiling,NNC
7331,naglatag|VBTS,naglatag,VBTS
7332,nakalinya|JJD,nakalinya,JJD
7333,ngipin|NNC,ngipin,NNC
7334,ingat|NNC,ingat,NNC
7335,tiyong|JJD_CCP,tiyong,JJD_CCP
7336,magbas|VBW,magbas,VBW
7337,Valley|NNP,Valley,NNP
7338,balik|NNC,balik,NNC
7339,Interrupted|FW,Interrupted,FW
7340,ibibigay|VBTF,ibibigay,VBTF
7341,S'ya|PRS,S'ya,PRS
7342,Sarili|NNP,Sarili,NNP
7343,Nasakusina|VBTS,Nasakusina,VBTS
7344,makabuluhang|JJD_CCP,makabuluhang,JJD_CCP
7345,maykatiwasayan|NNC,maykatiwasayan,NNC
7346,Natulungan|VBTS,Natulungan,VBTS
7347,educational|FW,educational,FW
7348,tiyuhin|VBOF,tiyuhin,VBOF
7349,dati|JJD,dati,JJD
7350,nag|RBD,nag,RBD
7351,kaso|CCR,kaso,CCR
7352,Malalaking|JJD_CCP,Malalaking,JJD_CCP
7353,huhulihin|VBOF,huhulihin,VBOF
7354,neurons|FW,neurons,FW
7355,Napabulalas|VBTS,Napabulalas,VBTS
7356,mapangalagaan|VBW,mapangalagaan,VBW
7357,puputok|VBTF,puputok,VBTF
7358,nabitawan|VBTS,nabitawan,VBTS
7359,basurahan|NNC,basurahan,NNC
7360,ibinalik|VBTS,ibinalik,VBTS
7361,punla|NNC,punla,NNC
7362,Nagmumukha|VBTR,Nagmumukha,VBTR
7363,Pagamatnugot|NNP,Pagamatnugot,NNP
7364,!!!|FW,!!!,FW
7365,Tigsik|NNP,Tigsik,NNP
7366,tinuro|VBOF,tinuro,VBOF
7367,buo|JJD,buo,JJD
7368,mgalalaking|JJD_CCP,mgalalaking,JJD_CCP
7369,Ngingiti|NNP,Ngingiti,NNP
7370,naglaon|VBTS,naglaon,VBTS
7371,kumalma|VBAF,kumalma,VBAF
7372,balisbisan|NNC,balisbisan,NNC
7373,buti|FW,buti,FW
7374,daraanan|VBTR,daraanan,VBTR
7375,centre|FW,centre,FW
7376,Natakpan|VBTS,Natakpan,VBTS
7377,tugtugan|NNC,tugtugan,NNC
7378,글|PMS,글,PMS
7379,kasalukuyangpanahon|NNC,kasalukuyangpanahon,NNC
7380,hoo|FW,hoo,FW
7381,kalipunan|NNC,kalipunan,NNC
7382,ubusin|VBOF,ubusin,VBOF
7383,mahika|VBW,mahika,VBW
7384,Napakaliit|JJCS_JJD,Napakaliit,JJCS_JJD
7385,Makapaglalaro|VBTF,Makapaglalaro,VBTF
7386,Dose|NNP,Dose,NNP
7387,akala|NNC,akala,NNC
7388,tupang|NNC_CCP,tupang,NNC_CCP
7389,particular|FW,particular,FW
7390,USA|NNPA,USA,NNPA
7391,makagagamot|VBW,makagagamot,VBW
7392,kana|NNC,kana,NNC
7393,pinandidirian|VBTR,pinandidirian,VBTR
7394,kabiguan|NNC,kabiguan,NNC
7395,iniiwan|VBTR,iniiwan,VBTR
7396,ipakalat|VBOF,ipakalat,VBOF
7397,palakaibigang|JJD_CCP,palakaibigang,JJD_CCP
7398,maabutan|VBW,maabutan,VBW
7399,559ektaryang|NNC_CCP,559ektaryang,NNC_CCP
7400,pagodang|NNC_CCP,pagodang,NNC_CCP
7401,tagapagtaguyod|NNC,tagapagtaguyod,NNC
7402,Nambiet|NNP,Nambiet,NNP
7403,Natanggap|VBTS,Natanggap,VBTS
7404,lamesa|NNC,lamesa,NNC
7405,Inilibot|VBTS,Inilibot,VBTS
7406,desidido|RBD,desidido,RBD
7407,dinadala|VBTR,dinadala,VBTR
7408,Impormasyon|NNP,Impormasyon,NNP
7409,lektura|NNC,lektura,NNC
7410,Pating|NNC,Pating,NNC
7411,Zu|NNP,Zu,NNP
7412,katotohanang|NNC_CCP,katotohanang,NNC_CCP
7413,nagsisirko|VBTR,nagsisirko,VBTR
7414,magmukhang|RBD_CCP,magmukhang,RBD_CCP
7415,Tinigil|VBTS,Tinigil,VBTS
7416,de-baterya|NNC,de-baterya,NNC
7417,nagpatimpla|VBTS,nagpatimpla,VBTS
7418,biologist|FW,biologist,FW
7419,Natawa|VBTS,Natawa,VBTS
7420,dayuhang|JJD_CCP,dayuhang,JJD_CCP
7421,magka|VBW,magka,VBW
7422,kuliling|NNC,kuliling,NNC
7423,bata|JJD,bata,JJD
7424,Tumangging|RBD_CCP,Tumangging,RBD_CCP
7425,lahatay|NNC,lahatay,NNC
7426,astonishing|FW,astonishing,FW
7427,nganga|NNC,nganga,NNC
7428,Mapapasyalan|NNP,Mapapasyalan,NNP
7429,panunukso|NNC,panunukso,NNC
7430,gaputin|FW,gaputin,FW
7431,pabulong|JJD,pabulong,JJD
7432,paakyat|JJD,paakyat,JJD
7433,kahel|JJD,kahel,JJD
7434,pulutin|VBOF,pulutin,VBOF
7435,BILOG|NNPA,BILOG,NNPA
7436,nitong|PRO_CCP,nitong,PRO_CCP
7437,bayani|NNC,bayani,NNC
7438,Ginagamit|VBTR,Ginagamit,VBTR
7439,Halika|NNP,Halika,NNP
7440,Malas|NNP,Malas,NNP
7441,Matsya|NNP,Matsya,NNP
7442,bugnot|NNC,bugnot,NNC
7443,punasin|VBOF,punasin,VBOF
7444,pagtatayo|NNC,pagtatayo,NNC
7445,Bureau|NNP,Bureau,NNP
7446,Aray|NNP,Aray,NNP
7447,lumiit|VBAF,lumiit,VBAF
7448,Pakanta|NNP,Pakanta,NNP
7449,nakaupong|VBTS_CCP,nakaupong,VBTS_CCP
7450,Uupo|NNP,Uupo,NNP
7451,kuwento|NNC,kuwento,NNC
7452,lalamunan|NNC,lalamunan,NNC
7453,salamin|NNC,salamin,NNC
7454,reboot|NNC,reboot,NNC
7455,search|FW,search,FW
7456,서울시대회|CDB,서울시대회,CDB
7457,pormasyon|NNC,pormasyon,NNC
7458,Alisin|VBOF,Alisin,VBOF
7459,arithmetic|FW,arithmetic,FW
7460,Soo|NNP,Soo,NNP
7461,pinagpatuloy|VBRF,pinagpatuloy,VBRF
7462,kapareha|JJD,kapareha,JJD
7463,uli|RBW,uli,RBW
7464,art|FW,art,FW
7465,mapapawi|VBTF,mapapawi,VBTF
7466,Tandang|NNP,Tandang,NNP
7467,tumahol|VBAF,tumahol,VBAF
7468,niya?the|RBL,niya?the,RBL
7469,le|FW,le,FW
7470,umindayog|VBTR_VBAF,umindayog,VBTR_VBAF
7471,Magkita|VBW,Magkita,VBW
7472,Kinakalkula|VBTR,Kinakalkula,VBTR
7473,elesi|NNC,elesi,NNC
7474,naaliw|VBTS,naaliw,VBTS
7475,asa|FW,asa,FW
7476,Iskor|NNP,Iskor,NNP
7477,ginastos|VBOF,ginastos,VBOF
7478,Bahagya|JJD,Bahagya,JJD
7479,pangitain|NNC,pangitain,NNC
7480,Cheekoo|NNP,Cheekoo,NNP
7481,irap|VBOF,irap,VBOF
7482,Multiplikasyon|NNC,Multiplikasyon,NNC
7483,tumago|NNC,tumago,NNC
7484,papunta|RBD,papunta,RBD
7485,idura|VBOF,idura,VBOF
7486,pinatawa|VBTS,pinatawa,VBTS
7487,harina|NNC,harina,NNC
7488,malaya|JJD,malaya,JJD
7489,alalahanin|NNC,alalahanin,NNC
7490,Tigsik|RBD,Tigsik,RBD
7491,kamag|JJD,kamag,JJD
7492,puntos|NNC,puntos,NNC
7493,ibayong|JJD_CCP,ibayong,JJD_CCP
7494,Language|NNP,Language,NNP
7495,kahapon|JJD,kahapon,JJD
7496,Pasensya|NNP,Pasensya,NNP
7497,managinip|FW,managinip,FW
7498,kabila|CCT,kabila,CCT
7499,alitaptap|NNC,alitaptap,NNC
7500,mabaho|JJD,mabaho,JJD
7501,Uttar|NNP,Uttar,NNP
7502,Pinagsikapan|VBRF,Pinagsikapan,VBRF
7503,pinanood|VBTS,pinanood,VBTS
7504,at|CCA,at,CCA
7505,Mahinang|RBD_CCP,Mahinang,RBD_CCP
7506,mahiwaga|JJD,mahiwaga,JJD
7507,sabihin|VBOF,sabihin,VBOF
7508,backpack|FW,backpack,FW
7509,konserbasyon|NNC,konserbasyon,NNC
7510,Nakakalangoy|VBTR,Nakakalangoy,VBTR
7511,tuparin|VBOF,tuparin,VBOF
7512,....|PMS,....,PMS
7513,problemang|NNC_CCP,problemang,NNC_CCP
7514,stapler|FW,stapler,FW
7515,Lumakad|VBAF,Lumakad,VBAF
7516,Science|NNP,Science,NNP
7517,pakainin|VBOF,pakainin,VBOF
7518,petroleum|FW,petroleum,FW
7519,eskwelahang|NNC_CCP,eskwelahang,NNC_CCP
7520,tagapagtuklas|NNC,tagapagtuklas,NNC
7521,kumaen|VBAF,kumaen,VBAF
7522,ha|NNCA,ha,NNCA
7523,Filipino|NNP,Filipino,NNP
7524,nakawala|VBTS,nakawala,VBTS
7525,nahila|VBTS,nahila,VBTS
7526,Tabboleh|NNP,Tabboleh,NNP
7527,born|FW,born,FW
7528,Minasdan|NNP,Minasdan,NNP
7529,Chandu|NNP,Chandu,NNP
7530,First|NNP,First,NNP
7531,lumalambiting|VBTR_VBAF_CCP,lumalambiting,VBTR_VBAF_CCP
7532,nabasa|VBTS,nabasa,VBTS
7533,pamamaraan|NNC,pamamaraan,NNC
7534,Malalim|JJD,Malalim,JJD
7535,lumiwanag|VBTR_VBAF,lumiwanag,VBTR_VBAF
7536,Kakulay|NNP,Kakulay,NNP
7537,Tick|NNP,Tick,NNP
7538,ligal|JJD,ligal,JJD
7539,Pakinggan|VBOF,Pakinggan,VBOF
7540,nakakuha|RBD,nakakuha,RBD
7541,maisalba|VBW,maisalba,VBW
7542,paglilinis|NNC,paglilinis,NNC
7543,patarik|JJD,patarik,JJD
7544,Tanging|JJD_CCP,Tanging,JJD_CCP
7545,poste|NNC,poste,NNC
7546,kartun|NNC,kartun,NNC
7547,ikinatuwa|VBTS,ikinatuwa,VBTS
7548,bahala|NNC,bahala,NNC
7549,lambak|NNC,lambak,NNC
7550,naiibang|VBTR_CCP,naiibang,VBTR_CCP
7551,digit|NNC,digit,NNC
7552,tagapagguhit|NNC,tagapagguhit,NNC
7553,masinop|JJD,masinop,JJD
7554,ROAAAAAR|NNPA,ROAAAAAR,NNPA
7555,lumiliwag|VBTR_VBAF,lumiliwag,VBTR_VBAF
7556,tinda|NNC,tinda,NNC
7557,dila|NNC,dila,NNC
7558,bantayan|VBOF,bantayan,VBOF
7559,G.|NNPA,G.,NNPA
7560,binigay|VBOF,binigay,VBOF
7561,Mmmm|NNP,Mmmm,NNP
7562,nilapitan|VBTS,nilapitan,VBTS
7563,pagkamatay|VBW,pagkamatay,VBW
7564,Pursat|NNP,Pursat,NNP
7565,kapares|JJD,kapares,JJD
7566,Yakko|NNP,Yakko,NNP
7567,nanglo|RBN,nanglo,RBN
7568,papangalanan|VBTF,papangalanan,VBTF
7569,sasayaw|RBD,sasayaw,RBD
7570,Disclaimer|NNP,Disclaimer,NNP
7571,ligtas|NNC,ligtas,NNC
7572,nangangarap|RBD,nangangarap,RBD
7573,nagdudulot|VBTR,nagdudulot,VBTR
7574,kapilyuhan|NNC,kapilyuhan,NNC
7575,leopard|FW,leopard,FW
7576,maagang|RBD_CCP,maagang,RBD_CCP
7577,gunting|FW,gunting,FW
7578,Thida|NNC,Thida,NNC
7579,Pumila|VBAF,Pumila,VBAF
7580,saranggola|NNC,saranggola,NNC
7581,marunong|RBD_CCP,marunong,RBD_CCP
7582,Pero|CCT,Pero,CCT
7583,ipinatutupad|VBTR,ipinatutupad,VBTR
7584,Oktubre|NNP,Oktubre,NNP
7585,Nababahala|VBTR,Nababahala,VBTR
7586,Plik|NNP,Plik,NNP
7587,paris|NNC,paris,NNC
7588,coffee|FW,coffee,FW
7589,sasabsabing|JJD_CCP,sasabsabing,JJD_CCP
7590,mausisa|VBW,mausisa,VBW
7591,makaamoy|VBW,makaamoy,VBW
7592,pinakita|VBTS,pinakita,VBTS
7593,Lal|NNP,Lal,NNP
7594,soy|FW,soy,FW
7595,Tong|NNP,Tong,NNP
7596,tungkulin|NNC,tungkulin,NNC
7597,bibo|NNC,bibo,NNC
7598,sipit|NNC,sipit,NNC
7599,factory|FW,factory,FW
7600,Cesar|NNP,Cesar,NNP
7601,Sinalungat|VBTS,Sinalungat,VBTS
7602,nahimasmasan|VBTS,nahimasmasan,VBTS
7603,nagkakalat|VBTR,nagkakalat,VBTR
7604,Nee|NNP,Nee,NNP
7605,Pinahanga|NNP,Pinahanga,NNP
7606,nakasagap|VBTS,nakasagap,VBTS
7607,Anim|NNP,Anim,NNP
7608,Nainggit|VBTS,Nainggit,VBTS
7609,mapunan|VBW,mapunan,VBW
7610,pinundohan|VBTR,pinundohan,VBTR
7611,dagang|NNC_CCP,dagang,NNC_CCP
7612,Sarado|JJD,Sarado,JJD
7613,kinakailangan|VBTR,kinakailangan,VBTR
7614,pabebe|FW,pabebe,FW
7615,pinanood|VBOF,pinanood,VBOF
7616,Inilahad|VBTS,Inilahad,VBTS
7617,sumangayon|VBAF,sumangayon,VBAF
7618,ipinta|VBOF,ipinta,VBOF
7619,istorbo|NNC,istorbo,NNC
7620,takam|NNC,takam,NNC
7621,pumapaitaas|VBTR_VBAF,pumapaitaas,VBTR_VBAF
7622,magagastos|VBW,magagastos,VBW
7623,Epektibo|JJD,Epektibo,JJD
7624,Tamang|JJD_CCP,Tamang,JJD_CCP
7625,nangangamoy|VBTR,nangangamoy,VBTR
7626,paborito|RBD,paborito,RBD
7627,kaninong|JJD_CCP,kaninong,JJD_CCP
7628,Laging|RBD_CCP,Laging,RBD_CCP
7629,ampunan|NNC,ampunan,NNC
7630,Kuya|NNP,Kuya,NNP
7631,Caloy|NNP,Caloy,NNP
7632,Nagtatanim|VBTR,Nagtatanim,VBTR
7633,hinuhukay|VBTS,hinuhukay,VBTS
7634,naguusap|VBTR,naguusap,VBTR
7635,angipong|NNC_CCP,angipong,NNC_CCP
7636,ininom|FW,ininom,FW
7637,Kagaya|JJC,Kagaya,JJC
7638,Painit|RBD,Painit,RBD
7639,Ayaw|RBF,Ayaw,RBF
7640,nakakatakbo|VBTR,nakakatakbo,VBTR
7641,pagpigil|NNC,pagpigil,NNC
7642,tinatanong|VBTR,tinatanong,VBTR
7643,apihin|VBOF,apihin,VBOF
7644,Silangang|NNP_CCP,Silangang,NNP_CCP
7645,madagdagan|VBW,madagdagan,VBW
7646,tanaw|VBS,tanaw,VBS
7647,pabigat|RBD,pabigat,RBD
7648,Tap|NNP,Tap,NNP
7649,Pak|NNP,Pak,NNP
7650,pinayagang|RBD_CCP,pinayagang,RBD_CCP
7651,Trabaho|NNP,Trabaho,NNP
7652,Lorry|NNP,Lorry,NNP
7653,Tinalo|VBOF,Tinalo,VBOF
7654,nakalalakad|VBTR,nakalalakad,VBTR
7655,makababalik|JJD,makababalik,JJD
7656,seryoso|JJD,seryoso,JJD
7657,Dumapo|NNP,Dumapo,NNP
7658,frame|FW,frame,FW
7659,Tinutulungan|VBTR_VBOF,Tinutulungan,VBTR_VBOF
7660,Ngayong|RBW_CCP,Ngayong,RBW_CCP
7661,Puwede|FW,Puwede,FW
7662,dagdag|CCU,dagdag,CCU
7663,Makaraan|VBW,Makaraan,VBW
7664,Gugurang|NNP,Gugurang,NNP
7665,tinatanggap|VBTR,tinatanggap,VBTR
7666,umangil|VBAF,umangil,VBAF
7667,karatula|NNC,karatula,NNC
7668,Citrofortunella|NNP,Citrofortunella,NNP
7669,Kulisap|NNP,Kulisap,NNP
7670,kagabi|RBW,kagabi,RBW
7671,bulalakaw|NNC,bulalakaw,NNC
7672,tinitingnan|VBTR,tinitingnan,VBTR
7673,bersyon|NNC,bersyon,NNC
7674,Benevolent|NNP,Benevolent,NNP
7675,navigation|FW,navigation,FW
7676,ko|PRS,ko,PRS
7677,sali|RBW,sali,RBW
7678,baguhang|JJD_CCP,baguhang,JJD_CCP
7679,slime|FW,slime,FW
7680,Hmp|NNP,Hmp,NNP
7681,tanod|NNC,tanod,NNC
7682,pagbubuhat|NNC,pagbubuhat,NNC
7683,commons|FW,commons,FW
7684,patunugin|RBD,patunugin,RBD
7685,malulusog|JJD,malulusog,JJD
7686,Ostrich|NNP,Ostrich,NNP
7687,nadalá|VBTS,nadalá,VBTS
7688,Ilabas|VBOF,Ilabas,VBOF
7689,kitang|RBD_CCP,kitang,RBD_CCP
7690,produces|FW,produces,FW
7691,mangahoy|VBW,mangahoy,VBW
7692,Nasagasaan|VBTR,Nasagasaan,VBTR
7693,maginhawang|JJD_CCP,maginhawang,JJD_CCP
7694,umupo|VBAF,umupo,VBAF
7695,namamangha|VBTR,namamangha,VBTR
7696,Nagpapalitan|VBTR,Nagpapalitan,VBTR
7697,Hung|NNP,Hung,NNP
7698,canal|FW,canal,FW
7699,Ipinatong|VBTS,Ipinatong,VBTS
7700,nilalagay|VBTR,nilalagay,VBTR
7701,bodies|FW,bodies,FW
7702,pagtatae|NNC,pagtatae,NNC
7703,ferry|FW,ferry,FW
7704,teng|NNC_CCP,teng,NNC_CCP
7705,lulan|NNC,lulan,NNC
7706,marurumi|JJD,marurumi,JJD
7707,baaaaaa|NNC,baaaaaa,NNC
7708,tuk|NNCA,tuk,NNCA
7709,HAAY|NNPA,HAAY,NNPA
7710,Puti|JJD,Puti,JJD
7711,kulantro|NNC,kulantro,NNC
7712,dugtong|NNC,dugtong,NNC
7713,ya|NNCA,ya,NNCA
7714,pista|NNC,pista,NNC
7715,nakahawak|VBTR,nakahawak,VBTR
7716,함께고통을이겨내고|CDB,함께고통을이겨내고,CDB
7717,mabusog|FW,mabusog,FW
7718,pumasok|VBAF,pumasok,VBAF
7719,naroon|PRL,naroon,PRL
7720,Pagaspas|NNP,Pagaspas,NNP
7721,magsusuot|VBTF_VBAF,magsusuot,VBTF_VBAF
7722,Nagpadala|VBTS,Nagpadala,VBTS
7723,Balikan|NNP,Balikan,NNP
7724,Pagsasalin|NNP,Pagsasalin,NNP
7725,nakakatulog|VBTR,nakakatulog,VBTR
7726,Bajracharya|NNP,Bajracharya,NNP
7727,nagpapahirap|VBTR,nagpapahirap,VBTR
7728,tutungo|VBTF,tutungo,VBTF
7729,Cashews|NNP,Cashews,NNP
7730,magpatunog|VBAF,magpatunog,VBAF
7731,pinakamaliit|JJCS_JJD,pinakamaliit,JJCS_JJD
7732,how|FW,how,FW
7733,pinakagitnang|JJCS_JJD_CCP,pinakagitnang,JJCS_JJD_CCP
7734,sasali|VBTF,sasali,VBTF
7735,narinig|VBTS,narinig,VBTS
7736,Inilayo|VBTS,Inilayo,VBTS
7737,lumalapit|VBTR_VBAF,lumalapit,VBTR_VBAF
7738,katakot|NNC,katakot,NNC
7739,Amoy|NNP,Amoy,NNP
7740,Napakuwak|VBTS,Napakuwak,VBTS
7741,saraaappp|NNC,saraaappp,NNC
7742,klinika|NNC,klinika,NNC
7743,kabagalan|NNC,kabagalan,NNC
7744,DA|NNPA,DA,NNPA
7745,Maliwanag|RBD,Maliwanag,RBD
7746,Woof|FW,Woof,FW
7747,nakalambitin|VBTS,nakalambitin,VBTS
7748,nami|FW,nami,FW
7749,Copyright|NNP,Copyright,NNP
7750,Unni|NNP,Unni,NNP
7751,bitlig|NNC,bitlig,NNC
7752,kumalat|VBAF,kumalat,VBAF
7753,ngkanilang|VBTR_CCP,ngkanilang,VBTR_CCP
7754,Penh|NNP,Penh,NNP
7755,kinakausap|VBTR,kinakausap,VBTR
7756,WakasNagpaagaw|NNP,WakasNagpaagaw,NNP
7757,nagsisimba|VBTR,nagsisimba,VBTR
7758,sasabihan|VBTF,sasabihan,VBTF
7759,mangarap|VBW,mangarap,VBW
7760,layunin|NNC,layunin,NNC
7761,sandwich|FW,sandwich,FW
7762,Ikatlong|NNC_CCP,Ikatlong,NNC_CCP
7763,Magpahinga|VBW,Magpahinga,VBW
7764,Gumana|VBAF,Gumana,VBAF
7765,ikinuha|VBTS,ikinuha,VBTS
7766,nakagawa|VBTS,nakagawa,VBTS
7767,takót|NNC,takót,NNC
7768,magdiwang|VBAF,magdiwang,VBAF
7769,Steinbock|NNP,Steinbock,NNP
7770,London|NNP,London,NNP
7771,Kabilang|CCT,Kabilang,CCT
7772,trace|FW,trace,FW
7773,Magsayaw|NNP,Magsayaw,NNP
7774,TrungNhi|NNP,TrungNhi,NNP
7775,mayaman|JJD,mayaman,JJD
7776,suka|NNC,suka,NNC
7777,metal|NNC,metal,NNC
7778,Inanyayahan|VBTS,Inanyayahan,VBTS
7779,iisang|PRI_CCP,iisang,PRI_CCP
7780,Humina|VBAF,Humina,VBAF
7781,kalawit|NNC,kalawit,NNC
7782,umandar|VBAF,umandar,VBAF
7783,A|NNPA,A,NNPA
7784,bumulong|VBTR_VBAF,bumulong,VBTR_VBAF
7785,kailan|RBQ,kailan,RBQ
7786,Magkakaroon|VBTF,Magkakaroon,VBTF
7787,dinaanan|VBTR,dinaanan,VBTR
7788,leads|FW,leads,FW
7789,paliwanang|NNC_CCP,paliwanang,NNC_CCP
7790,Andito|CDB,Andito,CDB
7791,gumising|FW,gumising,FW
7792,Sinasabit|VBTR,Sinasabit,VBTR
7793,Sasabad|NNP,Sasabad,NNP
7794,Dexter|NNP,Dexter,NNP
7795,bibilhin|VBTF,bibilhin,VBTF
7796,Sumimangot|NNP,Sumimangot,NNP
7797,Gana|NNP,Gana,NNP
7798,Tintukso|NNP,Tintukso,NNP
7799,agam|NNC,agam,NNC
7800,Yumuyugyog|NNP,Yumuyugyog,NNP
7801,tora|NNC,tora,NNC
7802,pingaan|VBOF,pingaan,VBOF
7803,takot|NNC,takot,NNC
7804,Abala|NNP,Abala,NNP
7805,bangon|NNC,bangon,NNC
7806,mighty|FW,mighty,FW
7807,naitago|VBTS,naitago,VBTS
7808,kurap|NNC,kurap,NNC
7809,kinukuha|VBTR,kinukuha,VBTR
7810,testing|FW,testing,FW
7811,kabsa|NNC,kabsa,NNC
7812,ikukuwento|VBTR,ikukuwento,VBTR
7813,ginaya|VBOF,ginaya,VBOF
7814,lumipad|NNC,lumipad,NNC
7815,makialam|VBW,makialam,VBW
7816,Mere|NNP,Mere,NNP
7817,Batang|NNC_CCP,Batang,NNC_CCP
7818,Isipin|VBOF,Isipin,VBOF
7819,hand|FW,hand,FW
7820,kinukwentuhan|VBTS,kinukwentuhan,VBTS
7821,pako|NNC,pako,NNC
7822,sangkatutak|JJD,sangkatutak,JJD
7823,makaliko|VBW,makaliko,VBW
7824,basura|NNC,basura,NNC
7825,syang|NNC_CCP,syang,NNC_CCP
7826,buzz|NNC,buzz,NNC
7827,MuningLumabas|NNP,MuningLumabas,NNP
7828,puksain|VBOF,puksain,VBOF
7829,Ratna|NNP,Ratna,NNP
7830,Macaca|FW,Macaca,FW
7831,Director|NNP,Director,NNP
7832,pira|NNC,pira,NNC
7833,humigop|NNC,humigop,NNC
7834,Napipilitan|VBTS,Napipilitan,VBTS
7835,dibisyon|NNC,dibisyon,NNC
7836,pinahintay|VBTS,pinahintay,VBTS
7837,nakasuot|VBTS,nakasuot,VBTS
7838,inakala|VBTS,inakala,VBTS
7839,Kooru|NNP,Kooru,NNP
7840,lumipat|VBAF,lumipat,VBAF
7841,lumitaw|VBAF,lumitaw,VBAF
7842,pantapal|JJD,pantapal,JJD
7843,teng|FW,teng,FW
7844,malikot|JJD,malikot,JJD
7845,Giving|NNP,Giving,NNP
7846,star|FW,star,FW
7847,Le|NNP,Le,NNP
7848,kesa|NNC,kesa,NNC
7849,binigyan|VBOF,binigyan,VBOF
7850,nagpapabasa|VBTR,nagpapabasa,VBTR
7851,niyo|PRP,niyo,PRP
7852,timba|FW,timba,FW
7853,nakahikayat|VBTS,nakahikayat,VBTS
7854,makatatagpo|VBW,makatatagpo,VBW
7855,binabato|VBTR,binabato,VBTR
7856,Huhuhu|NNP,Huhuhu,NNP
7857,natitikman|VBTR,natitikman,VBTR
7858,Bai|NNP,Bai,NNP
7859,de-kalidad|JJD,de-kalidad,JJD
7860,sapsap|NNC,sapsap,NNC
7861,pagkainpara|NNC,pagkainpara,NNC
7862,IGO|NNPA,IGO,NNPA
7863,nakatagpo|VBTS,nakatagpo,VBTS
7864,sir|NNCA,sir,NNCA
7865,sama|NNC,sama,NNC
7866,Nagdasal|VBTS,Nagdasal,VBTS
7867,abiso|NNC,abiso,NNC
7868,Dance|NNP,Dance,NNP
7869,doo|NNC,doo,NNC
7870,mababasa|JJD,mababasa,JJD
7871,lagitik|JJD,lagitik,JJD
7872,pinagkakatiwalaang|VBRF_CCP,pinagkakatiwalaang,VBRF_CCP
7873,hintay|VBTS,hintay,VBTS
7874,Naririnig|VBTR,Naririnig,VBTR
7875,bulalas|NNC,bulalas,NNC
7876,pagsaing|NNC,pagsaing,NNC
7877,pinakamagaling|JJCS_JJD,pinakamagaling,JJCS_JJD
7878,Naglalakad|VBTR,Naglalakad,VBTR
7879,namumulaklak|VBTR,namumulaklak,VBTR
7880,ikinawag|VBTS,ikinawag,VBTS
7881,exam|FW,exam,FW
7882,kampana|NNC,kampana,NNC
7883,barangay|NNC,barangay,NNC
7884,Pinasok|VBOF,Pinasok,VBOF
7885,pagkakadikit|NNC,pagkakadikit,NNC
7886,sinabawang|VBTS_CCP,sinabawang,VBTS_CCP
7887,Nabitawan|VBTS,Nabitawan,VBTS
7888,minamahal|VBTR,minamahal,VBTR
7889,Anopol|NNP,Anopol,NNP
7890,akong|PRS_CCP,akong,PRS_CCP
7891,matiyagang|RBD_CCP,matiyagang,RBD_CCP
7892,sumuko|VBAF,sumuko,VBAF
7893,tainga|NNC,tainga,NNC
7894,mangiyak|VBW,mangiyak,VBW
7895,pagnguya|NNC,pagnguya,NNC
7896,부하고있습니다|FW,부하고있습니다,FW
7897,malulungkot|JJD,malulungkot,JJD
7898,maaliwalas|JJD,maaliwalas,JJD
7899,manager|FW,manager,FW
7900,panatilihin|VBOF,panatilihin,VBOF
7901,Som|NNP,Som,NNP
7902,bundok|NNC,bundok,NNC
7903,Hayun|NNP,Hayun,NNP
7904,90green|CDB,90green,CDB
7905,Inahin|VBOF,Inahin,VBOF
7906,rocket|NNC,rocket,NNC
7907,tumungo|VBAF,tumungo,VBAF
7908,orbita|NNC,orbita,NNC
7909,Sumisigaw|VBTR_VBAF,Sumisigaw,VBTR_VBAF
7910,nakikipaglarong|VBTR_CCP,nakikipaglarong,VBTR_CCP
7911,nagdadausdos|VBTR,nagdadausdos,VBTR
7912,Inubos|VBTS,Inubos,VBTS
7913,palipad|NNC,palipad,NNC
7914,Napaatras|VBTS,Napaatras,VBTS
7915,dagling|RBD_CCP,dagling,RBD_CCP
7916,starfish|FW,starfish,FW
7917,Hinabol|VBOF,Hinabol,VBOF
7918,Seryoso|JJD,Seryoso,JJD
7919,Miaaww|NNP,Miaaww,NNP
7920,muling|RBW_CCP,muling,RBW_CCP
7921,liwanang|NNC_CCP,liwanang,NNC_CCP
7922,Rohana|NNP,Rohana,NNP
7923,arestuhin|VBOF,arestuhin,VBOF
7924,kalamidad|NNC,kalamidad,NNC
7925,pabayaan|VBOF,pabayaan,VBOF
7926,Pareho|JJC,Pareho,JJC
7927,nakapangingilabot|RBD,nakapangingilabot,RBD
7928,Pagkasabi|VBW,Pagkasabi,VBW
7929,Pangkat|NNP,Pangkat,NNP
7930,pinagsalitaan|VBRF,pinagsalitaan,VBRF
7931,aabang|NNC,aabang,NNC
7932,sinisipsip|VBTR,sinisipsip,VBTR
7933,saging|NNC,saging,NNC
7934,maghayskul|VBW,maghayskul,VBW
7935,humahagikgik|VBTR_VBAF,humahagikgik,VBTR_VBAF
7936,parsela|NNC,parsela,NNC
7937,Sona|NNP,Sona,NNP
7938,Mauunahan|VBW,Mauunahan,VBW
7939,astig|NNC,astig,NNC
7940,tick|FW,tick,FW
7941,Agila|NNP,Agila,NNP
7942,aalangan|VBTF,aalangan,VBTF
7943,anoang|NNC_CCP,anoang,NNC_CCP
7944,single.letsreadasia.org|NNC,single.letsreadasia.org,NNC
7945,dumadausdos|VBTR_VBAF,dumadausdos,VBTR_VBAF
7946,Ahh|NNP,Ahh,NNP
7947,parasyut|FW,parasyut,FW
7948,Nakatira|VBTS,Nakatira,VBTS
7949,Pinangako|VBOF,Pinangako,VBOF
7950,hinihila|VBTS,hinihila,VBTS
7951,para|CCT,para,CCT
7952,ipinaparada|VBTR,ipinaparada,VBTR
7953,Credits|NNP,Credits,NNP
7954,samyo|NNC,samyo,NNC
7955,hayaan|VBOF,hayaan,VBOF
7956,nagmamahal|VBTS,nagmamahal,VBTS
7957,Sining|NNP,Sining,NNP
7958,napagod|VBTS,napagod,VBTS
7959,People|NNP,People,NNP
7960,https|FW,https,FW
7961,Si|DTP,Si,DTP
7962,sunong|NNC,sunong,NNC
7963,pintuang|NNC_CCP,pintuang,NNC_CCP
7964,tulungan|VBTF_VBOF,tulungan,VBTF_VBOF
7965,nonprofit|FW,nonprofit,FW
7966,nakatali|VBTS,nakatali,VBTS
7967,Makinig|VBW,Makinig,VBW
7968,Araaaay|NNP,Araaaay,NNP
7969,kolektahin|VBOF,kolektahin,VBOF
7970,ayang|NNC_CCP,ayang,NNC_CCP
7971,Primary|NNP,Primary,NNP
7972,Matalino|JJD,Matalino,JJD
7973,napakahirap|JJCS_JJD,napakahirap,JJCS_JJD
7974,magdalamhati|VBAF,magdalamhati,VBAF
7975,RosmaAlamin|NNP,RosmaAlamin,NNP
7976,blusa|NNC,blusa,NNC
7977,sinagip|VBTS,sinagip,VBTS
7978,Nasulyapan|VBTS,Nasulyapan,VBTS
7979,tito|NNC,tito,NNC
7980,singil|NNC,singil,NNC
7981,Patalon|NNP,Patalon,NNP
7982,halakhakan|NNC,halakhakan,NNC
7983,magbuga|VBW,magbuga,VBW
7984,sumusunod|VBTR_VBAF,sumusunod,VBTR_VBAF
7985,napapanatiling|RBD_CCP,napapanatiling,RBD_CCP
7986,www.idriesshahfoundation.org|NNC,www.idriesshahfoundation.org,NNC
7987,ini|FW,ini,FW
7988,Cygnus|NNP,Cygnus,NNP
7989,not|FW,not,FW
7990,Kumikinang|NNP_CCP,Kumikinang,NNP_CCP
7991,Nakakakain|VBTR,Nakakakain,VBTR
7992,nagsilisan|VBTS,nagsilisan,VBTS
7993,drower|FW,drower,FW
7994,kabatsoy|NNC,kabatsoy,NNC
7995,isara|VBOF,isara,VBOF
7996,lilang|RBD_CCP,lilang,RBD_CCP
7997,matatandaan|VBTF,matatandaan,VBTF
7998,Nananabik|NNP,Nananabik,NNP
7999,Samyukta|NNP,Samyukta,NNP
8000,kapangyarihang|NNC_CCP,kapangyarihang,NNC_CCP
8001,sikmura|NNC,sikmura,NNC
8002,Nagsasaya|VBTR,Nagsasaya,VBTR
8003,air|FW,air,FW
8004,CI|NNP,CI,NNP
8005,Halata|NNP,Halata,NNP
8006,yungib|NNC,yungib,NNC
8007,pisara|NNC,pisara,NNC
8008,Napakabilis|JJCS_JJD,Napakabilis,JJCS_JJD
8009,niynag|VBOF,niynag,VBOF
8010,nakakaharang|JJD_CCP,nakakaharang,JJD_CCP
8011,gumupit|VBAF,gumupit,VBAF
8012,Ibinahagi|VBTS,Ibinahagi,VBTS
8013,magtatambak|VBTF_VBAF,magtatambak,VBTF_VBAF
8014,ipagkasundo|VBOB,ipagkasundo,VBOB
8015,hayoy|NNC,hayoy,NNC
8016,iisipan|VBTF,iisipan,VBTF
8017,reading|FW,reading,FW
8018,BUMAGSAK|NNPA,BUMAGSAK,NNPA
8019,pong|PRO_CCP,pong,PRO_CCP
8020,hilaga|JJD,hilaga,JJD
8021,motivatorna|FW,motivatorna,FW
8022,aalsa|FW,aalsa,FW
8023,Hanggang|RBW,Hanggang,RBW
8024,Ipapaalam|VBTF_VBOF,Ipapaalam,VBTF_VBOF
8025,pinapaypay|VBTR,pinapaypay,VBTR
8026,nakinig|VBTS,nakinig,VBTS
8027,aawit|VBTF,aawit,VBTF
8028,malalim|RBD,malalim,RBD
8029,lihim|NNC,lihim,NNC
8030,Hinuli|VBTS,Hinuli,VBTS
8031,around|FW,around,FW
8032,hinanginan|VBTS,hinanginan,VBTS
8033,Alis|NNP,Alis,NNP
8034,eskuwelahan|NNC,eskuwelahan,NNC
8035,Nangunguna|VBTR,Nangunguna,VBTR
8036,pananakot|NNC,pananakot,NNC
8037,unlad|JJD,unlad,JJD
8038,tanggalin|VBOF,tanggalin,VBOF
8039,kasanayan|NNC,kasanayan,NNC
8040,magkukuwentuhan|VBTF,magkukuwentuhan,VBTF
8041,ilunsad|VBOF,ilunsad,VBOF
8042,Jadav|NNP,Jadav,NNP
8043,maligaya|VBW,maligaya,VBW
8044,patumbahin|RBD,patumbahin,RBD
8045,patuloy|RBD,patuloy,RBD
8046,klik|NNC,klik,NNC
8047,kahirap|JJD,kahirap,JJD
8048,makaawit|VBW,makaawit,VBW
8049,kumakaway|VBTR_VBAF,kumakaway,VBTR_VBAF
8050,Boni|NNP,Boni,NNP
8051,subukang|RBD_CCP,subukang,RBD_CCP
8052,makasasakit|VBW,makasasakit,VBW
8053,As|NNP,As,NNP
8054,tungkod|NNC,tungkod,NNC
8055,food|FW,food,FW
8056,Mahigpit|RBD,Mahigpit,RBD
8057,over|FW,over,FW
8058,Precy|NNP,Precy,NNP
8059,higante|RBD,higante,RBD
8060,nagsisimula|VBTR,nagsisimula,VBTR
8061,hindimagiging|VBTR,hindimagiging,VBTR
8062,Kumakaripas|NNP,Kumakaripas,NNP
8063,Hmmm|FW,Hmmm,FW
8064,sambayanan|NNC,sambayanan,NNC
8065,Tomas|NNP,Tomas,NNP
8066,Lahat|PRI,Lahat,PRI
8067,oats|FW,oats,FW
8068,mahina|JJD,mahina,JJD
8069,Nagdiwang|VBTS,Nagdiwang,VBTS
8070,nakasakit|VBTS,nakasakit,VBTS
8071,ano|PRQ,ano,PRQ
8072,madaganan|VBTF,madaganan,VBTF
8073,lakas|NNC,lakas,NNC
8074,32tbsp|CDB,32tbsp,CDB
8075,Ilong|CCR,Ilong,CCR
8076,parating|RBD_CCP,parating,RBD_CCP
8077,sariling|JJD_CCP,sariling,JJD_CCP
8078,mandaya|VBW,mandaya,VBW
8079,gunting|NNC,gunting,NNC
8080,kaulapan|NNC,kaulapan,NNC
8081,kurtina|NNC,kurtina,NNC
8082,Baki|NNP,Baki,NNP
8083,nangailangan|VBTS,nangailangan,VBTS
8084,pangalang|NNC_CCP,pangalang,NNC_CCP
8085,gomang|NNC_CCP,gomang,NNC_CCP
8086,두딸의엄마입니다|CDB,두딸의엄마입니다,CDB
8087,naghahain|VBTR,naghahain,VBTR
8088,Masyado|VBW,Masyado,VBW
8089,Elsa|NNP,Elsa,NNP
8090,nakakalbong|JJD_CCP,nakakalbong,JJD_CCP
8091,tuka|NNC,tuka,NNC
8092,nakakalat|VBTR,nakakalat,VBTR
8093,kontrolado|JJD,kontrolado,JJD
8094,huling|JJD_CCP,huling,JJD_CCP
8095,thank|FW,thank,FW
8096,Tutulungan|NNP,Tutulungan,NNP
8097,magsipilyo|VBAF,magsipilyo,VBAF
8098,Wheee|NNP,Wheee,NNP
8099,dinilaan|VBOF,dinilaan,VBOF
8100,antay|FW,antay,FW
8101,raise|FW,raise,FW
8102,Whoosh|FW,Whoosh,FW
8103,taka|NNC,taka,NNC
8104,literature|FW,literature,FW
8105,magugustuhan|VBTF,magugustuhan,VBTF
8106,sinasaway|VBTR,sinasaway,VBTR
8107,Pagkahapunan|NNP,Pagkahapunan,NNP
8108,tumitilaok|VBTR_VBAF,tumitilaok,VBTR_VBAF
8109,smile|FW,smile,FW
8110,iginawad|VBTS,iginawad,VBTS
8111,yarisa|NNC,yarisa,NNC
8112,Akyat|NNP,Akyat,NNP
8113,tumalon|VBAF,tumalon,VBAF
8114,umaandap|VBTR_VBAF,umaandap,VBTR_VBAF
8115,Gumiwang|NNP,Gumiwang,NNP
8116,Challenge|NNP,Challenge,NNP
8117,Palaging|RBD_CCP,Palaging,RBD_CCP
8118,naililimbag|VBTS,naililimbag,VBTS
8119,Ipinaliwanag|VBTS,Ipinaliwanag,VBTS
8120,kaninong|PRSP_CCP,kaninong,PRSP_CCP
8121,nakabuntot|VBTS,nakabuntot,VBTS
8122,magbanlaw|VBW,magbanlaw,VBW
8123,magprito|VBW,magprito,VBW
8124,paruparo|JJD,paruparo,JJD
8125,naligiran|VBTS,naligiran,VBTS
8126,ayparasito|NNC,ayparasito,NNC
8127,dayami|JJD,dayami,JJD
8128,kalapit|JJD,kalapit,JJD
8129,dali|NNC,dali,NNC
8130,Maaarimongkopyahin|NNP,Maaarimongkopyahin,NNP
8131,napágod|VBTS,napágod,VBTS
8132,All|NNP,All,NNP
8133,Riyaang|NNP_CCP,Riyaang,NNP_CCP
8134,binuhat|VBOF,binuhat,VBOF
8135,panaginip|NNC,panaginip,NNC
8136,Nakarami|VBTS,Nakarami,VBTS
8137,nagbabadyang|RBD_CCP,nagbabadyang,RBD_CCP
8138,nagagaya|VBTR,nagagaya,VBTR
8139,sumimangot|FW,sumimangot,FW
8140,uniporme|NNC,uniporme,NNC
8141,paulanin|VBOF,paulanin,VBOF
8142,Aaaa|NNP,Aaaa,NNP
8143,Karapatang|NNP_CCP,Karapatang,NNP_CCP
8144,Alisan|NNP,Alisan,NNP
8145,Nasabit|VBTS,Nasabit,VBTS
8146,RTI|PMS,RTI,PMS
8147,pagtuli|NNC,pagtuli,NNC
8148,aalala|FW,aalala,FW
8149,mawalis|VBW,mawalis,VBW
8150,naupo|VBTS,naupo,VBTS
8151,pagsalo|NNC,pagsalo,NNC
8152,awards|FW,awards,FW
8153,Tatayo|VBTF,Tatayo,VBTF
8154,Marumi|NNP,Marumi,NNP
8155,naka|FW,naka,FW
8156,Ama|NNP,Ama,NNP
8157,Hunyango|NNP,Hunyango,NNP
8158,luma|JJD,luma,JJD
8159,naglalagi|VBTS,naglalagi,VBTS
8160,de|FW,de,FW
8161,Pumalakpak|VBAF,Pumalakpak,VBAF
8162,pakikuha|NNC,pakikuha,NNC
8163,panalangin|NNC,panalangin,NNC
8164,pakakawalan|RBD,pakakawalan,RBD
8165,humigpit|VBAF,humigpit,VBAF
8166,Trina|NNP,Trina,NNP
8167,ipinagaspas|VBTR,ipinagaspas,VBTR
8168,Sisigawan|VBOF,Sisigawan,VBOF
8169,peklat|NNC,peklat,NNC
8170,umiak|RBD,umiak,RBD
8171,NepalBhasa|NNP,NepalBhasa,NNP
8172,hinahakot|VBTR,hinahakot,VBTR
8173,Hayun|CCB,Hayun,CCB
8174,regalo|NNC,regalo,NNC
8175,maipinturahan|VBW,maipinturahan,VBW
8176,natanggap|VBTS,natanggap,VBTS
8177,planta|NNC,planta,NNC
8178,Inilimbag|VBTS,Inilimbag,VBTS
8179,dumaloy|VBAF,dumaloy,VBAF
8180,Himala|RBD,Himala,RBD
8181,Abbu|NNP,Abbu,NNP
8182,hinahatiran|VBTR,hinahatiran,VBTR
8183,Hilong|NNP_CCP,Hilong,NNP_CCP
8184,manghang|VBW_CCP,manghang,VBW_CCP
8185,kasinliit|NNC,kasinliit,NNC
8186,kasamahang|JJD_CCP,kasamahang,JJD_CCP
8187,Union|NNP,Union,NNP
8188,kinagat|VBOF,kinagat,VBOF
8189,para|CCB,para,CCB
8190,magsagawa|VBW,magsagawa,VBW
8191,kunehong|JJD_CCP,kunehong,JJD_CCP
8192,tinatakot|VBTR,tinatakot,VBTR
8193,pikadilyong|NNC_CCP,pikadilyong,NNC_CCP
8194,bakuran|NNC,bakuran,NNC
8195,pagamit|NNC,pagamit,NNC
8196,nami|PRI,nami,PRI
8197,NGOs|FW,NGOs,FW
8198,kumakaripas|VBTR_VBAF,kumakaripas,VBTR_VBAF
8199,sampu|CDB,sampu,CDB
8200,Pagkalambing|NNP,Pagkalambing,NNP
8201,umapaw|VBAF,umapaw,VBAF
8202,Aaaah|NNP,Aaaah,NNP
8203,gasera|NNC,gasera,NNC
8204,Itinigil|VBOF,Itinigil,VBOF
8205,habulan|NNC,habulan,NNC
8206,APRICOT|NNPA,APRICOT,NNPA
8207,ninyong|VBTS,ninyong,VBTS
8208,mapapaupo|VBTF,mapapaupo,VBTF
8209,paika|NNC,paika,NNC
8210,position|FW,position,FW
8211,lalong|JJCC_CCP,lalong,JJCC_CCP
8212,minuto|NNC,minuto,NNC
8213,maaawang|JJD_CCP,maaawang,JJD_CCP
8214,planetang|NNC_CCP,planetang,NNC_CCP
8215,sakin|JJD,sakin,JJD
8216,normal|JJD,normal,JJD
8217,Meenahabang|NNP,Meenahabang,NNP
8218,Tutu|NNP,Tutu,NNP
8219,aagawan|VBTF,aagawan,VBTF
8220,800at|CDB,800at,CDB
8221,ma|CCP,ma,CCP
8222,mother|FW,mother,FW
8223,Isla|NNP,Isla,NNP
8224,ginawa|VBTS,ginawa,VBTS
8225,tinupi|VBOF,tinupi,VBOF
8226,mabeberdeng|JJD_CCP,mabeberdeng,JJD_CCP
8227,Kanina|NNP,Kanina,NNP
8228,literasi|NNC,literasi,NNC
8229,didilig|FW,didilig,FW
8230,imbita|VBTS,imbita,VBTS
8231,Nagtatampo|VBTS,Nagtatampo,VBTS
8232,Talasalitaan|NNP,Talasalitaan,NNP
8233,르신모시기|NNPA,르신모시기,NNPA
8234,turban|JJD,turban,JJD
8235,Sumabit|VBAF,Sumabit,VBAF
8236,itinataboy|VBTR,itinataboy,VBTR
8237,inaagawan|VBTR,inaagawan,VBTR
8238,tahol|NNC,tahol,NNC
8239,ahas|NNC,ahas,NNC
8240,napadighay|VBTS,napadighay,VBTS
8241,lumikha|VBAF,lumikha,VBAF
8242,kaligayahanAng|NNC_CCP,kaligayahanAng,NNC_CCP
8243,pamatnugan|NNC,pamatnugan,NNC
8244,nakangiting|VBTS,nakangiting,VBTS
8245,larawan|NNC,larawan,NNC
8246,Duoangta|NNP,Duoangta,NNP
8247,iidlip|VBTF,iidlip,VBTF
8248,pinapalaki|VBTR,pinapalaki,VBTR
8249,yanig|JJD,yanig,JJD
8250,pungas|JJD,pungas,JJD
8251,paghakbang|NNC,paghakbang,NNC
8252,salakayin|VBOF,salakayin,VBOF
8253,inutusan|VBOF,inutusan,VBOF
8254,Unang|NNP_CCP,Unang,NNP_CCP
8255,prutas|NNC,prutas,NNC
8256,misyon|NNC,misyon,NNC
8257,miyural|NNC,miyural,NNC
8258,kopra|NNC,kopra,NNC
8259,rujak|FW,rujak,FW
8260,Nahihiyang|RBD_CCP,Nahihiyang,RBD_CCP
8261,kamukha|JJD,kamukha,JJD
8262,tumatalbog|VBTR_VBAF,tumatalbog,VBTR_VBAF
8263,paghingi|NNC,paghingi,NNC
8264,tamangdireksiyon|NNC,tamangdireksiyon,NNC
8265,pinapatunog|VBTR,pinapatunog,VBTR
8266,lumipas|VBAF,lumipas,VBAF
8267,huhNagtaka|FW,huhNagtaka,FW
8268,tumutunog|VBTR_VBAF,tumutunog,VBTR_VBAF
8269,tulak|RBD,tulak,RBD
8270,malagyan|VBW,malagyan,VBW
8271,Ipinagmalaki|VBTS,Ipinagmalaki,VBTS
8272,Isda|NNC,Isda,NNC
8273,Napapikit|VBTS,Napapikit,VBTS
8274,Puwede|RBT,Puwede,RBT
8275,pilit|RBD,pilit,RBD
8276,Tutubo|NNP,Tutubo,NNP
8277,다문화강사|CDB,다문화강사,CDB
8278,tapos|JJD,tapos,JJD
8279,Nanghingi|VBTR,Nanghingi,VBTR
8280,Book|NNP,Book,NNP
8281,nagtatagal|VBTR,nagtatagal,VBTR
8282,Pinapasabay|VBTR,Pinapasabay,VBTR
8283,lihim|RBD,lihim,RBD
8284,cardamom|FW,cardamom,FW
8285,Grr|NNP,Grr,NNP
8286,Naisipan|VBTS,Naisipan,VBTS
8287,soybean|FW,soybean,FW
8288,panahong|NNC_CCP,panahong,NNC_CCP
8289,Pinintahan|VBOF,Pinintahan,VBOF
8290,balloon|FW,balloon,FW
8291,Hilahan|VBOF,Hilahan,VBOF
8292,nahiga|VBTS,nahiga,VBTS
8293,nagpasyang|VBTS_CCP,nagpasyang,VBTS_CCP
8294,Tay|NNC,Tay,NNC
8295,tinitigan|VBTR,tinitigan,VBTR
8296,manggagamot|NNC,manggagamot,NNC
8297,hippopotamus|FW,hippopotamus,FW
8298,anino|NNC,anino,NNC
8299,pagbalot|NNC,pagbalot,NNC
8300,mabigyan|VBW,mabigyan,VBW
8301,sipnayan|NNC,sipnayan,NNC
8302,sais|FW,sais,FW
8303,paglalaro.at|NNC,paglalaro.at,NNC
8304,Mayroon|VBH,Mayroon,VBH
8305,Mulai|NNP,Mulai,NNP
8306,tsart|NNC,tsart,NNC
8307,tambol|NNC,tambol,NNC
8308,tatawirin|VBTF,tatawirin,VBTF
8309,Wika|NNP,Wika,NNP
8310,iwawala|VBOF,iwawala,VBOF
8311,Mauubos|VBTF,Mauubos,VBTF
8312,Kinulayan|VBTS,Kinulayan,VBTS
8313,Tumulong|VBAF,Tumulong,VBAF
8314,makahihikayat|VBW,makahihikayat,VBW
8315,pumisa|VBAF,pumisa,VBAF
8316,lumago|VBAF,lumago,VBAF
8317,posible|JJD,posible,JJD
8318,nagtrabaho|VBTS,nagtrabaho,VBTS
8319,almond|FW,almond,FW
8320,diarrhea|FW,diarrhea,FW
8321,tuyong|JJD_CCP,tuyong,JJD_CCP
8322,Tok|NNP,Tok,NNP
8323,Dingwall|NNP,Dingwall,NNP
8324,nakadapa|VBTS,nakadapa,VBTS
8325,gaein|VBOF,gaein,VBOF
8326,Magbasa|VBAF,Magbasa,VBAF
8327,kauna|NNC,kauna,NNC
8328,Bisel|NNP,Bisel,NNP
8329,mabombahan|VBW,mabombahan,VBW
8330,nakaaalis|VBTR,nakaaalis,VBTR
8331,lumikas|VBAF,lumikas,VBAF
8332,unglo|NNC,unglo,NNC
8333,Paalam|NNP,Paalam,NNP
8334,Tutubo|VBOF,Tutubo,VBOF
8335,Nilagay|VBTS,Nilagay,VBTS
8336,kagamitang|NNC_CCP,kagamitang,NNC_CCP
8337,lumulutang|VBTR_VBAF,lumulutang,VBTR_VBAF
8338,Ginger|NNP,Ginger,NNP
8339,silá|FW,silá,FW
8340,kalungkutan|NNC,kalungkutan,NNC
8341,katuturan|NNC,katuturan,NNC
8342,Magkantahan|NNP,Magkantahan,NNP
8343,Inuwi|VBOF,Inuwi,VBOF
8344,pagpapakita|VBW,pagpapakita,VBW
8345,Pinapatay|VBTR,Pinapatay,VBTR
8346,nanirahang|VBTR_CCP,nanirahang,VBTR_CCP
8347,tigre|JJD,tigre,JJD
8348,Dumampi|NNP,Dumampi,NNP
8349,makata|NNC,makata,NNC
8350,kamao|NNC,kamao,NNC
8351,nagbuhat|VBTS,nagbuhat,VBTS
8352,Buhi|NNP,Buhi,NNP
8353,naghugas|VBTS,naghugas,VBTS
8354,alala|NNC,alala,NNC
8355,mahiram|VBW,mahiram,VBW
8356,atlaruan|NNC,atlaruan,NNC
8357,paghuli|NNC,paghuli,NNC
8358,maiinom|VBW,maiinom,VBW
8359,Bhasa|NNP,Bhasa,NNP
8360,Tanggalin|VBOF,Tanggalin,VBOF
8361,Maasikaso|VBTF,Maasikaso,VBTF
8362,naglulutas|VBTR,naglulutas,VBTR
8363,WriterIn|FW,WriterIn,FW
8364,humagikgik|VBAF,humagikgik,VBAF
8365,aya|PRS,aya,PRS
8366,Mainiit|NNP,Mainiit,NNP
8367,kabayanan|NNC,kabayanan,NNC
8368,sapot|JJD,sapot,JJD
8369,idinikit|VBOF,idinikit,VBOF
8370,pinunong|NNC_CCP,pinunong,NNC_CCP
8371,naghapunan|VBTS,naghapunan,VBTS
8372,magpagamot|VBW,magpagamot,VBW
8373,paparating|VBTF,paparating,VBTF
8374,sinunod|VBOF,sinunod,VBOF
8375,Trang|NNC_CCP,Trang,NNC_CCP
8376,stereotype|FW,stereotype,FW
8377,oil|FW,oil,FW
8378,nagpasalamat|VBTS,nagpasalamat,VBTS
8379,caring|FW,caring,FW
8380,matutunan|VBW,matutunan,VBW
8381,nadidiligan|VBTS,nadidiligan,VBTS
8382,Sumagang|NNC,Sumagang,NNC
8383,nakaabang|VBTS_CCP,nakaabang,VBTS_CCP
8384,naghahalo|VBTR,naghahalo,VBTR
8385,orihinal|JJD,orihinal,JJD
8386,pumaroon|VBAF,pumaroon,VBAF
8387,Natuto|NNP,Natuto,NNP
8388,Sriharikota|NNP,Sriharikota,NNP
8389,Agryahayan|NNP,Agryahayan,NNP
8390,Tumatakbo|VBTR_VBAF,Tumatakbo,VBTR_VBAF
8391,Piggy|NNP,Piggy,NNP
8392,nagkukunwaring|VBTR,nagkukunwaring,VBTR
8393,nagpaalam|VBTS,nagpaalam,VBTS
8394,pakpak|NNC,pakpak,NNC
8395,maraming|PRI_CCP,maraming,PRI_CCP
8396,tumila|NNC,tumila,NNC
8397,hanging|NNC_CCP,hanging,NNC_CCP
8398,kinalaunan|RBW,kinalaunan,RBW
8399,Saka|CCA,Saka,CCA
8400,Shoo|NNP,Shoo,NNP
8401,translation|FW,translation,FW
8402,mapaunlad|VBW,mapaunlad,VBW
8403,kasalan|NNC,kasalan,NNC
8404,mabilis|RBD,mabilis,RBD
8405,diligin|VBOF,diligin,VBOF
8406,nagtagal|VBTS,nagtagal,VBTS
8407,Pagkilala|NNP,Pagkilala,NNP
8408,buzz|FW,buzz,FW
8409,robot|NNC,robot,NNC
8410,perpekto|JJD,perpekto,JJD
8411,Inikutan|VBTS,Inikutan,VBTS
8412,uninhabitable|FW,uninhabitable,FW
8413,Pwedeng|RBT_CCP,Pwedeng,RBT_CCP
8414,galugarin|VBOF,galugarin,VBOF
8415,game|FW,game,FW
8416,di|RBF,di,RBF
8417,tanim|NNC,tanim,NNC
8418,Napakaliwanag|VBTS,Napakaliwanag,VBTS
8419,one|FW,one,FW
8420,makatutulong|RBD,makatutulong,RBD
8421,doktora|NNC,doktora,NNC
8422,withthe|FW,withthe,FW
8423,사랑과자유를느낄수있습니다|NNC,사랑과자유를느낄수있습니다,NNC
8424,Dumagundong|NNP_CCP,Dumagundong,NNP_CCP
8425,nawasak|VBTS,nawasak,VBTS
8426,Pinanganak|VBOF,Pinanganak,VBOF
8427,nadumadaan|VBTR,nadumadaan,VBTR
8428,karosa|NNC,karosa,NNC
8429,pakalmahin|VBOF,pakalmahin,VBOF
8430,pagpipintura|NNC,pagpipintura,NNC
8431,Tuturuan|RBW,Tuturuan,RBW
8432,will|FW,will,FW
8433,leon|NNC,leon,NNC
8434,Lynx|NNP,Lynx,NNP
8435,Silang|CCT,Silang,CCT
8436,Kalarong|JJD_CCP,Kalarong,JJD_CCP
8437,tsokolateng|NNC_CCP,tsokolateng,NNC_CCP
8438,kumustahin|VBTR_VBAF,kumustahin,VBTR_VBAF
8439,suklam|FW,suklam,FW
8440,nabuo|VBTS,nabuo,VBTS
8441,kaaya|JJD,kaaya,JJD
8442,mayiba|NNC,mayiba,NNC
8443,Lets|NNP,Lets,NNP
8444,dumadaing|VBAF,dumadaing,VBAF
8445,mapakinggan|VBW,mapakinggan,VBW
8446,scooty|FW,scooty,FW
8447,grabidad|NNC,grabidad,NNC
8448,bukal|NNC,bukal,NNC
8449,Tinuturuan|VBTR,Tinuturuan,VBTR
8450,alamin|VBOF,alamin,VBOF
8451,ihambing|VBOF,ihambing,VBOF
8452,puti|NNC,puti,NNC
8453,holiday|JJD,holiday,JJD
8454,lumayo|VBAF,lumayo,VBAF
8455,Lebanese|NNP,Lebanese,NNP
8456,pagsisiyasat|NNC,pagsisiyasat,NNC
8457,planggana|FW,planggana,FW
8458,Mondul|NNP,Mondul,NNP
8459,Nanirahan|VBTS,Nanirahan,VBTS
8460,manlalakbay|NNC,manlalakbay,NNC
8461,Rochelo|NNP,Rochelo,NNP
8462,kaluluwa|NNC,kaluluwa,NNC
8463,kasalukuyang|RBW_CCP,kasalukuyang,RBW_CCP
8464,sitalunan|NNC,sitalunan,NNC
8465,saliw|NNC,saliw,NNC
8466,papag|NNC,papag,NNC
8467,pakikipagtulungan|NNC,pakikipagtulungan,NNC
8468,pusa|NNC,pusa,NNC
8469,Umindayog|NNP,Umindayog,NNP
8470,kagaan|NNC,kagaan,NNC
8471,makisig|JJD,makisig,JJD
8472,modelo|NNC,modelo,NNC
8473,gluing|FW,gluing,FW
8474,Peace|NNP,Peace,NNP
8475,napalilibutan|VBTS,napalilibutan,VBTS
8476,bagong|JJD_CCP,bagong,JJD_CCP
8477,mamimili|NNC,mamimili,NNC
8478,mababagal|JJD,mababagal,JJD
8479,Naku|RBD,Naku,RBD
8480,paglakip|NNC,paglakip,NNC
8481,gumuguhong|VBTR_VBAF_CCP,gumuguhong,VBTR_VBAF_CCP
8482,tagtuyot|NNC,tagtuyot,NNC
8483,Pogi|NNP,Pogi,NNP
8484,Ewan|NNP,Ewan,NNP
8485,tolerance|FW,tolerance,FW
8486,Ping|NNC,Ping,NNC
8487,Traysikel|NNP,Traysikel,NNP
8488,kinukuluyan|VBOF,kinukuluyan,VBOF
8489,nagtakbuhan|VBTS,nagtakbuhan,VBTS
8490,Napakaganda|JJCS_JJD,Napakaganda,JJCS_JJD
8491,nakauwi|VBTS,nakauwi,VBTS
8492,함|CDB,함,CDB
8493,24tulad|CDB,24tulad,CDB
8494,tinaong|VBTS,tinaong,VBTS
8495,diverse|FW,diverse,FW
8496,gumiwang|VBAF,gumiwang,VBAF
8497,ubos|JJD,ubos,JJD
8498,Akin|NNP,Akin,NNP
8499,developed|FW,developed,FW
8500,maligo|VBW,maligo,VBW
8501,istasyon|NNC,istasyon,NNC
8502,mahahaba|JJD,mahahaba,JJD
8503,지그릴수있어좋았고많이배웠습니다|NNC,지그릴수있어좋았고많이배웠습니다,NNC
8504,epektibong|JJD_CCP,epektibong,JJD_CCP
8505,panayam|NNC,panayam,NNC
8506,paggamot|NNC,paggamot,NNC
8507,Tumingin|VBTS_VBAF,Tumingin,VBTS_VBAF
8508,lumalalim|VBTR_VBAF,lumalalim,VBTR_VBAF
8509,mamamasyal|JJD,mamamasyal,JJD
8510,pinupunan|VBOF,pinupunan,VBOF
8511,nagdaang|VBTS_CCP,nagdaang,VBTS_CCP
8512,kan|NNC,kan,NNC
8513,panunuod|NNC,panunuod,NNC
8514,kakilala|JJD,kakilala,JJD
8515,Ki|NNP,Ki,NNP
8516,humadlang|VBAF,humadlang,VBAF
8517,paglipat|NNC,paglipat,NNC
8518,Clara|NNP,Clara,NNP
8519,Krrrrrrrrrring|NNP,Krrrrrrrrrring,NNP
8520,ugaling|NNC_CCP,ugaling,NNC_CCP
8521,Iginiguhit|VBTR,Iginiguhit,VBTR
8522,libreng|JJD_CCP,libreng,JJD_CCP
8523,sinipa|VBOF,sinipa,VBOF
8524,ugat|NNC,ugat,NNC
8525,pagdiriwang|NNC,pagdiriwang,NNC
8526,makakasama|VBTF,makakasama,VBTF
8527,Moru|NNP,Moru,NNP
8528,paglubog|NNC,paglubog,NNC
8529,Humahanga|NNP,Humahanga,NNP
8530,tumanggi|VBAF,tumanggi,VBAF
8531,Sinubukan|VBTS,Sinubukan,VBTS
8532,we|FW,we,FW
8533,tukador|NNC,tukador,NNC
8534,Ate|NNC,Ate,NNC
8535,black|FW,black,FW
8536,magsabi|VBW,magsabi,VBW
8537,magtitinda|VBW,magtitinda,VBW
8538,imprentahan|NNC,imprentahan,NNC
8539,pinatay|VBOF,pinatay,VBOF
8540,sumang|VBAF,sumang,VBAF
8541,Maango|NNP,Maango,NNP
8542,twalya|NNC,twalya,NNC
8543,lawang|NNC_CCP,lawang,NNC_CCP
8544,nararating|VBTR,nararating,VBTR
8545,magsikap|VBAF,magsikap,VBAF
8546,Kenya|NNP,Kenya,NNP
8547,Makulit|VBW,Makulit,VBW
8548,bracelet|FW,bracelet,FW
8549,Cynthia|NNP,Cynthia,NNP
8550,Sapat|JJD,Sapat,JJD
8551,Magh|NNP,Magh,NNP
8552,nakatatalon|VBTS,nakatatalon,VBTS
8553,Pluto|NNP,Pluto,NNP
8554,umindak|VBTR_VBAF,umindak,VBTR_VBAF
8555,Buga|NNP,Buga,NNP
8556,maggugupit|VBW,maggugupit,VBW
8557,Magmula|VBAF,Magmula,VBAF
8558,nylon|FW,nylon,FW
8559,Appa|NNP,Appa,NNP
8560,pinamahalaan|VBOF,pinamahalaan,VBOF
8561,mag|VBW,mag,VBW
8562,Tupiin|NNP,Tupiin,NNP
8563,naririto|VBTR,naririto,VBTR
8564,prinsipe|NNC,prinsipe,NNC
8565,pra|NNC,pra,NNC
8566,Tinipon|VBOF,Tinipon,VBOF
8567,Napakahusay|JJCS_JJD,Napakahusay,JJCS_JJD
8568,palayan|NNC,palayan,NNC
8569,purpose|FW,purpose,FW
8570,maramihan|JJD,maramihan,JJD
8571,tiyakadOkey|NNC,tiyakadOkey,NNC
8572,kawawang|JJD_CCP,kawawang,JJD_CCP
8573,edi|FW,edi,FW
8574,nakalilipad|JJD,nakalilipad,JJD
8575,nababaliw|VBTR,nababaliw,VBTR
8576,Ialis|NNP,Ialis,NNP
8577,milyun|NNC,milyun,NNC
8578,Gumagawa|VBTR_VBAF,Gumagawa,VBTR_VBAF
8579,Gumawa|VBAF,Gumawa,VBAF
8580,VIRUS|NNPA,VIRUS,NNPA
8581,ikalimang|JJN_CCP,ikalimang,JJN_CCP
8582,tio|FW,tio,FW
8583,magpagabi|VBW,magpagabi,VBW
8584,hapunan|NNC,hapunan,NNC
8585,tatalbog|VBTF,tatalbog,VBTF
8586,Tumingala|VBAF,Tumingala,VBAF
8587,kamarin|NNC,kamarin,NNC
8588,Ating|PRQ_CCP,Ating,PRQ_CCP
8589,Paghugas|VBW,Paghugas,VBW
8590,pagkat|NNC,pagkat,NNC
8591,papayagang|RBD_CCP,papayagang,RBD_CCP
8592,Neat|NNP,Neat,NNP
8593,store|FW,store,FW
8594,makakakain|VBTF,makakakain,VBTF
8595,bumasa|VBAF,bumasa,VBAF
8596,TrungTrac|NNP,TrungTrac,NNP
8597,hilahin|VBOF,hilahin,VBOF
8598,tumigil|VBAF,tumigil,VBAF
8599,Ganito|PRC,Ganito,PRC
8600,KUBO|NNC,KUBO,NNC
8601,naintindihan|VBTS,naintindihan,VBTS
8602,CharitableFoundation|FW,CharitableFoundation,FW
8603,lipat|FW,lipat,FW
8604,malutas|VBW,malutas,VBW
8605,nabuhay|VBTS,nabuhay,VBTS
8606,ideya|NNC,ideya,NNC
8607,inaalagaan|VBTR,inaalagaan,VBTR
8608,먼저베풀|CDB,먼저베풀,CDB
8609,nakakabit|VBTS,nakakabit,VBTS
8610,matitinik|JJD,matitinik,JJD
8611,kumukunot|VBTR_VBAF,kumukunot,VBTR_VBAF
8612,Nagtaklob|VBTS,Nagtaklob,VBTS
8613,kindness|FW,kindness,FW
8614,Kagagaling|RBD_CCP,Kagagaling,RBD_CCP
8615,Binantaan|VBTS,Binantaan,VBTS
8616,nangatog|VBTS,nangatog,VBTS
8617,alimango|NNC,alimango,NNC
8618,Mukhang|RBM,Mukhang,RBM
8619,nagbabasa|VBTR,nagbabasa,VBTR
8620,tinapon|VBOF,tinapon,VBOF
8621,binabasahan|VBTR,binabasahan,VBTR
8622,tulungang|RBD_CCP,tulungang,RBD_CCP
8623,Fry|NNP,Fry,NNP
8624,welding|FW,welding,FW
8625,paglulukso|NNC,paglulukso,NNC
8626,Darshana|NNP,Darshana,NNP
8627,Hintayin|VBOF,Hintayin,VBOF
8628,Mag|NNP,Mag,NNP
8629,matapos|VBW,matapos,VBW
8630,Titay|NNC,Titay,NNC
8631,wand|FW,wand,FW
8632,Rameswaram|NNP,Rameswaram,NNP
8633,araw|RBW,araw,RBW
8634,bentilador|NNC,bentilador,NNC
8635,gumugulong|VBTR_VBAF,gumugulong,VBTR_VBAF
8636,kayó|NNC,kayó,NNC
8637,Palumban|NNP,Palumban,NNP
8638,pusaPusa|FW,pusaPusa,FW
8639,kumakanta.pagtaposng|VBAF,kumakanta.pagtaposng,VBAF
8640,arterya|NNC,arterya,NNC
8641,ulop|NNC,ulop,NNC
8642,Ginoong|NNP,Ginoong,NNP
8643,tatawagin|NNC,tatawagin,NNC
8644,Sani|NNP,Sani,NNP
8645,tortang|RBD,tortang,RBD
8646,pagkatunog|NNC,pagkatunog,NNC
8647,Pamagat|NNP,Pamagat,NNP
8648,Araling|NNP,Araling,NNP
8649,nagsilabasan|VBTS,nagsilabasan,VBTS
8650,maglakad|VBW,maglakad,VBW
8651,makiusap|VBW,makiusap,VBW
8652,Puno|NNP,Puno,NNP
8653,??|FW,??,FW
8654,akmang|JJD_CCP,akmang,JJD_CCP
8655,inutusang|RBD_CCP,inutusang,RBD_CCP
8656,curd|FW,curd,FW
8657,sama|CCB,sama,CCB
8658,magtatapos|VBTF,magtatapos,VBTF
8659,Magandang|VBOF_CCP,Magandang,VBOF_CCP
8660,이중언어강사|CDB,이중언어강사,CDB
8661,ngiyaw|VBTS,ngiyaw,VBTS
8662,itinayo|VBOF,itinayo,VBOF
8663,ipalipad|VBOF,ipalipad,VBOF
8664,nauubos|VBTR,nauubos,VBTR
8665,AlTohamiAng|NNP,AlTohamiAng,NNP
8666,aakyatin|VBTF,aakyatin,VBTF
8667,Diretso|JJD,Diretso,JJD
8668,buhay|JJD,buhay,JJD
8669,ElSayed|NNP,ElSayed,NNP
8670,Dira|NNC,Dira,NNC
8671,Pinataas|VBTS,Pinataas,VBTS
8672,Napakabigat|JJCS_JJD,Napakabigat,JJCS_JJD
8673,pagkainIto|VBW,pagkainIto,VBW
8674,Ermitanyong|NNP_CCP,Ermitanyong,NNP_CCP
8675,Napakakisig|VBTS,Napakakisig,VBTS
8676,makakausap|VBW,makakausap,VBW
8677,palundagin|RBD,palundagin,RBD
8678,gagamutin|VBTF,gagamutin,VBTF
8679,mamuno|VBW,mamuno,VBW
8680,gayundin|CCB,gayundin,CCB
8681,patuka|NNC,patuka,NNC
8682,talahib|NNC,talahib,NNC
8683,ginugugol|VBOF,ginugugol,VBOF
8684,nitoAng|NNC_CCP,nitoAng,NNC_CCP
8685,daanan|NNC,daanan,NNC
8686,inilagay|VBOF,inilagay,VBOF
8687,Kumiwal|NNP,Kumiwal,NNP
8688,sasaktan|VBOF,sasaktan,VBOF
8689,Ng|NNP,Ng,NNP
8690,tira|NNC,tira,NNC
8691,humanga|VBTS_VBAF,humanga,VBTS_VBAF
8692,matalasna|VBTF,matalasna,VBTF
8693,Gumagapang|NNP_CCP,Gumagapang,NNP_CCP
8694,Basura|NNP,Basura,NNP
8695,bumagsak|VBAF,bumagsak,VBAF
8696,iyongpagmamahal|FW,iyongpagmamahal,FW
8697,pitsel|NNC,pitsel,NNC
8698,hilang|JJD_CCP,hilang,JJD_CCP
8699,buwaya|NNC,buwaya,NNC
8700,naka|VBTS,naka,VBTS
8701,loran|NNC,loran,NNC
8702,paumanhin|NNC,paumanhin,NNC
8703,nating|PRP_CCP,nating,PRP_CCP
8704,capsicum|FW,capsicum,FW
8705,Tanong|NNC,Tanong,NNC
8706,ganap|RBD,ganap,RBD
8707,naglaho|RBD,naglaho,RBD
8708,bak|FW,bak,FW
8709,aliwinNabalot|NNC,aliwinNabalot,NNC
8710,Dala|VBS,Dala,VBS
8711,pumapayag|VBTR_VBAF,pumapayag,VBTR_VBAF
8712,Ingles|NNP,Ingles,NNP
8713,lipstick|NNC,lipstick,NNC
8714,Nasiraan|VBTS,Nasiraan,VBTS
8715,Pagmasdan|VBW,Pagmasdan,VBW
8716,saring|FW,saring,FW
8717,ba|RBI,ba,RBI
8718,Pakisabihan|NNP,Pakisabihan,NNP
8719,isama|VBOF,isama,VBOF
8720,gusot|NNC,gusot,NNC
8721,Maaliwalas|JJD,Maaliwalas,JJD
8722,pasasayahin|VBOF,pasasayahin,VBOF
8723,dumikit|VBAF,dumikit,VBAF
8724,pinagtaniman|VBTR_VBRF,pinagtaniman,VBTR_VBRF
8725,둔아버지께서는이이야기를통해저희에게여|CDB,둔아버지께서는이이야기를통해저희에게여,CDB
8726,Somsy|NNP,Somsy,NNP
8727,Ares|NNP,Ares,NNP
8728,ipinatawag|VBOF,ipinatawag,VBOF
8729,Nagpaikot|NNP,Nagpaikot,NNP
8730,tabing|FW,tabing,FW
8731,lumot|NNC,lumot,NNC
8732,espesyal|JJD,espesyal,JJD
8733,Inilatag|VBOF,Inilatag,VBOF
8734,Awooo|NNP,Awooo,NNP
8735,ipinangalan|VBTS,ipinangalan,VBTS
8736,pinaglumaang|VBRF_CCP,pinaglumaang,VBRF_CCP
8737,Handa|JJD,Handa,JJD
8738,oksiheno|NNC,oksiheno,NNC
8739,nakatuon|VBTS,nakatuon,VBTS
8740,makalat|JJD,makalat,JJD
8741,gising|JJD,gising,JJD
8742,Luminis|NNP,Luminis,NNP
8743,magwawagi|VBTF,magwawagi,VBTF
8744,Napabalita|VBTS,Napabalita,VBTS
8745,sanasabi|JJD,sanasabi,JJD
8746,magbabago|VBTF,magbabago,VBTF
8747,n'ya|PRS,n'ya,PRS
8748,kendeng|JJD,kendeng,JJD
8749,napatawa|VBTS,napatawa,VBTS
8750,wiz|FW,wiz,FW
8751,kultura|NNC,kultura,NNC
8752,batnag|JJD_CCP,batnag,JJD_CCP
8753,pagsasanay|NNC,pagsasanay,NNC
8754,bungot|FW,bungot,FW
8755,nglalakad|VBTS,nglalakad,VBTS
8756,shanggang|JJD_CCP,shanggang,JJD_CCP
8757,Basahin|NNP,Basahin,NNP
8758,diyan|PRL,diyan,PRL
8759,Partners|NNP,Partners,NNP
8760,nanangangahulugan|VBTR,nanangangahulugan,VBTR
8761,Sakit|NNP,Sakit,NNP
8762,malalanta|JJD,malalanta,JJD
8763,Hilain|VBOF,Hilain,VBOF
8764,nakaligtaan|VBTS,nakaligtaan,VBTS
8765,kina|DTPP,kina,DTPP
8766,magsasagawa|VBTF,magsasagawa,VBTF
8767,.....|NNPA,.....,NNPA
8768,mahihila|JJD,mahihila,JJD
8769,parihabang|JJD_CCP,parihabang,JJD_CCP
8770,pagkainng|JJD_CCP,pagkainng,JJD_CCP
8771,umaapaw|VBTR,umaapaw,VBTR
8772,kasagutang|NNC_CCP,kasagutang,NNC_CCP
8773,kumanta|VBAF,kumanta,VBAF
8774,Uwian|NNP,Uwian,NNP
8775,nasasabi|VBTR,nasasabi,VBTR
8776,nakakaalam|VBTR,nakakaalam,VBTR
8777,Jumpy|NNP,Jumpy,NNP
8778,nasasayang|VBTS_CCP,nasasayang,VBTS_CCP
8779,naghuhukay|VBTR,naghuhukay,VBTR
8780,ikakasal|JJD,ikakasal,JJD
8781,aahit|FW,aahit,FW
8782,pinakamaamong|JJCS_JJD,pinakamaamong,JJCS_JJD
8783,Whoosh|NNP,Whoosh,NNP
8784,liwasan|NNC,liwasan,NNC
8785,Nagliliparan|VBTS,Nagliliparan,VBTS
8786,naggagawa|VBTR,naggagawa,VBTR
8787,safron|NNC,safron,NNC
8788,ilalim|JJD,ilalim,JJD
8789,makaliligtas|VBTF,makaliligtas,VBTF
8790,bili|FW,bili,FW
8791,mapula|JJD,mapula,JJD
8792,iniabot|VBOF,iniabot,VBOF
8793,shanggang|NNC_CCP,shanggang,NNC_CCP
8794,PUSA|NNPA,PUSA,NNPA
8795,Nag|VBTS,Nag,VBTS
8796,Dolma|NNP,Dolma,NNP
8797,isat|FW,isat,FW
8798,nakararanas|VBTR,nakararanas,VBTR
8799,Kilalang|JJD_CCP,Kilalang,JJD_CCP
8800,pailawan|NNC,pailawan,NNC
8801,nakakapagbilang|VBTR_CCP,nakakapagbilang,VBTR_CCP
8802,Amin|NNP,Amin,NNP
8803,Ibong|NNP,Ibong,NNP
8804,agencies|FW,agencies,FW
8805,koronang|NNC_CCP,koronang,NNC_CCP
8806,siyam|JJN,siyam,JJN
8807,malinamnam|JJD,malinamnam,JJD
8808,daga|NNC,daga,NNC
8809,even|FW,even,FW
8810,impormasyong|NNC_CCP,impormasyong,NNC_CCP
8811,napapatungan|VBTR,napapatungan,VBTR
8812,siling|NNC_CCP,siling,NNC_CCP
8813,Helen|NNP,Helen,NNP
8814,Monu|NNP,Monu,NNP
8815,kuha|NNC,kuha,NNC
8816,saranggola|JJD,saranggola,JJD
8817,importante|JJD,importante,JJD
8818,Magpahanggang|NNP_CCP,Magpahanggang,NNP_CCP
8819,Unahan|VBTS,Unahan,VBTS
8820,Babae|NNP,Babae,NNP
8821,patag|JJD,patag,JJD
8822,madurog|VBW,madurog,VBW
8823,coppersmith|FW,coppersmith,FW
8824,nakasimangot|JJD,nakasimangot,JJD
8825,Mawalang|NNP,Mawalang,NNP
8826,centipedes|FW,centipedes,FW
8827,Naligaw|VBTS,Naligaw,VBTS
8828,pauwi|RBD,pauwi,RBD
8829,Litong|NNP,Litong,NNP
8830,LIK|NNPA,LIK,NNPA
8831,Nagtuturo|VBTR,Nagtuturo,VBTR
8832,Teng|NNP,Teng,NNP
8833,Nge|NNP,Nge,NNP
8834,Oras|NNP,Oras,NNP
8835,lumalagabog|VBTR_VBAF,lumalagabog,VBTR_VBAF
8836,Arcoiris|NNP,Arcoiris,NNP
8837,involves|FW,involves,FW
8838,Auring|NNP,Auring,NNP
8839,tanghalin|VBOF,tanghalin,VBOF
8840,magpapraktis|VBW,magpapraktis,VBW
8841,Ayuuun|NNP,Ayuuun,NNP
8842,galitin|VBOF,galitin,VBOF
8843,Pinag|VBRF,Pinag,VBRF
8844,nanghina|VBTS,nanghina,VBTS
8845,pelikula|NNC,pelikula,NNC
8846,Babantayan|NNP,Babantayan,NNP
8847,bzzz|FW,bzzz,FW
8848,NyauNyau|NNP,NyauNyau,NNP
8849,nga|RBI,nga,RBI
8850,relasyon|NNC,relasyon,NNC
8851,isinasagawa|VBTR,isinasagawa,VBTR
8852,ballet|NNC,ballet,NNC
8853,Kinakain|VBTR,Kinakain,VBTR
8854,Lao|NNP,Lao,NNP
8855,Kwentong|NNP,Kwentong,NNP
8856,Nakayuko|VBTS,Nakayuko,VBTS
8857,kababaihan|NNC,kababaihan,NNC
8858,Good|NNP,Good,NNP
8859,paaralanSa|JJD,paaralanSa,JJD
8860,nagpipintura|VBTS,nagpipintura,VBTS
8861,magagabihan|VBTF,magagabihan,VBTF
8862,Angie|NNP,Angie,NNP
8863,napakapayat|JJCS_JJD,napakapayat,JJCS_JJD
8864,nanghihikayat|VBTR,nanghihikayat,VBTR
8865,nanlalatang|VBTR_CCP,nanlalatang,VBTR_CCP
8866,sahog|NNC,sahog,NNC
8867,iingay|VBTF,iingay,VBTF
8868,uy|FW,uy,FW
8869,Nagsasagawa|VBTR,Nagsasagawa,VBTR
8870,Baliwala|NNP,Baliwala,NNP
8871,Sinulat|VBOF,Sinulat,VBOF
8872,kabuuang|PRI_CCP,kabuuang,PRI_CCP
8873,alimasag|NNC,alimasag,NNC
8874,Muna|NNP,Muna,NNP
8875,aasikaso|VBTF,aasikaso,VBTF
8876,mgatahanan|NNC,mgatahanan,NNC
8877,binababad|VBTR,binababad,VBTR
8878,pinangunahan|VBTS,pinangunahan,VBTS
8879,shuttlecock|FW,shuttlecock,FW
8880,Aw|NNP,Aw,NNP
8881,",45|CDB",",45",CDB
8882,Isasama|VBTF,Isasama,VBTF
8883,sambot|NNC,sambot,NNC
8884,makapagpasalamat|VBW,makapagpasalamat,VBW
8885,takdang|JJD_CCP,takdang,JJD_CCP
8886,masilayan|VBW,masilayan,VBW
8887,paalam|NNC,paalam,NNC
8888,tilamsik|NNC,tilamsik,NNC
8889,Tinutupi|NNP,Tinutupi,NNP
8890,Naglunsad|VBTS,Naglunsad,VBTS
8891,Tonle|NNP,Tonle,NNP
8892,pangisda|NNC,pangisda,NNC
8893,publish|JJD,publish,JJD
8894,Pinapalipad|VBTR,Pinapalipad,VBTR
8895,Skis|NNP,Skis,NNP
8896,Wilson|NNP,Wilson,NNP
8897,Papatunayan|VBTF,Papatunayan,VBTF
8898,bunsong|JJD_CCP,bunsong,JJD_CCP
8899,pinaggagawa|VBTR_VBRF,pinaggagawa,VBTR_VBRF
8900,kumilos|VBAF,kumilos,VBAF
8901,mangha|NNC,mangha,NNC
8902,pinakamagagandang|JJCS_JJD_CCP,pinakamagagandang,JJCS_JJD_CCP
8903,mamigay|VBW,mamigay,VBW
8904,gatas|NNC,gatas,NNC
8905,makalapit|VBW,makalapit,VBW
8906,pagbago|NNC,pagbago,NNC
8907,Kitab|NNP,Kitab,NNP
8908,lumalambitin|VBTR_VBAF,lumalambitin,VBTR_VBAF
8909,sinaing|FW,sinaing,FW
8910,patay|NNC,patay,NNC
8911,nagmumuni|VBTS,nagmumuni,VBTS
8912,tres|FW,tres,FW
8913,nagsasaliksik|VBTR,nagsasaliksik,VBTR
8914,한국에와서도한국말을잘하지는못해도제가좋|PMS,한국에와서도한국말을잘하지는못해도제가좋,PMS
8915,Nagkatinginan|VBTS,Nagkatinginan,VBTS
8916,Tik|NNP,Tik,NNP
8917,agila|JJD,agila,JJD
8918,aalaga|VBTF,aalaga,VBTF
8919,kasiglahan|NNC,kasiglahan,NNC
8920,nagawang|VBTS_CCP,nagawang,VBTS_CCP
8921,cooker|FW,cooker,FW
8922,magpasalamat|VBAF,magpasalamat,VBAF
8923,Malaki|JJD,Malaki,JJD
8924,bintana|NNC,bintana,NNC
8925,Magtatrabaho|VBTF,Magtatrabaho,VBTF
8926,artist|FW,artist,FW
8927,Indian|NNP,Indian,NNP
8928,ganiyan|PRC_CCP,ganiyan,PRC_CCP
8929,ardilya|NNC,ardilya,NNC
8930,Billy|NNP,Billy,NNP
8931,suriin|VBOF,suriin,VBOF
8932,apong|NNC_CCP,apong,NNC_CCP
8933,dambana|NNC,dambana,NNC
8934,maerong|JJD_CCP,maerong,JJD_CCP
8935,pawis|NNC,pawis,NNC
8936,Matiyagang|RBD_CCP,Matiyagang,RBD_CCP
8937,ipinasyal|JJD,ipinasyal,JJD
8938,sisihin|VBOF,sisihin,VBOF
8939,magturuan|VBW,magturuan,VBW
8940,mailabas|VBW,mailabas,VBW
8941,sasakit|VBTF,sasakit,VBTF
8942,lumanghap|VBAF,lumanghap,VBAF
8943,pupungas|NNC,pupungas,NNC
8944,Napakasakit|VBTR,Napakasakit,VBTR
8945,tumaas|VBAF,tumaas,VBAF
8946,hugis|NNC,hugis,NNC
8947,Mikoy|NNP,Mikoy,NNP
8948,nilamon|VBTS,nilamon,VBTS
8949,magpamilya|VBAF,magpamilya,VBAF
8950,aksyong|NNC_CCP,aksyong,NNC_CCP
8951,payaso|NNC,payaso,NNC
8952,nakakuha|VBTS,nakakuha,VBTS
8953,tulak|NNC,tulak,NNC
8954,Buksan|VBOF,Buksan,VBOF
8955,ding|RBI_CCP,ding,RBI_CCP
8956,Basha|NNP,Basha,NNP
8957,Ituloy|NNP,Ituloy,NNP
8958,astronomiya|NNC,astronomiya,NNC
8959,natumba|VBTS,natumba,VBTS
8960,Gumugol|VBAF,Gumugol,VBAF
8961,Suportado|JJD,Suportado,JJD
8962,sando|NNC,sando,NNC
8963,Nasanay|VBTS,Nasanay,VBTS
8964,tsarts|NNC,tsarts,NNC
8965,tagyelo|NNC,tagyelo,NNC
8966,Bong|NNP,Bong,NNP
8967,Prutas|NNP,Prutas,NNP
8968,ipaliwanag|VBOF,ipaliwanag,VBOF
8969,iyongbibig|FW,iyongbibig,FW
8970,Maabot|VBW,Maabot,VBW
8971,pagkabigla|NNC,pagkabigla,NNC
8972,Nagmistulang|VBTS_CCP,Nagmistulang,VBTS_CCP
8973,nakain|VBTS,nakain,VBTS
8974,Neehal|NNP,Neehal,NNP
8975,nahinog|VBTS,nahinog,VBTS
8976,andito|CDB,andito,CDB
8977,buwang|NNC_CCP,buwang,NNC_CCP
8978,pinakamaliwanag|JJCS_JJD,pinakamaliwanag,JJCS_JJD
8979,nagtatali|VBTR,nagtatali,VBTR
8980,galak|NNC,galak,NNC
8981,itatali|VBOF,itatali,VBOF
8982,Nagmukang|VBTS_CCP,Nagmukang,VBTS_CCP
8983,pagbubungkal|NNC,pagbubungkal,NNC
8984,kalawakan|NNC,kalawakan,NNC
8985,crossing|FW,crossing,FW
8986,Kyung|NNP,Kyung,NNP
8987,Mabigat|JJD,Mabigat,JJD
8988,panatilihing|RBD_CCP,panatilihing,RBD_CCP
8989,yaya|NNC,yaya,NNC
8990,sira|JJD,sira,JJD
8991,HATCHU|NNPA,HATCHU,NNPA
8992,makarinig|VBW,makarinig,VBW
8993,punso|NNC,punso,NNC
8994,1998iyon|CDB,1998iyon,CDB
8995,palamuti|NNC,palamuti,NNC
8996,nakapikit|VBTS,nakapikit,VBTS
8997,Nagmamadling|RBD_CCP,Nagmamadling,RBD_CCP
8998,pagdami|NNC,pagdami,NNC
8999,hudyat|NNC,hudyat,NNC
9000,priyoridad|NNC,priyoridad,NNC
9001,aba|FW,aba,FW
9002,kapalit|NNC,kapalit,NNC
9003,Pinangalanan|VBOF,Pinangalanan,VBOF
9004,Magaling|JJD,Magaling,JJD
9005,nilaga|JJD,nilaga,JJD
9006,materyales|NNC,materyales,NNC
9007,naputol|VBTS,naputol,VBTS
9008,Napakabait|NNP,Napakabait,NNP
9009,masasarap|VBW,masasarap,VBW
9010,nagkikislapan|VBTS,nagkikislapan,VBTS
9011,kreyn|NNC,kreyn,NNC
9012,Nabonno|NNP,Nabonno,NNP
9013,Sinimulan|VBTS,Sinimulan,VBTS
9014,Natahimik|VBTS,Natahimik,VBTS
9015,umaakyat|VBTR_VBAF,umaakyat,VBTR_VBAF
9016,Maggy|NNP,Maggy,NNP
9017,humikab|NNC,humikab,NNC
9018,kaniláng|JJD_CCP,kaniláng,JJD_CCP
9019,turo|NNC,turo,NNC
9020,gawinng|PRC_CCP,gawinng,PRC_CCP
9021,Delaheya|NNP,Delaheya,NNP
9022,rebisyon|NNC,rebisyon,NNC
9023,palengke|NNC,palengke,NNC
9024,Punong|NNP_CCP,Punong,NNP_CCP
9025,mam|NNC,mam,NNC
9026,Aama|NNP,Aama,NNP
9027,Tigilllllll|NNP,Tigilllllll,NNP
9028,Inalis|VBTS,Inalis,VBTS
9029,joke|FW,joke,FW
9030,naglaro|VBTS,naglaro,VBTS
9031,Khatri|NNP,Khatri,NNP
9032,Ping|FW,Ping,FW
9033,KANILANG|NNPA,KANILANG,NNPA
9034,Mahaba|JJD,Mahaba,JJD
9035,painit|RBD,painit,RBD
9036,negatibong|JJD_CCP,negatibong,JJD_CCP
9037,Cinderella|NNP,Cinderella,NNP
9038,paisa|NNC,paisa,NNC
9039,sinisiksik|VBTR,sinisiksik,VBTR
9040,their|FW,their,FW
9041,halamang|NNC_CCP,halamang,NNC_CCP
9042,napakasaya|JJCS_JJD,napakasaya,JJCS_JJD
9043,Maninisid|NNP,Maninisid,NNP
9044,pagsama|NNC,pagsama,NNC
9045,25taon|RBW,25taon,RBW
9046,nagsimba|VBTS,nagsimba,VBTS
9047,flicks|FW,flicks,FW
9048,Biktima|NNP,Biktima,NNP
9049,s|NNCA,s,NNCA
9050,plasa|NNC,plasa,NNC
9051,tanong|NNC,tanong,NNC
9052,nagpalundag|VBTS,nagpalundag,VBTS
9053,DepEd|FW,DepEd,FW
9054,sopresang|NNC_CCP,sopresang,NNC_CCP
9055,Lah|NNP,Lah,NNP
9056,Alas|NNP,Alas,NNP
9057,aklatan|NNC,aklatan,NNC
9058,Naghintay|VBTS,Naghintay,VBTS
9059,minasdan|VBOF,minasdan,VBOF
9060,magpunta|VBAF,magpunta,VBAF
9061,Nagpatuloy|VBTS,Nagpatuloy,VBTS
9062,pandemic|FW,pandemic,FW
9063,dumulas|VBAF,dumulas,VBAF
9064,Himalayas|NNP,Himalayas,NNP
9065,damo|NNC,damo,NNC
9066,nababagabag|VBTR,nababagabag,VBTR
9067,.0|CDB,.0,CDB
9068,mistakes|FW,mistakes,FW
9069,makahawa|VBW,makahawa,VBW
9070,Chamnan|NNP,Chamnan,NNP
9071,Estee|NNP,Estee,NNP
9072,Wasim|NNP,Wasim,NNP
9073,laruang|NNC_CCP,laruang,NNC_CCP
9074,nakaturo|VBTS,nakaturo,VBTS
9075,patakbong|RBD_CCP,patakbong,RBD_CCP
9076,math|FW,math,FW
9077,무척이나좋아한답니다|NNC,무척이나좋아한답니다,NNC
9078,Dumating|VBAF,Dumating,VBAF
9079,kendi|NNC,kendi,NNC
9080,Zakadam|NNP,Zakadam,NNP
9081,Kailangn|NNP,Kailangn,NNP
9082,nagwagayway|VBTR,nagwagayway,VBTR
9083,palakad|RBD,palakad,RBD
9084,Inisip|VBTS,Inisip,VBTS
9085,Mahalaga|JJD,Mahalaga,JJD
9086,mararating|VBTF,mararating,VBTF
9087,ipinahayag|VBTS,ipinahayag,VBTS
9088,mali|JJD,mali,JJD
9089,tumingkayad|VBTR_VBAF,tumingkayad,VBTR_VBAF
9090,nahihilo|VBTS,nahihilo,VBTS
9091,Nakahinga|VBTS,Nakahinga,VBTS
9092,relationship|FW,relationship,FW
9093,kausapin|VBOF,kausapin,VBOF
9094,mahirap|RBD,mahirap,RBD
9095,ipinulupot|VBTS,ipinulupot,VBTS
9096,Bilin|NNP,Bilin,NNP
9097,pagtataguyod|VBW,pagtataguyod,VBW
9098,makipagkaibigan|VBW,makipagkaibigan,VBW
9099,nakaabang|VBTS,nakaabang,VBTS
9100,tamaan|VBTF,tamaan,VBTF
9101,ganun|PRC,ganun,PRC
9102,Tumalikod|VBAF,Tumalikod,VBAF
9103,ambeberde|FW,ambeberde,FW
9104,Bubuga|NNP,Bubuga,NNP
9105,manga|NNC,manga,NNC
9106,Anh|NNP,Anh,NNP
9107,naghuhukay|VBTS,naghuhukay,VBTS
9108,humakbang|VBAF,humakbang,VBAF
9109,kalendaryo|NNC,kalendaryo,NNC
9110,mantikilya|NNC,mantikilya,NNC
9111,nagsuksok|VBTS,nagsuksok,VBTS
9112,Neeemboo|NNP,Neeemboo,NNP
9113,titignan|VBOF,titignan,VBOF
9114,다|NNCA,다,NNCA
9115,tuliro|JJD,tuliro,JJD
9116,Masayang|NNC_CCP,Masayang,NNC_CCP
9117,Anong|PRQ_CCP,Anong,PRQ_CCP
9118,sinalakay|VBTS,sinalakay,VBTS
9119,Koff|NNP,Koff,NNP
9120,uodSetyembre|NNC,uodSetyembre,NNC
9121,magkasya|VBW,magkasya,VBW
9122,nagrereklamo|VBTS,nagrereklamo,VBTS
9123,지금까지과학자들이온갖지식과지혜|CDB,지금까지과학자들이온갖지식과지혜,CDB
9124,Dunlop|FW,Dunlop,FW
9125,Totoong|RBT_CCP,Totoong,RBT_CCP
9126,lakh|FW,lakh,FW
9127,GThM|NNP,GThM,NNP
9128,Nagmamadaling|VBTS_CCP,Nagmamadaling,VBTS_CCP
9129,natakasan|VBTS,natakasan,VBTS
9130,nasasaktan|VBTR,nasasaktan,VBTR
9131,nagpakulo|VBTS,nagpakulo,VBTS
9132,ipahayag|VBOF,ipahayag,VBOF
9133,sumang|NNC_CCP,sumang,NNC_CCP
9134,umakyat|VBAF,umakyat,VBAF
9135,Napapahawak|JJCS_JJD,Napapahawak,JJCS_JJD
9136,Kyle|NNP,Kyle,NNP
9137,patulugin|RBD,patulugin,RBD
9138,Bahagyang|RBD_CCP,Bahagyang,RBD_CCP
9139,Urgen|NNP,Urgen,NNP
9140,Kinusot|NNP,Kinusot,NNP
9141,kalabog|JJD,kalabog,JJD
9142,Sampu|JJN,Sampu,JJN
9143,Itinaboy|VBTS,Itinaboy,VBTS
9144,Saad|NNP,Saad,NNP
9145,natutuhan|VBTS,natutuhan,VBTS
9146,Sayaw|NNP,Sayaw,NNP
9147,Tagapamatnugot|NNP,Tagapamatnugot,NNP
9148,Nutuwa|VBTS,Nutuwa,VBTS
9149,isinama|VBOF,isinama,VBOF
9150,duktoran|FW,duktoran,FW
9151,Reklamo|NNC,Reklamo,NNC
9152,Nay|VBTS,Nay,VBTS
9153,Nangingitlog|VBTR,Nangingitlog,VBTR
9154,karagdagang|JJD_CCP,karagdagang,JJD_CCP
9155,paborito|NNC,paborito,NNC
9156,rason|NNC,rason,NNC
9157,samu|FW,samu,FW
9158,10taong|CDB,10taong,CDB
9159,napa|RBD,napa,RBD
9160,Hinahatak|VBOF,Hinahatak,VBOF
9161,Siguraduhing|VBTR_CCP,Siguraduhing,VBTR_CCP
9162,pinatunog|VBTS,pinatunog,VBTS
9163,iingatan|VBOF,iingatan,VBOF
9164,bunga|JJD,bunga,JJD
9165,Steven|NNP,Steven,NNP
9166,Chrek|NNP,Chrek,NNP
9167,kalan|NNC,kalan,NNC
9168,habulin|VBOF,habulin,VBOF
9169,Crawly|NNP,Crawly,NNP
9170,higop|FW,higop,FW
9171,Karamiha|NNP,Karamiha,NNP
9172,nakagamit|VBTR,nakagamit,VBTR
9173,Alimango|NNC,Alimango,NNC
9174,bawat|PRI,bawat,PRI
9175,interes|NNC,interes,NNC
9176,natakot|VBTS,natakot,VBTS
9177,Maghuhugas|NNP,Maghuhugas,NNP
9178,initin|VBTS,initin,VBTS
9179,taya|NNC,taya,NNC
9180,mgabuto|NNC,mgabuto,NNC
9181,Madulas|NNP,Madulas,NNP
9182,lumikas|VBTS_VBAF,lumikas,VBTS_VBAF
9183,Una|CDB,Una,CDB
9184,tingting|NNC,tingting,NNC
9185,Pinapakain|VBTR,Pinapakain,VBTR
9186,oxygen|FW,oxygen,FW
9187,putungo|NNC,putungo,NNC
9188,magkalapit|VBW,magkalapit,VBW
9189,sumirko|VBAF,sumirko,VBAF
9190,internet|NNC,internet,NNC
9191,Natumba|VBTS,Natumba,VBTS
9192,Nailigtas|VBTS,Nailigtas,VBTS
9193,Mag|NNCA,Mag,NNCA
9194,Nagmamadaling|RBD_CCP,Nagmamadaling,RBD_CCP
9195,pagkakapantay|NNC,pagkakapantay,NNC
9196,plorera|NNC,plorera,NNC
9197,ihalo|VBOF,ihalo,VBOF
9198,pahilis|RBD,pahilis,RBD
9199,isadang|NNC_CCP,isadang,NNC_CCP
9200,Ballet|NNP,Ballet,NNP
9201,Kumaway|VBAF,Kumaway,VBAF
9202,Galit|JJD,Galit,JJD
9203,Bulang|NNC_CCP,Bulang,NNC_CCP
9204,pinupuri|VBTR,pinupuri,VBTR
9205,ibahagi|VBOF,ibahagi,VBOF
9206,masustentuhan|VBW,masustentuhan,VBW
9207,Mamumuhay|NNP,Mamumuhay,NNP
9208,Gng|NNCA,Gng,NNCA
9209,bungang|NNC_CCP,bungang,NNC_CCP
9210,pagsasaling|NNC_CCP,pagsasaling,NNC_CCP
9211,marumi|JJD,marumi,JJD
9212,Room|NNP,Room,NNP
9213,Krus|NNP,Krus,NNP
9214,Napatingin|VBTS,Napatingin,VBTS
9215,maihiwalay|VBW,maihiwalay,VBW
9216,keyk|NNC,keyk,NNC
9217,Makisig|VBW,Makisig,VBW
9218,Kamaligan|NNP,Kamaligan,NNP
9219,namatay|VBTS,namatay,VBTS
9220,niluto|VBTS,niluto,VBTS
9221,children|FW,children,FW
9222,oras|NNC,oras,NNC
9223,maganap|VBW,maganap,VBW
9224,Orihinal|JJD,Orihinal,JJD
9225,Sinunggaban|VBTS,Sinunggaban,VBTS
9226,PanlipunanNgunit|NNP,PanlipunanNgunit,NNP
9227,magpintura|VBW,magpintura,VBW
9228,nylon|NNC,nylon,NNC
9229,bangka|NNC,bangka,NNC
9230,nakaraang|VBTS_CCP,nakaraang,VBTS_CCP
9231,BFA|NNPA,BFA,NNPA
9232,kumintay|VBAF,kumintay,VBAF
9233,Hop|NNP,Hop,NNP
9234,latian|NNC,latian,NNC
9235,magmumukha|VBW,magmumukha,VBW
9236,pangangamot|NNC,pangangamot,NNC
9237,´|PMS,´,PMS
9238,Hinawakang|NNP_CCP,Hinawakang,NNP_CCP
9239,magpiknik|VBAF,magpiknik,VBAF
9240,Putakti|NNP,Putakti,NNP
9241,Pagkatapos|VBW,Pagkatapos,VBW
9242,!!|PMS,!!,PMS
9243,akit|NNC,akit,NNC
9244,it|FW,it,FW
9245,Odisha|NNP,Odisha,NNP
9246,Bawal|JJD,Bawal,JJD
9247,suplay|NNC,suplay,NNC
9248,Roxas|NNP,Roxas,NNP
9249,was|FW,was,FW
9250,anemones|FW,anemones,FW
9251,nyo|NNCA,nyo,NNCA
9252,magaspang|JJD,magaspang,JJD
9253,Bopp|NNP,Bopp,NNP
9254,pagkatuwa|VBW,pagkatuwa,VBW
9255,NAKUHA|NNPA,NAKUHA,NNPA
9256,kunwari|JJD,kunwari,JJD
9257,saya|VBS,saya,VBS
9258,kadiliman|NNC,kadiliman,NNC
9259,pagduduyan|NNC,pagduduyan,NNC
9260,Edukasyon|NNP,Edukasyon,NNP
9261,mukhang|RBM,mukhang,RBM
9262,Libro|NNP,Libro,NNP
9263,malunggay|NNC,malunggay,NNC
9264,Aalagaan|NNP,Aalagaan,NNP
9265,Michelle|NNP,Michelle,NNP
9266,ipinagkaloob|VBTS,ipinagkaloob,VBTS
9267,pumuno|VBAF,pumuno,VBAF
9268,layang|NNC_CCP,layang,NNC_CCP
9269,Lumapit|VBTS_VBAF,Lumapit,VBTS_VBAF
9270,agahan|NNC,agahan,NNC
9271,dipa|FW,dipa,FW
9272,Aklat|NNP,Aklat,NNP
9273,Narinig|VBTS,Narinig,VBTS
9274,dulot|JJD,dulot,JJD
9275,Barangay|NNP,Barangay,NNP
9276,ginamitan|VBOF,ginamitan,VBOF
9277,mayroong|VBH_CCP,mayroong,VBH_CCP
9278,Ulang|NNP,Ulang,NNP
9279,nagsusuot|VBTR,nagsusuot,VBTR
9280,nagniningning|VBTR,nagniningning,VBTR
9281,Imile|NNP,Imile,NNP
9282,Wala|VBN,Wala,VBN
9283,iiyak|VBTF,iiyak,VBTF
9284,Bilang|CCT,Bilang,CCT
9285,tiyakad|NNC,tiyakad,NNC
9286,kuliflor|NNC,kuliflor,NNC
9287,umambon|VBAF,umambon,VBAF
9288,manghang|NNC_CCP,manghang,NNC_CCP
9289,mamumuno|VBW,mamumuno,VBW
9290,daling|RBD_CCP,daling,RBD_CCP
9291,Iniligpit|VBTS,Iniligpit,VBTS
9292,naghaharutan|VBTR,naghaharutan,VBTR
9293,Marunong|JJD,Marunong,JJD
9294,marinig|VBW,marinig,VBW
9295,Kasama|CCB,Kasama,CCB
9296,Nahumaling|VBTS,Nahumaling,VBTS
9297,sinasabihang|VBTR_CCP,sinasabihang,VBTR_CCP
9298,nakabubuti|VBTR,nakabubuti,VBTR
9299,Sina|DTPP,Sina,DTPP
9300,nitoang|NNC_CCP,nitoang,NNC_CCP
9301,orange|FW,orange,FW
9302,Naipaisip|VBTS,Naipaisip,VBTS
9303,saiyo|NNC,saiyo,NNC
9304,susunod|JJD,susunod,JJD
9305,pansin|NNC,pansin,NNC
9306,Malamang|RBI,Malamang,RBI
9307,Visit|NNP,Visit,NNP
9308,Itatama|NNP,Itatama,NNP
9309,nagsilantahan|VBTS,nagsilantahan,VBTS
9310,pumuputi|VBTR_VBAF,pumuputi,VBTR_VBAF
9311,lalakarin|VBTF,lalakarin,VBTF
9312,sambit|CCR,sambit,CCR
9313,banigPusa|NNC,banigPusa,NNC
9314,Creek|NNP,Creek,NNP
9315,Segundo|NNP,Segundo,NNP
9316,nailigtas|VBTS,nailigtas,VBTS
9317,Nananaginip|VBTR,Nananaginip,VBTR
9318,waks|NNC,waks,NNC
9319,olive|FW,olive,FW
9320,Isinama|VBTS,Isinama,VBTS
9321,makikiraan|VBW,makikiraan,VBW
9322,nakakapagod|VBTR,nakakapagod,VBTR
9323,Tinusok|NNP,Tinusok,NNP
9324,LibroMahilig|FW,LibroMahilig,FW
9325,pinakamatalik|JJCS_JJD,pinakamatalik,JJCS_JJD
9326,paghagis|NNC,paghagis,NNC
9327,Nagpagpag|VBTS,Nagpagpag,VBTS
9328,Pagbilang|NNP_CCP,Pagbilang,NNP_CCP
9329,bumubukang|NNC_CCP,bumubukang,NNC_CCP
9330,RRIINNGG|NNP,RRIINNGG,NNP
9331,dumungaw|VBAF,dumungaw,VBAF
9332,;|PMSC,;,PMSC
9333,Ginamit|VBOF,Ginamit,VBOF
9334,paikot|JJD,paikot,JJD
9335,biskwit|NNC,biskwit,NNC
9336,masasarap|JJD,masasarap,JJD
9337,Pula|NNP,Pula,NNP
9338,lulutang|RBD_CCP,lulutang,RBD_CCP
9339,kawangis|NNC,kawangis,NNC
9340,lumang|JJD_CCP,lumang,JJD_CCP
9341,Sakor|RBD,Sakor,RBD
9342,Agua|NNP,Agua,NNP
9343,liable|FW,liable,FW
9344,designed|FW,designed,FW
9345,magsasakang|NNC_CCP,magsasakang,NNC_CCP
9346,Eekkk|NNP,Eekkk,NNP
9347,mostly|FW,mostly,FW
9348,Patingin|NNP,Patingin,NNP
9349,palagayan|NNC,palagayan,NNC
9350,Masayang|NNP_CCP,Masayang,NNP_CCP
9351,ikabubuti|NNC,ikabubuti,NNC
9352,Mahuhulaan|VBTF,Mahuhulaan,VBTF
9353,upangmakipagkita|VBTR,upangmakipagkita,VBTR
9354,thermometer|FW,thermometer,FW
9355,Pamati|NNP,Pamati,NNP
9356,non-standard|FW,non-standard,FW
9357,nagseselos|VBTR,nagseselos,VBTR
9358,Isplas|NNP,Isplas,NNP
9359,katas|NNC,katas,NNC
9360,Pagkasubo|VBW,Pagkasubo,VBW
9361,지구|PMS,지구,PMS
9362,atin|PRSP,atin,PRSP
9363,napakahina|JJCS_JJD,napakahina,JJCS_JJD
9364,Nagkatotoo|VBTR,Nagkatotoo,VBTR
9365,namitas|VBTS,namitas,VBTS
9366,basa|NNC,basa,NNC
9367,Magpapraktis|NNP,Magpapraktis,NNP
9368,Iriga|NNP,Iriga,NNP
9369,저는도서관에서책읽|CDB,저는도서관에서책읽,CDB
9370,pamingwit|NNC,pamingwit,NNC
9371,Naga|NNP,Naga,NNP
9372,ngiting|FW,ngiting,FW
9373,programming|FW,programming,FW
9374,Neeeeeeey|NNP,Neeeeeeey,NNP
9375,pabaling|FW,pabaling,FW
9376,nagkakarera|VBTR,nagkakarera,VBTR
9377,Sulawesi|NNP,Sulawesi,NNP
9378,paglutang|NNC,paglutang,NNC
9379,uulit|VBTF,uulit,VBTF
9380,Nako|NNP,Nako,NNP
9381,Nahuli|VBTS,Nahuli,VBTS
9382,Pinapili|VBTR,Pinapili,VBTR
9383,aaral|FW,aaral,FW
9384,pagpasok|NNC,pagpasok,NNC
9385,Iginuhit|VBOF,Iginuhit,VBOF
9386,Porcupine|NNP,Porcupine,NNP
9387,Nilalayon|VBTR,Nilalayon,VBTR
9388,batya|NNC,batya,NNC
9389,impake|FW,impake,FW
9390,karots|FW,karots,FW
9391,bakyum|NNC,bakyum,NNC
9392,Pinagtulong|VBRF,Pinagtulong,VBRF
9393,natuli|VBTS,natuli,VBTS
9394,UN|NNPA,UN,NNPA
9395,Kinaumagahan|NNP,Kinaumagahan,NNP
9396,pagtagpi|NNC,pagtagpi,NNC
9397,ehersisyo|NNC,ehersisyo,NNC
9398,tuwalya|NNC,tuwalya,NNC
9399,libro|NNC,libro,NNC
9400,lalawigan|NNC,lalawigan,NNC
9401,naibalik|VBTS,naibalik,VBTS
9402,maihahambing|VBTF,maihahambing,VBTF
9403,Nay|NNP,Nay,NNP
9404,Nasa|RBL,Nasa,RBL
9405,umuulan|VBTR_VBAF,umuulan,VBTR_VBAF
9406,pakawalan|RBD,pakawalan,RBD
9407,lusak|NNC,lusak,NNC
9408,aaral|NNC,aaral,NNC
9409,pagpapatuyo|NNC,pagpapatuyo,NNC
9410,Tang|NNP,Tang,NNP
9411,literacythrough|FW,literacythrough,FW
9412,slate|FW,slate,FW
9413,san|RBQ,san,RBQ
9414,batis|NNC,batis,NNC
9415,nagpaampang|VBTS,nagpaampang,VBTS
9416,tamad|JJD,tamad,JJD
9417,Reyna|NNP,Reyna,NNP
9418,nalanghap|VBTS,nalanghap,VBTS
9419,Meringhyun|NNP,Meringhyun,NNP
9420,o|CCT,o,CCT
9421,leaf|FW,leaf,FW
9422,Manang|NNP,Manang,NNP
9423,KAHAPON|NNPA,KAHAPON,NNPA
9424,electronic|FW,electronic,FW
9425,Takot|NNC,Takot,NNC
9426,nabawing|VBTS_CCP,nabawing,VBTS_CCP
9427,Ginamit|VBTS,Ginamit,VBTS
9428,Pumutak|NNP,Pumutak,NNP
9429,ganoon|PRC,ganoon,PRC
9430,striker|FW,striker,FW
9431,klase|NNC,klase,NNC
9432,Niyo|NNP,Niyo,NNP
9433,Nagtrabaho|VBTS,Nagtrabaho,VBTS
9434,tuli|RBW,tuli,RBW
9435,maisauli|VBW,maisauli,VBW
9436,uhaw|JJD,uhaw,JJD
9437,aabutin|VBTF,aabutin,VBTF
9438,Dugug|NNP,Dugug,NNP
9439,palimbagang|NNC_CCP,palimbagang,NNC_CCP
9440,tuk|FW,tuk,FW
9441,pumagaspas|VBAF,pumagaspas,VBAF
9442,Tinulak|VBOF,Tinulak,VBOF
9443,Ruru|NNP,Ruru,NNP
9444,magbigay|VBW,magbigay,VBW
9445,Ezra|NNP,Ezra,NNP
9446,Nap|NNP,Nap,NNP
9447,magpagabi|VBAF,magpagabi,VBAF
9448,kapalaran|NNC,kapalaran,NNC
9449,iyan|PRO,iyan,PRO
9450,Napapaisip|VBTS,Napapaisip,VBTS
9451,Teacher|NNP,Teacher,NNP
9452,kalimutan|VBOF,kalimutan,VBOF
9453,mangkok|NNC,mangkok,NNC
9454,pagpaplano|VBW,pagpaplano,VBW
9455,gagamitin|VBTF,gagamitin,VBTF
9456,Agency|NNP,Agency,NNP
9457,anuman|PRI,anuman,PRI
9458,bayan|NNC,bayan,NNC
9459,nagpaikot|VBTS,nagpaikot,VBTS
9460,Papelastika|NNP,Papelastika,NNP
9461,Papuntang|RBL_CCP,Papuntang,RBL_CCP
9462,learning|FW,learning,FW
9463,palabiro|JJD,palabiro,JJD
9464,Muling|RBW_CCP,Muling,RBW_CCP
9465,lumubog|VBAF,lumubog,VBAF
9466,nag|VBTS_CCP,nag,VBTS_CCP
9467,hawak|NNC,hawak,NNC
9468,nipis|JJD,nipis,JJD
9469,hose|FW,hose,FW
9470,manonood|NNC,manonood,NNC
9471,tinolang|JJD_CCP,tinolang,JJD_CCP
9472,curious|FW,curious,FW
9473,Nalampasan|VBTS,Nalampasan,VBTS
9474,쯩자매|PMS,쯩자매,PMS
9475,aararo|VBTF,aararo,VBTF
9476,nilalangoy|VBTR,nilalangoy,VBTR
9477,Singhot|NNP,Singhot,NNP
9478,mawawala|VBTF,mawawala,VBTF
9479,magkabilang|JJD_CCP,magkabilang,JJD_CCP
9480,palagay|NNC,palagay,NNC
9481,humahakbang|VBAF,humahakbang,VBAF
9482,Bibilangin|VBTF,Bibilangin,VBTF
9483,Malalakas|JJD,Malalakas,JJD
9484,madulas|JJD,madulas,JJD
9485,prinsesang|NNC_CCP,prinsesang,NNC_CCP
9486,Samoan|NNC,Samoan,NNC
9487,56sentimetro|CDB,56sentimetro,CDB
9488,nalulungkot|VBTR,nalulungkot,VBTR
9489,Nangungulekta|VBTR,Nangungulekta,VBTR
9490,umpisa|RBW,umpisa,RBW
9491,nagpapaalam|VBTR,nagpapaalam,VBTR
9492,Kadalasan|RBW,Kadalasan,RBW
9493,recommend|FW,recommend,FW
9494,pananaw|NNC,pananaw,NNC
9495,pasayan|NNC,pasayan,NNC
9496,Nakatagpo|VBTS,Nakatagpo,VBTS
9497,Brahmaputra|NNP,Brahmaputra,NNP
9498,uumpisa|VBOF,uumpisa,VBOF
9499,tagapangalaga|NNC,tagapangalaga,NNC
9500,mapinsalang|JJD_CCP,mapinsalang,JJD_CCP
9501,Tumawa|VBAF,Tumawa,VBAF
9502,kultural|JJD,kultural,JJD
9503,Devi|NNP,Devi,NNP
9504,nangati|VBTS,nangati,VBTS
9505,tatakbo|VBTF,tatakbo,VBTF
9506,kumulo|VBTS_VBAF,kumulo,VBTS_VBAF
9507,maghukay|VBW,maghukay,VBW
9508,iniinom|VBTR,iniinom,VBTR
9509,Prickly|NNP,Prickly,NNP
9510,Plano|NNC,Plano,NNC
9511,ninja|NNC,ninja,NNC
9512,namumutla|VBTS,namumutla,VBTS
9513,nasabi|VBTS,nasabi,VBTS
9514,gawain|VBOF,gawain,VBOF
9515,sarong|NNC,sarong,NNC
9516,nakatatawang|VBTR_CCP,nakatatawang,VBTR_CCP
9517,kadiri|PRI,kadiri,PRI
9518,gumagawa|VBTR_VBAF,gumagawa,VBTR_VBAF
9519,pagsusulat|VBW,pagsusulat,VBW
9520,error|NNC,error,NNC
9521,zzzzzzzzz|FW,zzzzzzzzz,FW
9522,hula|NNC,hula,NNC
9523,bumababa|VBTR_VBAF,bumababa,VBTR_VBAF
9524,Oyayi|NNP,Oyayi,NNP
9525,Napakataas|JJCS_JJD,Napakataas,JJCS_JJD
9526,lubog|JJD,lubog,JJD
9527,pagkauhaw|NNC,pagkauhaw,NNC
9528,wika|NNC,wika,NNC
9529,Natisod|VBTS,Natisod,VBTS
9530,pandikit|JJD,pandikit,JJD
9531,errors|FW,errors,FW
9532,kobalt|NNC,kobalt,NNC
9533,Garam|CCB,Garam,CCB
9534,tap|FW,tap,FW
9535,bandila|NNC,bandila,NNC
9536,nakaharang|JJD,nakaharang,JJD
9537,busilak|JJD,busilak,JJD
9538,kahil|NNC,kahil,NNC
9539,kaliwa|JJD,kaliwa,JJD
9540,Hayaan|VBOF,Hayaan,VBOF
9541,sistema|NNC,sistema,NNC
9542,ilan|PRQ,ilan,PRQ
9543,tsaleko|NNC,tsaleko,NNC
9544,Linda|NNP,Linda,NNP
9545,ragasa|NNC,ragasa,NNC
9546,makakaalam|VBW,makakaalam,VBW
9547,pagkaraan|RBW,pagkaraan,RBW
9548,eksena|NNC,eksena,NNC
9549,Nasiyahan|VBTS,Nasiyahan,VBTS
9550,sapalengke|NNC,sapalengke,NNC
9551,makapasok|VBW,makapasok,VBW
9552,responsibility|FW,responsibility,FW
9553,Owl|NNP,Owl,NNP
9554,families|FW,families,FW
9555,kandungan|NNC,kandungan,NNC
9556,umidlip|VBAF,umidlip,VBAF
9557,ibinibigay|VBTR,ibinibigay,VBTR
9558,team|FW,team,FW
9559,nilá|VBOF,nilá,VBOF
9560,October|NNP,October,NNP
9561,kabahan|NNC,kabahan,NNC
9562,mangyaring|VBTS_CCP,mangyaring,VBTS_CCP
9563,iniunat|VBTS,iniunat,VBTS
9564,mahalaga|JJD,mahalaga,JJD
9565,kaing|NNC,kaing,NNC
9566,pangungusap|NNC,pangungusap,NNC
9567,tatapusin|VBTF,tatapusin,VBTF
9568,Sunggaban|VBOF,Sunggaban,VBOF
9569,Nagdala|VBTS,Nagdala,VBTS
9570,hardinero|NNC,hardinero,NNC
9571,nakakain|VBTR,nakakain,VBTR
9572,nasisiyahan|VBTR,nasisiyahan,VBTR
9573,manggas|NNC,manggas,NNC
9574,tungkol|RBR,tungkol,RBR
9575,nagbabagang|VBTR_CCP,nagbabagang,VBTR_CCP
9576,kalaki|JJD,kalaki,JJD
9577,ipinagpatuloy|VBTS,ipinagpatuloy,VBTS
9578,Parte|NNC,Parte,NNC
9579,Nakakahalata|VBTR,Nakakahalata,VBTR
9580,Neema|NNP,Neema,NNP
9581,Balboa|NNP,Balboa,NNP
9582,nakatatakbo|VBTS,nakatatakbo,VBTS
9583,punan|VBOF,punan,VBOF
9584,Dolmah|NNP,Dolmah,NNP
9585,printmaking|FW,printmaking,FW
9586,Lilipat|VBTF,Lilipat,VBTF
9587,Let|NNP,Let,NNP
9588,unti|JJD,unti,JJD
9589,tren|NNC,tren,NNC
9590,Math|NNP,Math,NNP
9591,makakitang|VBW,makakitang,VBW
9592,pila|NNC,pila,NNC
9593,ubo|NNC,ubo,NNC
9594,pagtalbog|NNC,pagtalbog,NNC
9595,Sigurado|NNP,Sigurado,NNP
9596,nananakit|VBTR,nananakit,VBTR
9597,batuhin|VBOF,batuhin,VBOF
9598,papatayin|VBTF,papatayin,VBTF
9599,madamdamin|JJD,madamdamin,JJD
9600,Mako|NNP,Mako,NNP
9601,lason|NNC,lason,NNC
9602,mongkaibigan|NNC,mongkaibigan,NNC
9603,Tumatawa|VBAF,Tumatawa,VBAF
9604,muntin|FW,muntin,FW
9605,hakbang|NNC,hakbang,NNC
9606,singaw|NNC,singaw,NNC
9607,Krrrrrrrrrrrring|FW,Krrrrrrrrrrrring,FW
9608,Naglaro|VBTS,Naglaro,VBTS
9609,inaya|VBTS_VBOF,inaya,VBTS_VBOF
9610,n't|FW,n't,FW
9611,Madyikerong|NNC_CCP,Madyikerong,NNC_CCP
9612,PDF|NNPA,PDF,NNPA
9613,magwalis|VBW,magwalis,VBW
9614,Magkasabay|VBW,Magkasabay,VBW
9615,ipaalala|VBOF,ipaalala,VBOF
9616,madaldal|JJD,madaldal,JJD
9617,murang|JJD_CCP,murang,JJD_CCP
9618,Inako|VBOF,Inako,VBOF
9619,madumi|VBW,madumi,VBW
9620,Books|NNP,Books,NNP
9621,kayong|PRO_CCP,kayong,PRO_CCP
9622,aymadilim|JJD,aymadilim,JJD
9623,nakatatandang|JJD_CCP,nakatatandang,JJD_CCP
9624,pinalibutan|VBTS,pinalibutan,VBTS
9625,copyright|NNC,copyright,NNC
9626,Lumilipas|NNP,Lumilipas,NNP
9627,puluputan|NNC,puluputan,NNC
9628,nakapuwesto|VBTS,nakapuwesto,VBTS
9629,Undo|NNP,Undo,NNP
9630,maiwasan|VBW,maiwasan,VBW
9631,naaapektuhan|VBTR,naaapektuhan,VBTR
9632,magpraktis|VBTF,magpraktis,VBTF
9633,Tak|NNP,Tak,NNP
9634,Nanay|NNP,Nanay,NNP
9635,Bandung|NNP,Bandung,NNP
9636,nagtaas|VBTS,nagtaas,VBTS
9637,nakatuntong|VBTS,nakatuntong,VBTS
9638,Mentoring|NNP,Mentoring,NNP
9639,Nakalimutan|RBD,Nakalimutan,RBD
9640,magalit|VBW,magalit,VBW
9641,umani|VBAF,umani,VBAF
9642,Sinasabi|VBTR,Sinasabi,VBTR
9643,manirahan|VBW,manirahan,VBW
9644,pinakamalakas|JJCS_JJD,pinakamalakas,JJCS_JJD
9645,umaatungal|VBTR,umaatungal,VBTR
9646,tumatalim|VBTR_VBAF,tumatalim,VBTR_VBAF
9647,magkakasubukan|VBTF,magkakasubukan,VBTF
9648,Mallam|NNP,Mallam,NNP
9649,byRoom|FW,byRoom,FW
9650,maiangat|VBW,maiangat,VBW
9651,mahabang|JJD_CCP,mahabang,JJD_CCP
9652,makikinig|VBTF,makikinig,VBTF
9653,tinakpan|VBOF,tinakpan,VBOF
9654,kanais|NNC,kanais,NNC
9655,tanongni|JJD,tanongni,JJD
9656,Bumaha|VBAF,Bumaha,VBAF
9657,10minuto|CDB,10minuto,CDB
9658,lamig|JJD,lamig,JJD
9659,manokan|NNC,manokan,NNC
9660,PSLV|NNPA,PSLV,NNPA
9661,niningning|FW,niningning,FW
9662,가족은함께아파하고|CDB,가족은함께아파하고,CDB
9663,gs|NNCA,gs,NNCA
9664,haaah|FW,haaah,FW
9665,kaakit|NNC,kaakit,NNC
9666,Paparating|VBTF,Paparating,VBTF
9667,managinip|VBW,managinip,VBW
9668,paraang|NNC_CCP,paraang,NNC_CCP
9669,umiyak|VBAF,umiyak,VBAF
9670,umaapoy|VBTR_VBAF,umaapoy,VBTR_VBAF
9671,nagdidilig|VBTR,nagdidilig,VBTR
9672,Nana|NNP,Nana,NNP
9673,kabasa|JJD,kabasa,JJD
9674,nilakad|VBTS,nilakad,VBTS
9675,Iniuwi|VBTS,Iniuwi,VBTS
9676,ba|FW,ba,FW
9677,Patalbog|NNP,Patalbog,NNP
9678,palapit|JJD,palapit,JJD
9679,Hinalikan|VBOF,Hinalikan,VBOF
9680,Napagdesisyunan|VBTS,Napagdesisyunan,VBTS
9681,teknolohiya|NNC,teknolohiya,NNC
9682,hug|FW,hug,FW
9683,Gendis|NNP,Gendis,NNP
9684,kutyain|VBOF,kutyain,VBOF
9685,umihip|VBTR_VBAF,umihip,VBTR_VBAF
9686,unglo|FW,unglo,FW
9687,inahing|JJD_CCP,inahing,JJD_CCP
9688,nagkakaroon|VBTR,nagkakaroon,VBTR
9689,gutóm|NNC,gutóm,NNC
9690,humabol|VBAF,humabol,VBAF
9691,papunta|RBL,papunta,RBL
9692,maitago|VBW,maitago,VBW
9693,Huhan|NNP,Huhan,NNP
9694,Nakalalakad|VBTS,Nakalalakad,VBTS
9695,karapat|JJD,karapat,JJD
9696,Emma|NNP,Emma,NNP
9697,atubili|NNC,atubili,NNC
9698,nagmukhang|RBD_CCP,nagmukhang,RBD_CCP
9699,lalanguyan|NNC,lalanguyan,NNC
9700,institusyon|NNC,institusyon,NNC
9701,pinagmasdan|VBRF,pinagmasdan,VBRF
9702,beranda|NNC,beranda,NNC
9703,kahilingan|NNC,kahilingan,NNC
9704,magulang|NNC,magulang,NNC
9705,papasok|RBD,papasok,RBD
9706,uusapan|NNC,uusapan,NNC
9707,Magkamukha|VBW,Magkamukha,VBW
9708,ikukuha|VBOF,ikukuha,VBOF
9709,Tulog|JJD,Tulog,JJD
9710,Ihipan|NNP,Ihipan,NNP
9711,paglathala|NNC,paglathala,NNC
9712,malago|RBD,malago,RBD
9713,umaasa|VBTR_VBAF,umaasa,VBTR_VBAF
9714,Dutch|NNP,Dutch,NNP
9715,lumilikha|VBTR_VBAF,lumilikha,VBTR_VBAF
9716,bye|NNC,bye,NNC
9717,Nakabingwit|VBTR,Nakabingwit,VBTR
9718,But|NNP,But,NNP
9719,sabitan|NNC,sabitan,NNC
9720,maaalala|VBW,maaalala,VBW
9721,pagsugod|NNC,pagsugod,NNC
9722,Nagsasalita|VBTR,Nagsasalita,VBTR
9723,Tumambal|NNP,Tumambal,NNP
9724,Wheeeee|NNP,Wheeeee,NNP
9725,magtagu|VBW,magtagu,VBW
9726,wheat|FW,wheat,FW
9727,lumutang|VBAF,lumutang,VBAF
9728,naglilingkod|VBTR,naglilingkod,VBTR
9729,ninais|VBTS,ninais,VBTS
9730,Napakalas|NNP,Napakalas,NNP
9731,sumasabad|VBTR_VBAF,sumasabad,VBTR_VBAF
9732,About|NNP,About,NNP
9733,Popo|NNP,Popo,NNP
9734,tumango|VBAF,tumango,VBAF
9735,tumutukoy|VBTR_VBAF,tumutukoy,VBTR_VBAF
9736,dinuduyan|VBTR,dinuduyan,VBTR
9737,Huminahon|NNP,Huminahon,NNP
9738,esplanade|NNC,esplanade,NNC
9739,BILUHABAMeoww|NNP,BILUHABAMeoww,NNP
9740,Mama|NNC,Mama,NNC
9741,bumaliktad|VBTR_VBAF,bumaliktad,VBTR_VBAF
9742,bayabas|NNC,bayabas,NNC
9743,Pigilan|VBOF,Pigilan,VBOF
9744,paliguan|NNC,paliguan,NNC
9745,umangat|VBAF,umangat,VBAF
9746,bibingka|NNC,bibingka,NNC
9747,makakatawid|VBW,makakatawid,VBW
9748,walangnangyayari|VBTR,walangnangyayari,VBTR
9749,Tila|RBM,Tila,RBM
9750,mambubukid|NNC,mambubukid,NNC
9751,tangi|JJD,tangi,JJD
9752,kapit|JJD,kapit,JJD
9753,ikalawa|CDB,ikalawa,CDB
9754,Purnadevi|FW,Purnadevi,FW
9755,nanggagaling|VBTR,nanggagaling,VBTR
9756,Pahayag|NNP,Pahayag,NNP
9757,markang|NNC_CCP,markang,NNC_CCP
9758,Balatan|NNC,Balatan,NNC
9759,volatile|FW,volatile,FW
9760,Umaga|RBW,Umaga,RBW
9761,Namie|FW,Namie,FW
9762,Kinapa|VBTS,Kinapa,VBTS
9763,kababalaghan|NNC,kababalaghan,NNC
9764,Pinahid|VBTS,Pinahid,VBTS
9765,States|NNP,States,NNP
9766,Z|NNP,Z,NNP
9767,nagkakasundo|VBTR,nagkakasundo,VBTR
9768,isinaling|RBD_CCP,isinaling,RBD_CCP
9769,ika|JJN,ika,JJN
9770,troso|NNC,troso,NNC
9771,Soo|RBT,Soo,RBT
9772,taniman|NNC,taniman,NNC
9773,pamatay|NNC,pamatay,NNC
9774,mapupula|VBW,mapupula,VBW
9775,pupunuin|VBOF,pupunuin,VBOF
9776,makakapagluto|VBW,makakapagluto,VBW
9777,mam|NNCA,mam,NNCA
9778,magsara|VBAF,magsara,VBAF
9779,gum|FW,gum,FW
9780,nabubura|VBTS,nabubura,VBTS
9781,sumisilip|VBTR_VBAF,sumisilip,VBTR_VBAF
9782,Ottawa|NNP,Ottawa,NNP
9783,YEHEYYYYYYYYYYY|NNPA,YEHEYYYYYYYYYYY,NNPA
9784,magtipon|VBAF,magtipon,VBAF
9785,abot|JJD,abot,JJD
9786,Lalit|NNP,Lalit,NNP
9787,Atribusyon|NNC,Atribusyon,NNC
9788,pagsasalin|NNC,pagsasalin,NNC
9789,If|FW,If,FW
9790,Inilarawan|VBTS,Inilarawan,VBTS
9791,litro|NNC,litro,NNC
9792,Pauwi|NNP,Pauwi,NNP
9793,kaanib|JJD,kaanib,JJD
9794,puwersa|NNC,puwersa,NNC
9795,nagsinungaling|VBTR_CCP,nagsinungaling,VBTR_CCP
9796,첨단과|FW,첨단과,FW
9797,buhanginan|NNC,buhanginan,NNC
9798,pagtugtog|NNC,pagtugtog,NNC
9799,kg|NNCA,kg,NNCA
9800,batid|VBS,batid,VBS
9801,pampatulog|JJD,pampatulog,JJD
9802,kutsarang|JJD_CCP,kutsarang,JJD_CCP
9803,pink|NNC,pink,NNC
9804,abalahin|VBOF,abalahin,VBOF
9805,pakaingatan|JJD,pakaingatan,JJD
9806,lungsodat|FW,lungsodat,FW
9807,Nakakarating|VBTR,Nakakarating,VBTR
9808,hindimaisasakatuparan|VBTS,hindimaisasakatuparan,VBTS
9809,pakikipag|NNC,pakikipag,NNC
9810,Tumunog|NNP,Tumunog,NNP
9811,Hinihiling|VBTR,Hinihiling,VBTR
9812,magpapatuli|VBTF,magpapatuli,VBTF
9813,Mesh|NNP,Mesh,NNP
9814,engranade|FW,engranade,FW
9815,himbing|FW,himbing,FW
9816,Island|NNP,Island,NNP
9817,simulan|VBOF,simulan,VBOF
9818,bawiin|VBOF,bawiin,VBOF
9819,aalalang|NNC_CCP,aalalang,NNC_CCP
9820,Itinupi|NNP,Itinupi,NNP
9821,Mexican|NNP,Mexican,NNP
9822,maibibigay|VBW,maibibigay,VBW
9823,Pinagmasdan|VBRF,Pinagmasdan,VBRF
9824,Makikita|VBTF,Makikita,VBTF
9825,Ay|RBF,Ay,RBF
9826,Tamsi|NNP,Tamsi,NNP
9827,payapa|JJD,payapa,JJD
9828,Hercules|NNP,Hercules,NNP
9829,LNG|NNPA,LNG,NNPA
9830,Inalalayan|VBTS,Inalalayan,VBTS
9831,Sasama|NNP,Sasama,NNP
9832,magpapaalam|VBTF_VBAF,magpapaalam,VBTF_VBAF
9833,pong|NNC_CCP,pong,NNC_CCP
9834,inumingdalandan|VBTS,inumingdalandan,VBTS
9835,Meringhyun3|NNP,Meringhyun3,NNP
9836,nagsasaad|VBTR,nagsasaad,VBTR
9837,Kanor|NNP,Kanor,NNP
9838,Bala|NNP,Bala,NNP
9839,lumutang|NNC_CCP,lumutang,NNC_CCP
9840,paluin|VBOF,paluin,VBOF
9841,Tutulungan|VBTF,Tutulungan,VBTF
9842,nagturo|VBTS,nagturo,VBTS
9843,naisasakay|VBTS,naisasakay,VBTS
9844,magtatápon|VBTF,magtatápon,VBTF
9845,hinaharapng|VBTR,hinaharapng,VBTR
9846,kapag|CCR,kapag,CCR
9847,sombrero|NNC,sombrero,NNC
9848,nalason|VBTS,nalason,VBTS
9849,pogo|FW,pogo,FW
9850,Natulog|VBTS,Natulog,VBTS
9851,pagtulak|NNC,pagtulak,NNC
9852,kakausapin|VBTF,kakausapin,VBTF
9853,panibagong|JJD_CCP,panibagong,JJD_CCP
9854,pinakamatangkad|JJCS_JJD,pinakamatangkad,JJCS_JJD
9855,baunang|NNC_CCP,baunang,NNC_CCP
9856,Ipinatawag|VBOF,Ipinatawag,VBOF
9857,makapaghanap|VBW,makapaghanap,VBW
9858,pagpalo|NNC,pagpalo,NNC
9859,Naku|NNP,Naku,NNP
9860,grr|FW,grr,FW
9861,napailaliman|VBTS,napailaliman,VBTS
9862,punoNamumungang|NNC_CCP,punoNamumungang,NNC_CCP
9863,magtutulong|VBW_CCP,magtutulong,VBW_CCP
9864,Nasaan|VBTS,Nasaan,VBTS
9865,kumpiyansa|NNC,kumpiyansa,NNC
9866,idlip|NNC,idlip,NNC
9867,magbato|VBAF,magbato,VBAF
9868,Hay|NNCA,Hay,NNCA
9869,M|NNPA,M,NNPA
9870,lágsing|FW,lágsing,FW
9871,mambabasa|NNC,mambabasa,NNC
9872,Layo|NNP,Layo,NNP
9873,aksidente|NNC,aksidente,NNC
9874,published|FW,published,FW
9875,magsaing|VBW,magsaing,VBW
9876,Ramos|NNP,Ramos,NNP
9877,langka|NNC,langka,NNC
9878,buról|FW,buról,FW
9879,krak|NNCA,krak,NNCA
9880,magaganda|VBTF,magaganda,VBTF
9881,Masarap|NNP,Masarap,NNP
9882,teddy|NNC,teddy,NNC
9883,kawit|NNC,kawit,NNC
9884,sinabihan|VBTS,sinabihan,VBTS
9885,Sali|FW,Sali,FW
9886,traysikel|FW,traysikel,FW
9887,Naniniwala|VBTR,Naniniwala,VBTR
9888,Pogs|NNP,Pogs,NNP
9889,ACR|NNPA,ACR,NNPA
9890,lagay|NNC,lagay,NNC
9891,tuyot|JJD,tuyot,JJD
9892,pagkawala|NNC,pagkawala,NNC
9893,minsang|RBW_CCP,minsang,RBW_CCP
9894,maghanap|VBAF,maghanap,VBAF
9895,hinayaan|VBTS,hinayaan,VBTS
9896,maulan|JJD,maulan,JJD
9897,dumilim|VBAF,dumilim,VBAF
9898,Hale|NNP,Hale,NNP
9899,rekognitong|NNC_CCP,rekognitong,NNC_CCP
9900,tora|RBD,tora,RBD
9901,nagsusuot|VBTS,nagsusuot,VBTS
9902,nagtaka|VBTS,nagtaka,VBTS
9903,ayusin|VBOF,ayusin,VBOF
9904,pagkakabukas|NNC,pagkakabukas,NNC
9905,Hangin|NNP,Hangin,NNP
9906,Palengke|NNP,Palengke,NNP
9907,makalimutan|VBW,makalimutan,VBW
9908,Paggamit|VBW,Paggamit,VBW
9909,lungga|NNC,lungga,NNC
9910,naku|FW,naku,FW
9911,Bibihisan|NNP,Bibihisan,NNP
9912,.150|CDB,.150,CDB
9913,syndrome|FW,syndrome,FW
9914,Pagbalik|VBW,Pagbalik,VBW
9915,elephant|FW,elephant,FW
9916,tagapagsalin|NNC,tagapagsalin,NNC
9917,maiilap|NNC,maiilap,NNC
9918,ShresthaGuhit|NNP,ShresthaGuhit,NNP
9919,masiyadong|RBD_CCP,masiyadong,RBD_CCP
9920,palalim|RBD,palalim,RBD
9921,Nakalimutan|VBTS,Nakalimutan,VBTS
9922,todo|RBD,todo,RBD
9923,limampu|JJN,limampu,JJN
9924,inalagaan|VBTS,inalagaan,VBTS
9925,libot|NNC,libot,NNC
9926,Quizian|NNP,Quizian,NNP
9927,Wangari|NNP,Wangari,NNP
9928,pool|NNC,pool,NNC
9929,napakatinding|JJCS_JJD_CCP,napakatinding,JJCS_JJD_CCP
9930,pagmamahalan|NNC,pagmamahalan,NNC
9931,poet|FW,poet,FW
9932,Malalaki|JJD,Malalaki,JJD
9933,Talaan|NNC,Talaan,NNC
9934,kawayanan|NNC,kawayanan,NNC
9935,hee|FW,hee,FW
9936,Bangala|NNP,Bangala,NNP
9937,inagaw|VBTS_VBOF,inagaw,VBTS_VBOF
9938,Hanggarid|RBD,Hanggarid,RBD
9939,karagatan|NNC,karagatan,NNC
9940,Nahanap|VBTS,Nahanap,VBTS
9941,pumapalakpak|VBTR_VBAF,pumapalakpak,VBTR_VBAF
9942,magdikit|VBW,magdikit,VBW
9943,kontrol|NNC,kontrol,NNC
9944,nagdiwang|VBTS_CCP,nagdiwang,VBTS_CCP
9945,espada|NNC,espada,NNC
9946,pumupunta|VBTR_VBAF,pumupunta,VBTR_VBAF
9947,maglalayag|VBAF,maglalayag,VBAF
9948,Pong|NNCA,Pong,NNCA
9949,Daing|NNP,Daing,NNP
9950,Grrr|NNP,Grrr,NNP
9951,shield|FW,shield,FW
9952,Bunty|NNP,Bunty,NNP
9953,Saluyot|NNC,Saluyot,NNC
9954,Naglalaro|VBTR,Naglalaro,VBTR
9955,napakasikip|JJCS_JJD,napakasikip,JJCS_JJD
9956,dahil|CCR,dahil,CCR
9957,pagong|NNC,pagong,NNC
9958,Pagbabago|NNP,Pagbabago,NNP
9959,Kumuha|VBAF,Kumuha,VBAF
9960,natikaman|VBTS,natikaman,VBTS
9961,pigilin|VBOF,pigilin,VBOF
9962,Patungkol|RBR,Patungkol,RBR
9963,Gayathri|NNP,Gayathri,NNP
9964,kasali|CCB,kasali,CCB
9965,Park|NNP,Park,NNP
9966,nadagdagan|VBTS,nadagdagan,VBTS
9967,maibenta|VBW,maibenta,VBW
9968,baguhin|VBOF,baguhin,VBOF
9969,angkanyang|NNC_CCP,angkanyang,NNC_CCP
9970,pasimano|NNC,pasimano,NNC
9971,paro|NNC,paro,NNC
9972,puto|NNC,puto,NNC
9973,panoorin|VBOF,panoorin,VBOF
9974,kinuluyan|VBOF,kinuluyan,VBOF
9975,pinahintulutan|VBTS,pinahintulutan,VBTS
9976,hingin|VBOF,hingin,VBOF
9977,pisain|VBOF,pisain,VBOF
9978,pababayaan|RBD,pababayaan,RBD
9979,itinupi|VBTS,itinupi,VBTS
9980,Reap|NNP,Reap,NNP
9981,nakapaskil|VBTS,nakapaskil,VBTS
9982,NA|NNPA,NA,NNPA
9983,larangan|NNC,larangan,NNC
9984,uwi|NNC,uwi,NNC
9985,Ating|NNP,Ating,NNP
9986,Kanela|NNP,Kanela,NNP
9987,Ting|FW,Ting,FW
9988,어린이들이모두행복한미래를가질수있길바랍니다|CDB,어린이들이모두행복한미래를가질수있길바랍니다,CDB
9989,pagpapatalbog|VBW,pagpapatalbog,VBW
9990,pangkalawakan|NNC,pangkalawakan,NNC
9991,kulit|NNC,kulit,NNC
9992,lumaki|VBAF,lumaki,VBAF
9993,Emman|NNP,Emman,NNP
9994,pamamasyal|NNC,pamamasyal,NNC
9995,malupit|JJD,malupit,JJD
9996,nakipaghabulan|VBTS,nakipaghabulan,VBTS
9997,naghabulan|VBTS,naghabulan,VBTS
9998,daang|NNC_CCP,daang,NNC_CCP
9999,humiyaw|VBAF,humiyaw,VBAF
10000,ibinaba|VBTS,ibinaba,VBTS
10001,laddoos|NNC,laddoos,NNC
10002,ipininta|VBTS,ipininta,VBTS
10003,humanap|VBAF,humanap,VBAF
10004,mentoring|FW,mentoring,FW
10005,kamahal|JJD,kamahal,JJD
10006,namasyal|JJD,namasyal,JJD
10007,entity|FW,entity,FW
10008,utusan|VBOF,utusan,VBOF
10009,umamin|VBAF,umamin,VBAF
10010,Babala|NNP,Babala,NNP
10011,Visual|NNP,Visual,NNP
10012,paulit|RBD,paulit,RBD
10013,hukay|NNC,hukay,NNC
10014,pasimuno|NNC,pasimuno,NNC
10015,gaano|PRQ,gaano,PRQ
10016,pinakatatanging|JJCS_JJD_CCP,pinakatatanging,JJCS_JJD_CCP
10017,siThida|NNC,siThida,NNC
10018,ISPLASSHHH|CDB,ISPLASSHHH,CDB
10019,napabahing|VBTS,napabahing,VBTS
10020,국에산지는11|CDB,국에산지는11,CDB
10021,magkasakit|VBW,magkasakit,VBW
10022,Sophie|NNP,Sophie,NNP
10023,wide|FW,wide,FW
10024,magpahiram|VBW,magpahiram,VBW
10025,arina|NNC,arina,NNC
10026,sasabog|VBTF,sasabog,VBTF
10027,Nakakainis|RBD,Nakakainis,RBD
10028,pantaboy|NNC,pantaboy,NNC
10029,nasasayang|VBTR,nasasayang,VBTR
10030,oobserba|NNC,oobserba,NNC
10031,tagapag|NNC,tagapag,NNC
10032,nagpakilala|VBTS,nagpakilala,VBTS
10033,malimliman|VBW,malimliman,VBW
10034,Sarili|NNC,Sarili,NNC
10035,anay|NNC,anay,NNC
10036,clearly|FW,clearly,FW
10037,turbina|NNC,turbina,NNC
10038,http|FW,http,FW
10039,Reklamo|NNP,Reklamo,NNP
10040,Namulot|VBTS,Namulot,VBTS
10041,niyag|VBOF,niyag,VBOF
10042,pinanghahawakan|VBTR,pinanghahawakan,VBTR
10043,sumasakal|VBAF,sumasakal,VBAF
10044,kasuklam|NNC,kasuklam,NNC
10045,Atlantiko|NNP,Atlantiko,NNP
10046,Kerala|NNP,Kerala,NNP
10047,500pesos|CDB,500pesos,CDB
10048,nang|RBD,nang,RBD
10049,AHHHHHHH|NNPA,AHHHHHHH,NNPA
10050,naaalis|VBTR,naaalis,VBTR
10051,Inutos|VBTS,Inutos,VBTS
10052,mahawakan|VBW,mahawakan,VBW
10053,edukadong|JJD_CCP,edukadong,JJD_CCP
10054,Indica|NNP,Indica,NNP
10055,4s|CDB,4s,CDB
10056,silindrong|NNC_CCP,silindrong,NNC_CCP
10057,pinapakuha|VBTR,pinapakuha,VBTR
10058,kumbinsihin|VBOF,kumbinsihin,VBOF
10059,inipon|VBTF,inipon,VBTF
10060,teka|NNC,teka,NNC
10061,nabigla|VBTS,nabigla,VBTS
10062,benefits|FW,benefits,FW
10063,Evil|NNP,Evil,NNP
10064,Disyembre|NNP,Disyembre,NNP
10065,balisa|NNC,balisa,NNC
10066,cylindrical|FW,cylindrical,FW
10067,bibilangin|VBTF,bibilangin,VBTF
10068,binili|VBOF,binili,VBOF
10069,bibigyan|VBTF,bibigyan,VBTF
10070,Nakatuon|VBTS,Nakatuon,VBTS
10071,Mabibilis|JJD,Mabibilis,JJD
10072,Kaninang|RBD_CCP,Kaninang,RBD_CCP
10073,Amber|FW,Amber,FW
10074,maipahiwatig|VBW,maipahiwatig,VBW
10075,sigurado|RBT,sigurado,RBT
10076,of|FW,of,FW
10077,katabing|JJD_CCP,katabing,JJD_CCP
10078,Nilinis|VBTS,Nilinis,VBTS
10079,Tumawa|RBD,Tumawa,RBD
10080,pagkakasunud|NNC,pagkakasunud,NNC
10081,Uod|NNC,Uod,NNC
10082,Kukuhanin|NNP,Kukuhanin,NNP
10083,napakamahiyaing|JJCS_JJD_CCP,napakamahiyaing,JJCS_JJD_CCP
10084,Gumagalaw|VBTR,Gumagalaw,VBTR
10085,luyang|NNC_CCP,luyang,NNC_CCP
10086,ulong|NNC_CCP,ulong,NNC_CCP
10087,pasok|NNC,pasok,NNC
10088,magbomba|VBW,magbomba,VBW
10089,maginghari|VBW,maginghari,VBW
10090,perya|NNC,perya,NNC
10091,nakasabit|VBTS,nakasabit,VBTS
10092,가족은먼저안아주고|CDB,가족은먼저안아주고,CDB
10093,dokturan|NNC,dokturan,NNC
10094,kardomono|NNC,kardomono,NNC
10095,uugali|FW,uugali,FW
10096,Pagkawika|VBW,Pagkawika,VBW
10097,을통해|PMS,을통해,PMS
10098,natapon|VBTS,natapon,VBTS
10099,Teleskopyo|NNP,Teleskopyo,NNP
10100,planong|NNC_CCP,planong,NNC_CCP
10101,kakaunting|JJD_CCP,kakaunting,JJD_CCP
10102,itinuturing|VBTR,itinuturing,VBTR
10103,Parrot|NNP,Parrot,NNP
10104,nagpakita|VBTS,nagpakita,VBTS
10105,green|FW,green,FW
10106,asukal|NNC,asukal,NNC
10107,thousands|FW,thousands,FW
10108,maaabot|VBTF,maaabot,VBTF
10109,aalsa|NNC,aalsa,NNC
10110,nagtiyaga|VBTS,nagtiyaga,VBTS
10111,Dumausdos|VBAF,Dumausdos,VBAF
10112,publishing|FW,publishing,FW
10113,magtago|VBW,magtago,VBW
10114,nakalagay|VBTS,nakalagay,VBTS
10115,pangaraw|NNC,pangaraw,NNC
10116,magpakatatag|VBW,magpakatatag,VBW
10117,isinisigaw|VBTR,isinisigaw,VBTR
10118,Hi|NNC,Hi,NNC
10119,aspiring|FW,aspiring,FW
10120,IbonIsang|NNC_CCP,IbonIsang,NNC_CCP
10121,Muntik|JJD,Muntik,JJD
10122,pangingisda|NNC,pangingisda,NNC
10123,sorong|NNC_CCP,sorong,NNC_CCP
10124,palakaibigan|NNC,palakaibigan,NNC
10125,reklamo|NNC,reklamo,NNC
10126,Matulog|VBW,Matulog,VBW
10127,nagkakantahang|VBTR_CCP,nagkakantahang,VBTR_CCP
10128,bababa|VBTF,bababa,VBTF
10129,nabawasan|VBTS,nabawasan,VBTS
10130,nalampasan|VBTS,nalampasan,VBTS
10131,번역사등으로필리핀의문화와풍습을한국사람|CDB,번역사등으로필리핀의문화와풍습을한국사람,CDB
10132,Nakapikit|VBTR,Nakapikit,VBTR
10133,isusuot|VBOF,isusuot,VBOF
10134,a-ling|FW,a-ling,FW
10135,Sonu|NNP,Sonu,NNP
10136,makabubuti|VBW,makabubuti,VBW
10137,Higit|JJCC,Higit,JJCC
10138,nakakarinig|VBTR,nakakarinig,VBTR
10139,kumakahol|VBTR_VBAF,kumakahol,VBTR_VBAF
10140,Naunahan|VBTS,Naunahan,VBTS
10141,magbisikleta|FW,magbisikleta,FW
10142,Tinakpan|VBOF,Tinakpan,VBOF
10143,manuod|VBW,manuod,VBW
10144,sinalansan|VBTS,sinalansan,VBTS
10145,abalang|RBD_CCP,abalang,RBD_CCP
10146,papelastika|NNC,papelastika,NNC
10147,magdidikit|VBTF,magdidikit,VBTF
10148,kaininng|JJD_CCP,kaininng,JJD_CCP
10149,Sinabi|VBTS,Sinabi,VBTS
10150,nagugat|VBTS,nagugat,VBTS
10151,nahihiyang|RBD_CCP,nahihiyang,RBD_CCP
10152,nektar|FW,nektar,FW
10153,Tinitigan|VBTR_VBOF,Tinitigan,VBTR_VBOF
10154,nun|NNCA,nun,NNCA
10155,maisuot|VBTF,maisuot,VBTF
10156,Nagustuhan|VBTS,Nagustuhan,VBTS
10157,matibay|JJD,matibay,JJD
10158,biglang|JJD_CCP,biglang,JJD_CCP
10159,Ningning|NNP,Ningning,NNP
10160,kolang|NNC_CCP,kolang,NNC_CCP
10161,magsuot|VBW,magsuot,VBW
10162,pagbutihin|VBOF,pagbutihin,VBOF
10163,Canal|NNP,Canal,NNP
10164,pinag|VBRF,pinag,VBRF
10165,powder|FW,powder,FW
10166,binungkal|VBTR,binungkal,VBTR
10167,climate|FW,climate,FW
10168,Puno|JJD,Puno,JJD
10169,Damit|NNC,Damit,NNC
10170,mauulit|VBW,mauulit,VBW
10171,Pinapabihisan|VBTR,Pinapabihisan,VBTR
10172,dagta|NNC,dagta,NNC
10173,unahing|RBD_CCP,unahing,RBD_CCP
10174,sambit|JJD,sambit,JJD
10175,sapatos|NNC,sapatos,NNC
10176,Grabe|NNP,Grabe,NNP
10177,kaakit|CCB,kaakit,CCB
10178,saglit|RBW,saglit,RBW
10179,matinik|JJD,matinik,JJD
10180,hatian|NNC,hatian,NNC
10181,nagsagawa|VBTS,nagsagawa,VBTS
10182,magsalita|VBW,magsalita,VBW
10183,Limon|NNP,Limon,NNP
10184,kumikinang|VBTR_VBAF,kumikinang,VBTR_VBAF
10185,kalabanin|VBOF,kalabanin,VBOF
10186,cargo|FW,cargo,FW
10187,inintindi|VBTS,inintindi,VBTS
10188,kuliplor|NNC,kuliplor,NNC
10189,어렸을때아버지께서는전래|CDB,어렸을때아버지께서는전래,CDB
10190,kuwentong|NNC_CCP,kuwentong,NNC_CCP
10191,bigla|RBD,bigla,RBD
10192,maulap|JJD,maulap,JJD
10193,그리는시간을가장좋아해요|NNC,그리는시간을가장좋아해요,NNC
10194,samosang|NNC_CCP,samosang,NNC_CCP
10195,patungkol|JJD,patungkol,JJD
10196,KLAKETA|NNPA,KLAKETA,NNPA
10197,theatre|FW,theatre,FW
10198,trak|NNC,trak,NNC
10199,pamaypay|NNC,pamaypay,NNC
10200,langitngit|NNC,langitngit,NNC
10201,Black|NNP,Black,NNP
10202,Gumuhit|VBAF,Gumuhit,VBAF
10203,Guinea|NNP,Guinea,NNP
10204,gagambang|NNC_CCP,gagambang,NNC_CCP
10205,pinakamaliliit|JJCS_JJD,pinakamaliliit,JJCS_JJD
10206,Dahilan|CCR,Dahilan,CCR
10207,maagapan|VBW,maagapan,VBW
10208,pagbagsak|NNC,pagbagsak,NNC
10209,gabing|RBW_CCP,gabing,RBW_CCP
10210,regalong|NNC_CCP,regalong,NNC_CCP
10211,Pining|NNP,Pining,NNP
10212,HoltzhausenIsa|NNP,HoltzhausenIsa,NNP
10213,sinasabing|VBTR_CCP,sinasabing,VBTR_CCP
10214,Pakiusap|NNP,Pakiusap,NNP
10215,Dikit|JJD,Dikit,JJD
10216,nakatakip|VBTS,nakatakip,VBTS
10217,pinakahari|JJCS_JJD,pinakahari,JJCS_JJD
10218,CoLai|FW,CoLai,FW
10219,parati|RBW,parati,RBW
10220,Pinagsabihan|VBRF,Pinagsabihan,VBRF
10221,tinatangay|VBTR,tinatangay,VBTR
10222,malunsad|VBW,malunsad,VBW
10223,책에담긴이야기가독자어린이들의마음에따스하게스며들기를바랍니다.지구별한가족|FW,책에담긴이야기가독자어린이들의마음에따스하게스며들기를바랍니다.지구별한가족,FW
10224,kakaunto|JJD,kakaunto,JJD
10225,pinagsabihan|VBRF,pinagsabihan,VBRF
10226,pangpropesyunal|JJD,pangpropesyunal,JJD
10227,Seal|NNP,Seal,NNP
10228,seismograph|FW,seismograph,FW
10229,Nanay|NNC,Nanay,NNC
10230,ILOG|NNPA,ILOG,NNPA
10231,palmera|NNC,palmera,NNC
10232,sakapaligiran|NNC,sakapaligiran,NNC
10233,Manipis|JJD,Manipis,JJD
10234,Paulit|NNP,Paulit,NNP
10235,kastilyong|JJD_CCP,kastilyong,JJD_CCP
10236,ISRO|NNPA,ISRO,NNPA
10237,tumunog|VBAF,tumunog,VBAF
10238,mapuputol|VBW,mapuputol,VBW
10239,Heeeee|NNP,Heeeee,NNP
10240,pasas|NNC,pasas,NNC
10241,Binhi|NNC,Binhi,NNC
10242,mamuhunan|VBW,mamuhunan,VBW
10243,Pinakuluan|JJCS_JJD,Pinakuluan,JJCS_JJD
10244,Rino|NNP,Rino,NNP
10245,Tumingin|VBAF,Tumingin,VBAF
10246,Maitim|JJD,Maitim,JJD
10247,develop|FW,develop,FW
10248,habal|FW,habal,FW
10249,nagsasabog|VBTR,nagsasabog,VBTR
10250,Khach|NNP,Khach,NNP
10251,bati|NNC,bati,NNC
10252,nilakihan|VBTS,nilakihan,VBTS
10253,these|FW,these,FW
10254,Nakasimangot|RBD,Nakasimangot,RBD
10255,naglagay|VBTS,naglagay,VBTS
10256,sekondarya|NNC,sekondarya,NNC
10257,kunin|VBOF,kunin,VBOF
10258,balkonahe|NNC,balkonahe,NNC
10259,Punta|NNP,Punta,NNP
10260,Dinadalhan|NNP,Dinadalhan,NNP
10261,Pinuputol|NNP,Pinuputol,NNP
10262,tailed|FW,tailed,FW
10263,Bitbit|NNP,Bitbit,NNP
10264,minatamis|JJD,minatamis,JJD
10265,grupo|NNC,grupo,NNC
10266,papalapít|NNC,papalapít,NNC
10267,sikip|NNC,sikip,NNC
10268,Tatsulok|NNP,Tatsulok,NNP
10269,tatsulok|NNC,tatsulok,NNC
10270,hagisan|VBOF,hagisan,VBOF
10271,gusali|NNC,gusali,NNC
10272,tatatakan|VBTF,tatatakan,VBTF
10273,asul|JJD,asul,JJD
10274,....|CDB,....,CDB
10275,lollipop|NNC,lollipop,NNC
10276,SeanPatuloy|NNP,SeanPatuloy,NNP
10277,Barbara|NNP,Barbara,NNP
10278,aayos|FW,aayos,FW
10279,malilinis|VBTF,malilinis,VBTF
10280,Natuto|VBTS,Natuto,VBTS
10281,Maaaring|RBM,Maaaring,RBM
10282,sinuklay|VBTS,sinuklay,VBTS
10283,Nakaahon|NNP,Nakaahon,NNP
10284,Signer|FW,Signer,FW
10285,papayagan|VBTF,papayagan,VBTF
10286,Pasok|NNP,Pasok,NNP
10287,us|FW,us,FW
10288,pabilog|JJD,pabilog,JJD
10289,kayong|NNC_CCP,kayong,NNC_CCP
10290,King|NNP,King,NNP
10291,dinilig|VBTS,dinilig,VBTS
10292,Pera|NNC,Pera,NNC
10293,nawalan|VBTS,nawalan,VBTS
10294,Save|NNP,Save,NNP
10295,Chinese|NNP,Chinese,NNP
10296,piling|JJD_CCP,piling,JJD_CCP
10297,Sakto|JJD,Sakto,JJD
10298,Binilhan|VBOF,Binilhan,VBOF
10299,promote|FW,promote,FW
10300,magkapantay|VBW,magkapantay,VBW
10301,nabago|VBTS,nabago,VBTS
10302,Dee|NNP,Dee,NNP
10303,pambayad|JJD,pambayad,JJD
10304,magpapasaya|VBTF,magpapasaya,VBTF
10305,natatabunan|VBTR,natatabunan,VBTR
10306,konti|PRI,konti,PRI
10307,Napakakalat|JJCS_JJD,Napakakalat,JJCS_JJD
10308,Puting|JJD_CCP,Puting,JJD_CCP
10309,Sinigurado|VBTS,Sinigurado,VBTS
10310,patalasin|VBOF,patalasin,VBOF
10311,Pagpapapisa|NNP,Pagpapapisa,NNP
10312,Mahuli|VBTF,Mahuli,VBTF
10313,pagkakatulog|NNC,pagkakatulog,NNC
10314,ganagan|NNC,ganagan,NNC
10315,nagkasakit|VBTR,nagkasakit,VBTR
10316,natin|PRP,natin,PRP
10317,bangkang|NNC_CCP,bangkang,NNC_CCP
10318,itinatapon|VBTR,itinatapon,VBTR
10319,huling|RBW_CCP,huling,RBW_CCP
10320,pumayag|VBAF,pumayag,VBAF
10321,Gumising|VBOF,Gumising,VBOF
10322,medyo|JJC,medyo,JJC
10323,Bumuhos|VBAF,Bumuhos,VBAF
10324,Mumma|NNP,Mumma,NNP
10325,lalaban|VBTF,lalaban,VBTF
10326,Nagsimulang|VBTS_CCP,Nagsimulang,VBTS_CCP
10327,hibla|NNC,hibla,NNC
10328,Nyek|NNP,Nyek,NNP
10329,ube|NNC,ube,NNC
10330,maamoy|VBW,maamoy,VBW
10331,pagtagaktak|NNC,pagtagaktak,NNC
10332,동화책작업을할수있는기회가생겨서필리핀의|CDB,동화책작업을할수있는기회가생겨서필리핀의,CDB
10333,liwayway|NNC,liwayway,NNC
10334,nagsusumamo|VBTS,nagsusumamo,VBTS
10335,Iniiwan|VBOF,Iniiwan,VBOF
10336,pasyente|NNC,pasyente,NNC
10337,naiidlip|VBTR,naiidlip,VBTR
10338,gantimpala|NNC,gantimpala,NNC
10339,pagpaparami|NNC,pagpaparami,NNC
10340,Ititinda|VBTS,Ititinda,VBTS
10341,katumbas|JJD,katumbas,JJD
10342,bumubuga|VBAF,bumubuga,VBAF
10343,La|NNP,La,NNP
10344,arts|FW,arts,FW
10345,Sharareh|NNP,Sharareh,NNP
10346,bruha|NNC,bruha,NNC
10347,inihihiga|VBTS,inihihiga,VBTS
10348,suotin|VBOF,suotin,VBOF
10349,rat|FW,rat,FW
10350,nakakalipad|VBTR,nakakalipad,VBTR
10351,PUmunta|VBTS_VBAF,PUmunta,VBTS_VBAF
10352,sumuporta|VBAF,sumuporta,VBAF
10353,pamamamahayan|NNC,pamamamahayan,NNC
10354,pakiramdam|NNC,pakiramdam,NNC
10355,pandan|NNC,pandan,NNC
10356,gandang|JJD_CCP,gandang,JJD_CCP
10357,baya|NNC,baya,NNC
10358,piniprito|NNC,piniprito,NNC
10359,laurel|FW,laurel,FW
10360,nakapapaso|RBD,nakapapaso,RBD
10361,ginagawang|VBTR_CCP,ginagawang,VBTR_CCP
10362,Sumagang|NNP,Sumagang,NNP
10363,maghapon|NNC,maghapon,NNC
10364,Lalagyan|NNC,Lalagyan,NNC
10365,«|FW,«,FW
10366,nanghihina|VBTS,nanghihina,VBTS
10367,PLOK|NNPA,PLOK,NNPA
10368,Ginugol|VBOF,Ginugol,VBOF
10369,kasangkapan|NNC,kasangkapan,NNC
10370,print|NNC,print,NNC
10371,namulaklak|VBTR,namulaklak,VBTR
10372,Durga|NNP,Durga,NNP
10373,Billu|NNP,Billu,NNP
10374,Boom|NNP,Boom,NNP
10375,paaralanupang|RBD_CCP,paaralanupang,RBD_CCP
10376,pagkamalikhain|NNC,pagkamalikhain,NNC
10377,Buddhu|NNP,Buddhu,NNP
10378,nalikha|VBTS,nalikha,VBTS
10379,mapagalaw|VBW,mapagalaw,VBW
10380,higaan|NNC,higaan,NNC
10381,naglupasay|VBTR,naglupasay,VBTR
10382,Nafi|NNP,Nafi,NNP
10383,Nawala|VBTS,Nawala,VBTS
10384,pinatulong|VBTR,pinatulong,VBTR
10385,tugunan|VBOF,tugunan,VBOF
10386,kagalakan|NNC,kagalakan,NNC
10387,Magaling|NNP,Magaling,NNP
10388,Orion|NNP,Orion,NNP
10389,iiyakang|NNC_CCP,iiyakang,NNC_CCP
10390,Rehiyon|NNP,Rehiyon,NNP
10391,Paalala|NNP,Paalala,NNP
10392,napapahikab|VBTR,napapahikab,VBTR
10393,napakarami|JJCS_JJD,napakarami,JJCS_JJD
10394,depensa|NNC,depensa,NNC
10395,zig|FW,zig,FW
10396,tumama|VBAF,tumama,VBAF
10397,pinupunasan|VBTS_VBOF,pinupunasan,VBTS_VBOF
10398,nagdagdag|VBTS,nagdagdag,VBTS
10399,napabahing|VBTS_CCP,napabahing,VBTS_CCP
10400,Ganun|PRC,Ganun,PRC
10401,Magbabayad|VBTF,Magbabayad,VBTF
10402,isalansan|VBTS,isalansan,VBTS
10403,Di|RBF,Di,RBF
10404,maghugas|VBW,maghugas,VBW
10405,subalit|CCT,subalit,CCT
10406,workshop|NNC,workshop,NNC
10407,Matutuyo|VBTF,Matutuyo,VBTF
10408,gutom|NNC,gutom,NNC
10409,pagawaan|NNC,pagawaan,NNC
10410,pagpapaunlad|NNC,pagpapaunlad,NNC
10411,maayos|RBD,maayos,RBD
10412,yakap|NNC,yakap,NNC
10413,ispada|NNC,ispada,NNC
10414,saba|NNC,saba,NNC
10415,mcdilim|JJD,mcdilim,JJD
10416,Okay|NNP,Okay,NNP
10417,Kaarawan|NNP,Kaarawan,NNP
10418,natutuwa|FW,natutuwa,FW
10419,apat|CDB,apat,CDB
10420,nakakapagod|JJD,nakakapagod,JJD
10421,Samahan|NNP,Samahan,NNP
10422,ikalawang|JJN_CCP,ikalawang,JJN_CCP
10423,mo.|NNCA,mo.,NNCA
10424,Pinaakyat|VBTS,Pinaakyat,VBTS
10425,hoop|FW,hoop,FW
10426,luminga|VBTS_VBAF,luminga,VBTS_VBAF
10427,nagsilbing|VBTS_CCP,nagsilbing,VBTS_CCP
10428,pagkakaupo|NNC,pagkakaupo,NNC
10429,pahihirapan|VBOF,pahihirapan,VBOF
10430,tumawid|VBAF,tumawid,VBAF
10431,banta|NNC,banta,NNC
10432,Pinipindot|VBTR,Pinipindot,VBTR
10433,away|NNC,away,NNC
10434,itinatampok|VBTR,itinatampok,VBTR
10435,nagprotekta|VBTS,nagprotekta,VBTS
10436,Tumatalsik|NNP,Tumatalsik,NNP
10437,makuha|VBW,makuha,VBW
10438,masisilungan|VBW,masisilungan,VBW
10439,mantika|NNC,mantika,NNC
10440,tora|FW,tora,FW
10441,Malli|NNP,Malli,NNP
10442,Uminom|VBAF,Uminom,VBAF
10443,makakapanood|VBW,makakapanood,VBW
10444,palihan|NNC,palihan,NNC
10445,Tsina|NNP,Tsina,NNP
10446,magnet|NNC,magnet,NNC
10447,darating|NNC,darating,NNC
10448,pinagluluto|VBTR_VBRF,pinagluluto,VBTR_VBRF
10449,ibabaw|NNC,ibabaw,NNC
10450,kulangin|VBOF,kulangin,VBOF
10451,Hiwa|NNP,Hiwa,NNP
10452,nektar|NNC,nektar,NNC
10453,pagtalsik|VBW,pagtalsik,VBW
10454,kulambo|NNC,kulambo,NNC
10455,They|NNP,They,NNP
10456,Napadaan|VBTS,Napadaan,VBTS
10457,manggagawang|NNC_CCP,manggagawang,NNC_CCP
10458,eskwelahan|NNC,eskwelahan,NNC
10459,Nakapagtataka|VBTS,Nakapagtataka,VBTS
10460,nakasimangot|VBTS,nakasimangot,VBTS
10461,pinakabagong|JJCS_JJD_CCP,pinakabagong,JJCS_JJD_CCP
10462,Siyempre|RBT,Siyempre,RBT
10463,all|FW,all,FW
10464,partikular|JJD,partikular,JJD
10465,pinatunayan|VBTS,pinatunayan,VBTS
10466,kahit|RBK,kahit,RBK
10467,nagsulat|VBTS,nagsulat,VBTS
10468,Uling|NNP,Uling,NNP
10469,nagdiriwang|VBTS_CCP,nagdiriwang,VBTS_CCP
10470,magkaklase|NNC,magkaklase,NNC
10471,alin|PRQ,alin,PRQ
10472,Nagsulat|VBTS,Nagsulat,VBTS
10473,sasabuyan|NNC,sasabuyan,NNC
10474,ganda|NNC,ganda,NNC
10475,Naaamoy|VBTS,Naaamoy,VBTS
10476,pinipitas|VBTS,pinipitas,VBTS
10477,balag|NNC,balag,NNC
10478,nasusukat|VBTR,nasusukat,VBTR
10479,dekada|NNC,dekada,NNC
10480,dram|NNC,dram,NNC
10481,aagawan|NNC,aagawan,NNC
10482,nililigpit|VBTR,nililigpit,VBTR
10483,natural|JJD,natural,JJD
10484,palang|RBD_CCP,palang,RBD_CCP
10485,sumbong|VBAF,sumbong,VBAF
10486,malinaw|RBD,malinaw,RBD
10487,barbet|FW,barbet,FW
10488,kalaunan|RBW,kalaunan,RBW
10489,호렝그림|CDB,호렝그림,CDB
10490,ipinagyabang|VBTS,ipinagyabang,VBTS
10491,Lawa|NNP,Lawa,NNP
10492,gumuho|VBAF,gumuho,VBAF
10493,siniko|VBTS,siniko,VBTS
10494,Falgun|NNP,Falgun,NNP
10495,gumagapang|VBTR_VBAF,gumagapang,VBTR_VBAF
10496,paghati|NNC,paghati,NNC
10497,nakasasawa|VBTS,nakasasawa,VBTS
10498,ninuno|NNC,ninuno,NNC
10499,Griyego|NNP,Griyego,NNP
10500,unahang|JJN_CCP,unahang,JJN_CCP
10501,maengkanto|VBW,maengkanto,VBW
10502,mistulang|RBM,mistulang,RBM
10503,perlas|NNC,perlas,NNC
10504,pinakinggan|VBTS,pinakinggan,VBTS
10505,tiya|NNC,tiya,NNC
10506,pabilisan|NNC,pabilisan,NNC
10507,laddoo|NNC,laddoo,NNC
10508,kayamanan|NNC,kayamanan,NNC
10509,mongsa|FW,mongsa,FW
10510,Creative|NNP,Creative,NNP
10511,Heto|NNP,Heto,NNP
10512,elegante|NNC,elegante,NNC
10513,sampu|JJN,sampu,JJN
10514,maabala|VBW,maabala,VBW
10515,nakangiting|VBTS_CCP,nakangiting,VBTS_CCP
10516,Magprito|NNP,Magprito,NNP
10517,Natutulog|VBTR,Natutulog,VBTR
10518,Chaku|NNP,Chaku,NNP
10519,Nakibahagi|VBTR,Nakibahagi,VBTR
10520,Naliligaw|VBTS,Naliligaw,VBTS
10521,Neeeeeeeeeeeeey|FW,Neeeeeeeeeeeeey,FW
10522,bag|NNCA,bag,NNCA
10523,Jun.|NNPA,Jun.,NNPA
10524,kasabikan|NNC,kasabikan,NNC
10525,nakahinga|RBD,nakahinga,RBD
10526,malubak|JJD,malubak,JJD
10527,malaking|JJD_CCP,malaking,JJD_CCP
10528,paghiwalayin|VBOF,paghiwalayin,VBOF
10529,gaganchilyo|NNC,gaganchilyo,NNC
10530,gabinti|FW,gabinti,FW
10531,Tinitigan|VBTR,Tinitigan,VBTR
10532,nakakita|VBTR,nakakita,VBTR
10533,Jet|NNP,Jet,NNP
10534,sasayaw|JJD,sasayaw,JJD
10535,bilang|NNC,bilang,NNC
10536,minorities|FW,minorities,FW
10537,hulihan|NNC,hulihan,NNC
10538,nabitag|VBTS,nabitag,VBTS
10539,pagsinghot|NNC,pagsinghot,NNC
10540,Nagpulong|VBTS,Nagpulong,VBTS
10541,tock|FW,tock,FW
10542,nakapagpapadulas|VBTS,nakapagpapadulas,VBTS
10543,Bb|NNCA,Bb,NNCA
10544,pagpapatungkol|NNC,pagpapatungkol,NNC
10545,Manunumbalik|VBTF,Manunumbalik,VBTF
10546,andito|RBR,andito,RBR
10547,balaan|VBOF,balaan,VBOF
10548,ginagawa|VBTR_VBOF,ginagawa,VBTR_VBOF
10549,A-S-A-Y-A-N-G|FW,A-S-A-Y-A-N-G,FW
10550,tulos|NNC,tulos,NNC
10551,Munting|NNC_CCP,Munting,NNC_CCP
10552,Noli|NNP,Noli,NNP
10553,nasuot|VBTS,nasuot,VBTS
10554,Nakakamangha|VBTR,Nakakamangha,VBTR
10555,napakalaking|JJCS_JJD_CCP,napakalaking,JJCS_JJD_CCP
10556,distribute|FW,distribute,FW
10557,maitutulong|NNC,maitutulong,NNC
10558,bansa|NNC,bansa,NNC
10559,AngLitara|NNP,AngLitara,NNP
10560,nagpapadilim|VBTR,nagpapadilim,VBTR
10561,iniabot|VBTS,iniabot,VBTS
10562,iginuhit|VBTS,iginuhit,VBTS
10563,natukoy|VBTS,natukoy,VBTS
10564,surf|FW,surf,FW
10565,SIMPLENG|NNPA,SIMPLENG,NNPA
10566,bumati|VBAF,bumati,VBAF
10567,aliw|NNC,aliw,NNC
10568,Islaw|VBOF,Islaw,VBOF
10569,ekspertong|JJD_CCP,ekspertong,JJD_CCP
10570,karga|NNC,karga,NNC
10571,tinatawanan|VBTR,tinatawanan,VBTR
10572,banig|NNC,banig,NNC
10573,storyang|NNC_CCP,storyang,NNC_CCP
10574,grow|FW,grow,FW
10575,Nagtatapos|VBTR,Nagtatapos,VBTR
10576,kasiguraduhan|NNC,kasiguraduhan,NNC
10577,maiitim|JJD,maiitim,JJD
10578,maisan|VBW,maisan,VBW
10579,kalmot|JJD,kalmot,JJD
10580,어느새한국에서생|CDB,어느새한국에서생,CDB
10581,tasa|NNC,tasa,NNC
10582,Sarap|NNP,Sarap,NNP
10583,Napakalaking|JJD_CCP,Napakalaking,JJD_CCP
10584,nagsara|VBTS,nagsara,VBTS
10585,72na|CDB,72na,CDB
10586,nadadaanan|VBTR,nadadaanan,VBTR
10587,halin|NNC,halin,NNC
10588,aklatna|NNC,aklatna,NNC
10589,Nababalot|VBTR,Nababalot,VBTR
10590,pinagkakatiwalaang|VBTS_CCP,pinagkakatiwalaang,VBTS_CCP
10591,Maraming|PRI_CCP,Maraming,PRI_CCP
10592,Somchay|NNP,Somchay,NNP
10593,Eraldo|NNP,Eraldo,NNP
10594,Rabbit|NNP,Rabbit,NNP
10595,Rani|NNP,Rani,NNP
10596,usbong|NNC,usbong,NNC
10597,layo|NNC,layo,NNC
10598,kuligligPitong|NNC_CCP,kuligligPitong,NNC_CCP
10599,magpakumbaba|VBW,magpakumbaba,VBW
10600,Binenta|VBTS,Binenta,VBTS
10601,kemikal|JJD,kemikal,JJD
10602,bubunutin|VBTF,bubunutin,VBTF
10603,punto|NNC,punto,NNC
10604,pagbukud|NNC,pagbukud,NNC
10605,totong|NNC_CCP,totong,NNC_CCP
10606,grupong|NNC_CCP,grupong,NNC_CCP
10607,maikilos|VBW,maikilos,VBW
10608,punongkahoy|NNC,punongkahoy,NNC
10609,humilata|NNC,humilata,NNC
10610,amended|FW,amended,FW
10611,raket|FW,raket,FW
10612,Kinagat|VBTS,Kinagat,VBTS
10613,Nadumihan|VBTS,Nadumihan,VBTS
10614,napaluluha|VBTS,napaluluha,VBTS
10615,krayola|NNC,krayola,NNC
10616,paningin|NNC,paningin,NNC
10617,Puwesto|NNP,Puwesto,NNP
10618,Kutti|PRI,Kutti,PRI
10619,dalawang|JJN_CCP,dalawang,JJN_CCP
10620,isulong|VBOF,isulong,VBOF
10621,nakikita|VBTR,nakikita,VBTR
10622,fishes|FW,fishes,FW
10623,pulong|NNC,pulong,NNC
10624,Hihintayin|NNP,Hihintayin,NNP
10625,Sistema|NNP,Sistema,NNP
10626,crisis|FW,crisis,FW
10627,latang|NNC_CCP,latang,NNC_CCP
10628,pangako|NNC,pangako,NNC
10629,didikit|NNC,didikit,NNC
10630,led|FW,led,FW
10631,matatakot|VBTF,matatakot,VBTF
10632,patuyuin|VBOF,patuyuin,VBOF
10633,tumbling|VBAF,tumbling,VBAF
10634,Lumalangoy|VBTR_VBAF,Lumalangoy,VBTR_VBAF
10635,Baitang|NNC,Baitang,NNC
10636,makasali|VBW,makasali,VBW
10637,Nakakahanga|VBTR,Nakakahanga,VBTR
10638,mapag|VBW,mapag,VBW
10639,mayro|NNC,mayro,NNC
10640,Bonjour|NNP,Bonjour,NNP
10641,mapang|JJD_CCP,mapang,JJD_CCP
10642,tiket|NNC,tiket,NNC
10643,Ilustrasyon|NNP,Ilustrasyon,NNP
10644,Kilalanin|VBOF,Kilalanin,VBOF
10645,paghahakot|NNC,paghahakot,NNC
10646,nakikitang|VBTR_CCP,nakikitang,VBTR_CCP
10647,sakanyang|JJD_CCP,sakanyang,JJD_CCP
10648,Koung|PRO_CCP,Koung,PRO_CCP
10649,Tumalbog|VBAF,Tumalbog,VBAF
10650,Ooops|NNP,Ooops,NNP
10651,panga|NNC,panga,NNC
10652,inaheng|NNC_CCP,inaheng,NNC_CCP
10653,tatayAng|VBTF_CCP,tatayAng,VBTF_CCP
10654,itanim|VBOF,itanim,VBOF
10655,Mering|NNP,Mering,NNP
10656,Blag|FW,Blag,FW
10657,akyat|NNC,akyat,NNC
10658,gutom|JJD,gutom,JJD
10659,tsip|NNC,tsip,NNC
10660,pagmamalaki|NNC,pagmamalaki,NNC
10661,simoy|NNC,simoy,NNC
10662,minsanan|RBW,minsanan,RBW
10663,Our|NNP,Our,NNP
10664,etc.|NNCA,etc.,NNCA
10665,sumasakit|VBTR_VBAF,sumasakit,VBTR_VBAF
10666,-11|CDB,-11,CDB
10667,DAPAT|NNPA,DAPAT,NNPA
10668,piliting|RBD_CCP,piliting,RBD_CCP
10669,nakapulupot|VBTS,nakapulupot,VBTS
10670,ilabas|VBOF,ilabas,VBOF
10671,gawa|NNC,gawa,NNC
10672,Donna|NNP,Donna,NNP
10673,tuluyan|RBD,tuluyan,RBD
10674,magkatinginan|VBW,magkatinginan,VBW
10675,matagumpay|RBD,matagumpay,RBD
10676,Eek|NNP,Eek,NNP
10677,Sinong|PRI_CCP,Sinong,PRI_CCP
10678,Pasigaw|RBD,Pasigaw,RBD
10679,damuhan|NNC,damuhan,NNC
10680,Miss|NNP,Miss,NNP
10681,papuntangibabaw|RBD,papuntangibabaw,RBD
10682,Nayon|NNP,Nayon,NNP
10683,Magkakaron|NNP,Magkakaron,NNP
10684,focuses|FW,focuses,FW
10685,nakaka|RBD,nakaka,RBD
10686,awit|NNC,awit,NNC
10687,magpahinga|VBW,magpahinga,VBW
10688,Siyam|JJN,Siyam,JJN
10689,Araw|NNP,Araw,NNP
10690,kumukonekta|VBTR_VBAF,kumukonekta,VBTR_VBAF
10691,piyesa|NNC,piyesa,NNC
10692,dinala|VBOF,dinala,VBOF
10693,sulatan|VBOF,sulatan,VBOF
10694,nakakaraan|VBTR,nakakaraan,VBTR
10695,ItlogItlog|NNP,ItlogItlog,NNP
10696,harang|NNC,harang,NNC
10697,magpalumo|VBW,magpalumo,VBW
10698,Noon|RBW,Noon,RBW
10699,magdagdag|VBW,magdagdag,VBW
10700,palumpong|NNC,palumpong,NNC
10701,produkto|NNC,produkto,NNC
10702,mahulog|VBW,mahulog,VBW
10703,ilang|PRQ_CCP,ilang,PRQ_CCP
10704,nakapagtapos|VBTS,nakapagtapos,VBTS
10705,Bumuntong|NNP_CCP,Bumuntong,NNP_CCP
10706,lumamig|VBAF,lumamig,VBAF
10707,matulad|VBW,matulad,VBW
10708,Intaaaan|NNP,Intaaaan,NNP
10709,Chief|NNP,Chief,NNP
10710,Napalitan|VBTS,Napalitan,VBTS
10711,sarili.biglang|RBD_CCP,sarili.biglang,RBD_CCP
10712,Mmmm|FW,Mmmm,FW
10713,pagpapatakbo|NNC,pagpapatakbo,NNC
10714,nahihirapan|VBTR,nahihirapan,VBTR
10715,sumabog|VBAF,sumabog,VBAF
10716,TV|NNPA,TV,NNPA
10717,hanggan|NNC,hanggan,NNC
10718,sinubukan|VBOF,sinubukan,VBOF
10719,Napaupo|VBTS,Napaupo,VBTS
10720,Humihimas|NNP,Humihimas,NNP
10721,pagaani|NNC,pagaani,NNC
10722,naglakad|VBTS,naglakad,VBTS
10723,Rato|NNP,Rato,NNP
10724,Heneral|NNP,Heneral,NNP
10725,magbasa|VBW,magbasa,VBW
10726,nauuhaw|VBTR,nauuhaw,VBTR
10727,cambodia.panda.org|FW,cambodia.panda.org,FW
10728,bulateng|NNC_CCP,bulateng,NNC_CCP
10729,sulok|NNC,sulok,NNC
10730,Krassshh|NNP,Krassshh,NNP
10731,anung|PRQ_CCP,anung,PRQ_CCP
10732,Pinuri|VBOF,Pinuri,VBOF
10733,teacher|FW,teacher,FW
10734,Unti|NNP,Unti,NNP
10735,library|NNC,library,NNC
10736,We|FW,We,FW
10737,hangin|NNC,hangin,NNC
10738,maliksing|JJD_CCP,maliksing,JJD_CCP
10739,",600|CDB",",600",CDB
10740,Kintatakutan|VBTR,Kintatakutan,VBTR
10741,magbisita|VBAF,magbisita,VBAF
10742,kahaba|JJD,kahaba,JJD
10743,Bumangon|VBAF,Bumangon,VBAF
10744,bitbit|JJD,bitbit,JJD
10745,educate|FW,educate,FW
10746,matimatika|NNC,matimatika,NNC
10747,a-a-apat|FW,a-a-apat,FW
10748,paghuhugas|NNC,paghuhugas,NNC
10749,mahirap|JJD,mahirap,JJD
10750,balong|NNC,balong,NNC
10751,ayos|JJD,ayos,JJD
10752,nilalabhan|VBTR,nilalabhan,VBTR
10753,sinisisi|VBTR,sinisisi,VBTR
10754,Oracle|NNP,Oracle,NNP
10755,nag|RBD_CCP,nag,RBD_CCP
10756,banyo|NNC,banyo,NNC
10757,mapataas|VBW,mapataas,VBW
10758,'s|CDB,'s,CDB
10759,Aah|NNP,Aah,NNP
10760,pinangangalagaan|VBTR,pinangangalagaan,VBTR
10761,hagis|FW,hagis,FW
10762,resolba|VBOF,resolba,VBOF
10763,sa|RBL,sa,RBL
10764,magsimulang|RBD_CCP,magsimulang,RBD_CCP
10765,Oo|RBT,Oo,RBT
10766,Pinatunog|VBOF,Pinatunog,VBOF
10767,Sagar|NNP,Sagar,NNP
10768,monitor|FW,monitor,FW
10769,anu|NNP,anu,NNP
10770,hasang|NNC_CCP,hasang,NNC_CCP
10771,inalis|VBTS_VBOF,inalis,VBTS_VBOF
10772,sanlibutan|NNC,sanlibutan,NNC
10773,inanod|VBTS,inanod,VBTS
10774,tanghali|RBW,tanghali,RBW
10775,dangkal|NNC,dangkal,NNC
10776,pinaikot|VBOF,pinaikot,VBOF
10777,maliliit|JJD,maliliit,JJD
10778,napapasigaw|VBTR,napapasigaw,VBTR
10779,Maliit|JJD,Maliit,JJD
10780,pa|RBI,pa,RBI
10781,Tubig|NNC,Tubig,NNC
10782,Pinagawa|VBTS,Pinagawa,VBTS
10783,Husam|NNP,Husam,NNP
10784,kayóng|NNC_CCP,kayóng,NNC_CCP
10785,DAHIL|NNPA,DAHIL,NNPA
10786,harap|NNC,harap,NNC
10787,pagkathaan|NNC,pagkathaan,NNC
10788,mababa|JJD,mababa,JJD
10789,naatasang|RBD_CCP,naatasang,RBD_CCP
10790,studio|FW,studio,FW
10791,alagad|NNC,alagad,NNC
10792,hiwalay|JJD,hiwalay,JJD
10793,antas|NNC,antas,NNC
10794,istro|NNC,istro,NNC
10795,tospeaking|FW,tospeaking,FW
10796,Nauubos|VBTR,Nauubos,VBTR
10797,ituro|VBOF,ituro,VBOF
10798,responsibilidad|NNC,responsibilidad,NNC
10799,magbilang|VBTF,magbilang,VBTF
10800,Tinataniman|VBTS,Tinataniman,VBTS
10801,ngRoom|FW,ngRoom,FW
10802,hikayatin|VBOF,hikayatin,VBOF
10803,Dragon|NNP,Dragon,NNP
10804,inuubo|NNC,inuubo,NNC
10805,naghawakan|VBTR,naghawakan,VBTR
10806,makakaakyat|VBW,makakaakyat,VBW
10807,nagbigay|VBTS,nagbigay,VBTS
10808,importanteng|JJD_CCP,importanteng,JJD_CCP
10809,pelican|NNC,pelican,NNC
10810,talunin|VBOF,talunin,VBOF
10811,Napakataba|VBTS,Napakataba,VBTS
10812,lalaki|VBTF,lalaki,VBTF
10813,gampanin|VBOF,gampanin,VBOF
10814,girls|FW,girls,FW
10815,Kambing|NNP,Kambing,NNP
10816,Sumakay|VBAF,Sumakay,VBAF
10817,Sida|NNP,Sida,NNP
10818,kulisap|NNC,kulisap,NNC
10819,Nasasabik|VBTR,Nasasabik,VBTR
10820,Iyan|VBTR_VBOF,Iyan,VBTR_VBOF
10821,niyogan|NNC,niyogan,NNC
10822,Sai|NNP,Sai,NNP
10823,kalamansi|NNC,kalamansi,NNC
10824,kaliitan|NNC,kaliitan,NNC
10825,maglalaan|VBTF_VBAF,maglalaan,VBTF_VBAF
10826,kailangan|VBS,kailangan,VBS
10827,nangitlog|VBTS,nangitlog,VBTS
10828,maagang|JJD_CCP,maagang,JJD_CCP
10829,Namasyal|NNP,Namasyal,NNP
10830,salamangkahin|VBOF,salamangkahin,VBOF
10831,pagpintura|NNC,pagpintura,NNC
10832,Yohoo|FW,Yohoo,FW
10833,.|PMP,.,PMP
10834,isinasama|VBTR,isinasama,VBTR
10835,matirik|JJD,matirik,JJD
10836,manatiling|VBW_CCP,manatiling,VBW_CCP
10837,Pinakawalan|VBTS,Pinakawalan,VBTS
10838,matirhan|NNC,matirhan,NNC
10839,iipon|VBTF,iipon,VBTF
10840,Lana|NNP,Lana,NNP
10841,magpaliwanag|VBW,magpaliwanag,VBW
10842,lahat|PRI,lahat,PRI
10843,mataas|JJD,mataas,JJD
10844,Guddu|NNP,Guddu,NNP
10845,gumulo|VBAF,gumulo,VBAF
10846,plastik|JJD,plastik,JJD
10847,maibalik|VBW,maibalik,VBW
10848,lipat|NNC,lipat,NNC
10849,Bulok|NNP,Bulok,NNP
10850,Hinihiwa|NNP,Hinihiwa,NNP
10851,Tap|NNC,Tap,NNC
10852,susubukan|VBTF,susubukan,VBTF
10853,itinayo|VBTS,itinayo,VBTS
10854,lubusan|RBD,lubusan,RBD
10855,ibu|FW,ibu,FW
10856,manghihina|FW,manghihina,FW
10857,makaalis|VBW,makaalis,VBW
10858,한사랑을선물해줍니다|NNC,한사랑을선물해줍니다,NNC
10859,magtoothbrush|VBTF_VBAF,magtoothbrush,VBTF_VBAF
10860,minsan|RBW,minsan,RBW
10861,held|FW,held,FW
10862,makatatakas|VBTF,makatatakas,VBTF
10863,rolyo|NNC,rolyo,NNC
10864,makasakay|VBW,makasakay,VBW
10865,조사탐색했지만|FW,조사탐색했지만,FW
10866,pagbibisekleta|NNC,pagbibisekleta,NNC
10867,nagsaya|VBTS,nagsaya,VBTS
10868,kiwal|NNC,kiwal,NNC
10869,pagbabala|NNC,pagbabala,NNC
10870,isalin|VBOF,isalin,VBOF
10871,napakatuwid|JJCS_JJD,napakatuwid,JJCS_JJD
10872,agimat|NNC,agimat,NNC
10873,Alliance|NNP,Alliance,NNP
10874,suwayin|VBOF,suwayin,VBOF
10875,Hilig|VBS,Hilig,VBS
10876,maitulong|VBW,maitulong,VBW
10877,Tirik|NNP,Tirik,NNP
10878,advanced|FW,advanced,FW
10879,Kapareho|JJC,Kapareho,JJC
10880,kaingay|NNC,kaingay,NNC
10881,bulalas|VBS,bulalas,VBS
10882,creativecommons.org/licenses/by/./AngpagbuongaklaDum|FW,creativecommons.org/licenses/by/./AngpagbuongaklaDum,FW
10883,Hinintay|VBOF,Hinintay,VBOF
10884,lingon|VBOF,lingon,VBOF
10885,pagkasira|NNC,pagkasira,NNC
10886,tubi|NNC,tubi,NNC
10887,tindera|VBTS,tindera,VBTS
10888,matutong|VBW_CCP,matutong,VBW_CCP
10889,babaguhin|VBTF_VBOF,babaguhin,VBTF_VBOF
10890,magbisekleta|VBTF,magbisekleta,VBTF
10891,apricot|FW,apricot,FW
10892,easily|FW,easily,FW
10893,sapagkat|CCR,sapagkat,CCR
10894,Natutunan|VBTR,Natutunan,VBTR
10895,Kama|NNP,Kama,NNP
10896,Magbasa|NNP,Magbasa,NNP
10897,Bibe|NNC,Bibe,NNC
10898,biyodibersidad|NNC,biyodibersidad,NNC
10899,Botse|NNP,Botse,NNP
10900,Umiiyak|VBTR_VBAF,Umiiyak,VBTR_VBAF
10901,disyerto|JJD,disyerto,JJD
10902,lama|NNC,lama,NNC
10903,market|FW,market,FW
10904,straw|NNC,straw,NNC
10905,next|FW,next,FW
10906,makapanunuod|VBW,makapanunuod,VBW
10907,lambing|FW,lambing,FW
10908,kasi|CCR,kasi,CCR
10909,Yung|PRO_CCP,Yung,PRO_CCP
10910,Natigil|VBTS,Natigil,VBTS
10911,makuhanan|VBW,makuhanan,VBW
10912,soccer|FW,soccer,FW
10913,Napakaaga|VBTS,Napakaaga,VBTS
10914,leadership|FW,leadership,FW
10915,manggagawa|NNC,manggagawa,NNC
10916,Mabuti|NNP,Mabuti,NNP
10917,brrr|FW,brrr,FW
10918,Ako|PRS,Ako,PRS
10919,nagkaugat|VBTS,nagkaugat,VBTS
10920,제두딸뿐|PMS,제두딸뿐,PMS
10921,diploma|NNC,diploma,NNC
10922,Sukaesih|NNP,Sukaesih,NNP
10923,pinanonood|VBTR,pinanonood,VBTR
10924,hinahampas|VBTR_VBOF,hinahampas,VBTR_VBOF
10925,imbakan|NNC,imbakan,NNC
10926,Bubuyog|NNP,Bubuyog,NNP
10927,Tejal|NNP,Tejal,NNP
10928,litrong|NNC_CCP,litrong,NNC_CCP
10929,ganito|PRC,ganito,PRC
10930,Sila|PRP,Sila,PRP
10931,Khyaa|NNP,Khyaa,NNP
10932,naabot|VBTS,naabot,VBTS
10933,nakakikilabot|VBTR,nakakikilabot,VBTR
10934,digmaan|NNC,digmaan,NNC
10935,pagputol|NNC,pagputol,NNC
10936,itinanim|VBTS,itinanim,VBTS
10937,daliri|NNC,daliri,NNC
10938,tumapik|VBAF,tumapik,VBAF
10939,pinapatawa|VBTR,pinapatawa,VBTR
10940,purple|NNC,purple,NNC
10941,bigay|VBS,bigay,VBS
10942,doktor|NNC,doktor,NNC
10943,litara.or.id|FW,litara.or.id,FW
10944,kadalasang|RBW_CCP,kadalasang,RBW_CCP
10945,Unnie|NNP,Unnie,NNP
10946,Tinaniman|VBTS,Tinaniman,VBTS
10947,iyang|VBOF_CCP,iyang,VBOF_CCP
10948,alimangong|NNC_CCP,alimangong,NNC_CCP
10949,KARAPATAN|NNP,KARAPATAN,NNP
10950,Bittu|NNP,Bittu,NNP
10951,binubunot|VBTR,binubunot,VBTR
10952,Sikreto|NNP,Sikreto,NNP
10953,Nagpaalam|VBTS,Nagpaalam,VBTS
10954,Tuna|FW,Tuna,FW
10955,Lalong|JJCC,Lalong,JJCC
10956,palayok|NNC,palayok,NNC
10957,iyo|PRO,iyo,PRO
10958,nahaharap|VBTR,nahaharap,VBTR
10959,Malilikot|JJD,Malilikot,JJD
10960,Rhea|NNP,Rhea,NNP
10961,ipinasok|VBOF,ipinasok,VBOF
10962,sikolohikal|JJD,sikolohikal,JJD
10963,kalabaw|NNC,kalabaw,NNC
10964,harapin|VBOF,harapin,VBOF
10965,Pagmamataas|NNP,Pagmamataas,NNP
10966,Mahinahon|RBD,Mahinahon,RBD
10967,lalaruin|VBTF,lalaruin,VBTF
10968,sambutin|VBOF,sambutin,VBOF
10969,PIRAMIDE|NNPA,PIRAMIDE,NNPA
10970,tama|RBT,tama,RBT
10971,nakababata|RBD,nakababata,RBD
10972,baliktad|JJD,baliktad,JJD
10973,kasabay|CCB,kasabay,CCB
10974,Greeny|NNP,Greeny,NNP
10975,litrato|NNC,litrato,NNC
10976,konstelasyon|NNC,konstelasyon,NNC
10977,Hari|NNP,Hari,NNP
10978,Nagpapahinga|VBTR,Nagpapahinga,VBTR
10979,mapula|NNC,mapula,NNC
10980,yoga|NNC,yoga,NNC
10981,Kalidad|NNC,Kalidad,NNC
10982,nagtaasan|VBTS,nagtaasan,VBTS
10983,panyo|NNC,panyo,NNC
10984,Shresta|NNP,Shresta,NNP
10985,borlas|NNC,borlas,NNC
10986,kabibe|NNC,kabibe,NNC
10987,bungkos|NNC,bungkos,NNC
10988,Gagaling|VBTF,Gagaling,VBTF
10989,kalmadong|JJD_CCP,kalmadong,JJD_CCP
10990,Nagdudulot|VBTR,Nagdudulot,VBTR
10991,Hugasan|NNP,Hugasan,NNP
10992,Payeng|NNP,Payeng,NNP
10993,niyaya|VBTS,niyaya,VBTS
10994,hinulaan|VBOF,hinulaan,VBOF
10995,humarap|VBAF,humarap,VBAF
10996,negosyante|NNC,negosyante,NNC
10997,matatalim|JJD,matatalim,JJD
10998,tagak|NNC,tagak,NNC
10999,workshops|FW,workshops,FW
11000,props|FW,props,FW
11001,maruming|PRI_CCP,maruming,PRI_CCP
11002,tapusin|VBOF,tapusin,VBOF
11003,pinahiran|VBTS,pinahiran,VBTS
11004,siNanoy|NNC,siNanoy,NNC
11005,nasyonalidad|NNC,nasyonalidad,NNC
11006,tarangkahan|NNC,tarangkahan,NNC
11007,napakalaki|JJCS_JJD,napakalaki,JJCS_JJD
11008,Napakakisig|RBD_CCP,Napakakisig,RBD_CCP
11009,Humuhuni|NNP,Humuhuni,NNP
11010,lavae|NNC,lavae,NNC
11011,malakihang|JJD_CCP,malakihang,JJD_CCP
11012,Isarog|VBOF,Isarog,VBOF
11013,agad|RBD,agad,RBD
11014,ipinagdasal|VBTS,ipinagdasal,VBTS
11015,Boooong|NNC_CCP,Boooong,NNC_CCP
11016,inuubo|VBTR,inuubo,VBTR
11017,Tilamsik|NNP,Tilamsik,NNP
11018,pagtatahi|NNC,pagtatahi,NNC
11019,mainom|JJD,mainom,JJD
11020,Kasya|NNC,Kasya,NNC
11021,babasaging|JJD_CCP,babasaging,JJD_CCP
11022,tapos|RBW,tapos,RBW
11023,Alin|NNP,Alin,NNP
11024,problema|NNC,problema,NNC
11025,Intan|NNP,Intan,NNP
11026,Tupe|NNP,Tupe,NNP
11027,buntong|NNC_CCP,buntong,NNC_CCP
11028,parrot|FW,parrot,FW
11029,pagsasaayos|NNC,pagsasaayos,NNC
11030,gayahin|VBTS,gayahin,VBTS
11031,saring|JJD_CCP,saring,JJD_CCP
11032,dahon|NNC,dahon,NNC
11033,Malalaman|VBTF,Malalaman,VBTF
11034,Duma|NNP,Duma,NNP
11035,nasorpresa|VBTS,nasorpresa,VBTS
11036,pinagmamasdan|VBTR_VBRF,pinagmamasdan,VBTR_VBRF
11037,matagpuan|VBW,matagpuan,VBW
11038,tapik|NNC,tapik,NNC
11039,yo|NNCA,yo,NNCA
11040,Chulichiya|NNP,Chulichiya,NNP
11041,haluing|FW,haluing,FW
11042,dedikadong|JJD_CCP,dedikadong,JJD_CCP
11043,PUK|NNPA,PUK,NNPA
11044,pinanatiling|RBD_CCP,pinanatiling,RBD_CCP
11045,maitataboy|VBW,maitataboy,VBW
11046,iniluwa|VBTS,iniluwa,VBTS
11047,pagulong|NNC,pagulong,NNC
11048,kumakabog|VBTR_VBAF,kumakabog,VBTR_VBAF
11049,gitnang|JJD_CCP,gitnang,JJD_CCP
11050,makulay|JJD,makulay,JJD
11051,linagyan|VBOF,linagyan,VBOF
11052,magbaon|VBAF,magbaon,VBAF
11053,hamon|NNC,hamon,NNC
11054,Masayang|RBD_CCP,Masayang,RBD_CCP
11055,pakibisita|NNC,pakibisita,NNC
11056,natututunan|VBTR,natututunan,VBTR
11057,syang|RBW_CCP,syang,RBW_CCP
11058,pagsisikap|VBW,pagsisikap,VBW
11059,nglobo|JJD,nglobo,JJD
11060,salmon|FW,salmon,FW
11061,ikabubuti|VBTF,ikabubuti,VBTF
11062,class|FW,class,FW
11063,sisiwHalos|NNC,sisiwHalos,NNC
11064,takraw|NNC,takraw,NNC
11065,ipinipinta|VBTS,ipinipinta,VBTS
11066,takip|NNC,takip,NNC
11067,Ibinuka|VBTS,Ibinuka,VBTS
11068,Bridge|NNP,Bridge,NNP
11069,alamnilang|NNC_CCP,alamnilang,NNC_CCP
11070,Magtatanim|NNP,Magtatanim,NNP
11071,matutumba|VBW,matutumba,VBW
11072,Tatagal|VBTF,Tatagal,VBTF
11073,Ipinatawag|VBTS,Ipinatawag,VBTS
11074,tutubo|VBTF,tutubo,VBTF
11075,Pib|NNP,Pib,NNP
11076,masasarap|JJD_CCP,masasarap,JJD_CCP
11077,uminom|VBAF,uminom,VBAF
11078,Puntahan|VBOF,Puntahan,VBOF
11079,matutong|RBD_CCP,matutong,RBD_CCP
11080,masagwa|VBW,masagwa,VBW
11081,sagana|NNC,sagana,NNC
11082,halata|NNC,halata,NNC
11083,football|FW,football,FW
11084,Seguro|NNP,Seguro,NNP
11085,Lihim|JJD,Lihim,JJD
11086,pagtutol|NNC,pagtutol,NNC
11087,bitawan|VBOF,bitawan,VBOF
11088,nakayuko|JJD,nakayuko,JJD
11089,tiktak|NNC,tiktak,NNC
11090,banana|FW,banana,FW
11091,pong|FW,pong,FW
11092,pabalat|NNC,pabalat,NNC
11093,hintay|VBOF,hintay,VBOF
11094,Kompleto|JJD,Kompleto,JJD
11095,mamangha|JJD,mamangha,JJD
11096,Bzzz|NNP,Bzzz,NNP
11097,tinapay|NNC,tinapay,NNC
11098,Pumaitaas|VBAF,Pumaitaas,VBAF
11099,hiya|NNC,hiya,NNC
11100,Sabihan|VBOF,Sabihan,VBOF
11101,Bilog|JJD,Bilog,JJD
11102,paguwi|VBW,paguwi,VBW
11103,tatangkad|VBTF,tatangkad,VBTF
11104,maranasan|VBW,maranasan,VBW
11105,paksa|NNC,paksa,NNC
11106,400ay|NNC,400ay,NNC
11107,parang|RBM,parang,RBM
11108,Nagbebenta|VBTR,Nagbebenta,VBTR
11109,katapusan|NNC,katapusan,NNC
11110,malapad|JJD,malapad,JJD
11111,Astig|NNP,Astig,NNP
11112,panganib|NNC,panganib,NNC
11113,Sigurado|RBD,Sigurado,RBD
11114,Binalot|VBOF,Binalot,VBOF
11115,elektronikang|NNC_CCP,elektronikang,NNC_CCP
11116,eehersisyo|NNC,eehersisyo,NNC
11117,padaan|NNC,padaan,NNC
11118,들에게알려주고있습니다|PMS,들에게알려주고있습니다,PMS
11119,ngpinagsamang|NNC_CCP,ngpinagsamang,NNC_CCP
11120,roon|PRL,roon,PRL
11121,nagwagi|VBTS,nagwagi,VBTS
11122,palayasin|VBOF,palayasin,VBOF
11123,paggawa|VBW,paggawa,VBW
11124,and|DTC,and,DTC
11125,ipahiwatig|VBOF,ipahiwatig,VBOF
11126,Nakakain|VBTR,Nakakain,VBTR
11127,!!!!!|NNPA,!!!!!,NNPA
11128,body|FW,body,FW
11129,pulseras|NNC,pulseras,NNC
11130,bosch|FW,bosch,FW
11131,minaliit|VBOF,minaliit,VBOF
11132,Natigilan|VBTS,Natigilan,VBTS
11133,napisa|VBTS,napisa,VBTS
11134,Sugat|NNP,Sugat,NNP
11135,sinusuklayan|VBTR,sinusuklayan,VBTR
11136,pagsasagawa|NNC,pagsasagawa,NNC
11137,Inihatid|VBTS,Inihatid,VBTS
11138,nagsasanay|VBTR,nagsasanay,VBTR
11139,napakainit|JJCS_JJD,napakainit,JJCS_JJD
11140,Paglangitngit|NNP,Paglangitngit,NNP
11141,Sitang|RBS,Sitang,RBS
11142,magkakambal|JJD,magkakambal,JJD
11143,namay|RBR,namay,RBR
11144,mangigitlog|RBD,mangigitlog,RBD
11145,Haring|NNP_CCP,Haring,NNP_CCP
11146,Assam|NNP,Assam,NNP
11147,nasuri|VBTS,nasuri,VBTS
11148,nahiya|VBTS,nahiya,VBTS
11149,Nakatatawa|RBD,Nakatatawa,RBD
11150,tricks|FW,tricks,FW
11151,Kaibigan|VBOF,Kaibigan,VBOF
11152,sekreto|NNC,sekreto,NNC
11153,mabili|VBW,mabili,VBW
11154,petchay|NNC,petchay,NNC
11155,pangalan|NNC,pangalan,NNC
11156,pangginaw|NNC,pangginaw,NNC
11157,Maituturo|VBTF,Maituturo,VBTF
11158,World|NNP,World,NNP
11159,makapagsasabi|VBW,makapagsasabi,VBW
11160,payong|PRO_CCP,payong,PRO_CCP
11161,connects|FW,connects,FW
11162,maisakatuparan|VBW,maisakatuparan,VBW
11163,naghihiwa|VBTS,naghihiwa,VBTS
11164,bumili|VBAF,bumili,VBAF
11165,non-profit|JJD,non-profit,JJD
11166,Daig|NNP,Daig,NNP
11167,nabubuhay|VBTR,nabubuhay,VBTR
11168,naipit|VBTS,naipit,VBTS
11169,hitik|JJD,hitik,JJD
11170,pagtakbo|NNC,pagtakbo,NNC
11171,hinog|RBI,hinog,RBI
11172,maalikabok|JJD,maalikabok,JJD
11173,humihinto|VBTR_VBAF,humihinto,VBTR_VBAF
11174,humihiram|VBTR_VBAF,humihiram,VBTR_VBAF
11175,maibigay|VBW,maibigay,VBW
11176,makahingi|VBW,makahingi,VBW
11177,lalapit|VBTF,lalapit,VBTF
11178,lumalangoy|VBTR_VBAF,lumalangoy,VBTR_VBAF
11179,pangit|JJD,pangit,JJD
11180,pinakamahusay|JJCS_JJD,pinakamahusay,JJCS_JJD
11181,nagpakasal|VBTS,nagpakasal,VBTS
11182,maglalagay|VBTF,maglalagay,VBTF
11183,Tumutol|VBAF,Tumutol,VBAF
11184,magpakasal|VBW,magpakasal,VBW
11185,Nilekani|NNP,Nilekani,NNP
11186,Agham|NNP,Agham,NNP
11187,Sara|NNP,Sara,NNP
11188,tinuka|VBTS,tinuka,VBTS
11189,unipormeng|NNC_CCP,unipormeng,NNC_CCP
11190,bisita|NNC,bisita,NNC
11191,Napangiti|VBTS,Napangiti,VBTS
11192,Unang|JJN_CCP,Unang,JJN_CCP
11193,anu|FW,anu,FW
11194,Halos|JJD,Halos,JJD
11195,GREENY|NNPA,GREENY,NNPA
11196,Susubukin|NNP,Susubukin,NNP
11197,Parehong|JJC_CCP,Parehong,JJC_CCP
11198,Gaya|JJC,Gaya,JJC
11199,Sakay|NNP,Sakay,NNP
11200,mabalahibo|VBW,mabalahibo,VBW
11201,KLIK|NNPA,KLIK,NNPA
11202,*|PMS,*,PMS
11203,kandilang|JJD_CCP,kandilang,JJD_CCP
11204,balbas|NNC,balbas,NNC
11205,pagtawag|VBW,pagtawag,VBW
11206,Iguhit|VBOF,Iguhit,VBOF
11207,lumiliwanag|VBTR_VBAF,lumiliwanag,VBTR_VBAF
11208,Matutulungan|VBTF,Matutulungan,VBTF
11209,kapaki|JJD,kapaki,JJD
11210,Hinlalaki|NNP,Hinlalaki,NNP
11211,aagaw|FW,aagaw,FW
11212,saakin|VBOF,saakin,VBOF
11213,matutuklasan|VBTF,matutuklasan,VBTF
11214,malansa|JJD,malansa,JJD
11215,iron|FW,iron,FW
11216,Natupad|VBTS,Natupad,VBTS
11217,Nagkaroon|VBTS,Nagkaroon,VBTS
11218,Baka|CCU,Baka,CCU
11219,Juan|NNP,Juan,NNP
11220,hinahagis|VBTR,hinahagis,VBTR
11221,marka|NNC,marka,NNC
11222,makakahanap|VBTF,makakahanap,VBTF
11223,balisang|JJD_CCP,balisang,JJD_CCP
11224,Sobrang|JJCS_CCP,Sobrang,JJCS_CCP
11225,binibisita|VBTR,binibisita,VBTR
11226,Umuwi|VBAF,Umuwi,VBAF
11227,paghihintay|NNC,paghihintay,NNC
11228,Shakya|NNP,Shakya,NNP
11229,Printmaking|NNP,Printmaking,NNP
11230,Yun|PRO,Yun,PRO
11231,Selina|NNP,Selina,NNP
11232,rujak|NNC,rujak,NNC
11233,dalang|NNC,dalang,NNC
11234,ruler|FW,ruler,FW
11235,galak|JJD,galak,JJD
11236,sumayaw|VBOF,sumayaw,VBOF
11237,Children|NNP,Children,NNP
11238,Trung|PRO_CCP,Trung,PRO_CCP
11239,Papagalitan|NNP,Papagalitan,NNP
11240,guhit|NNC,guhit,NNC
11241,Idries|NNP,Idries,NNP
11242,Dolly|NNP,Dolly,NNP
11243,background|FW,background,FW
11244,tagiliran|NNC,tagiliran,NNC
11245,tutunog|VBTF,tutunog,VBTF
11246,araw|NNC,araw,NNC
11247,hapag|NNC,hapag,NNC
11248,Tinatabunan|VBTS,Tinatabunan,VBTS
11249,Bwaa|NNP,Bwaa,NNP
11250,Instagram|NNP,Instagram,NNP
11251,Tuk|NNP,Tuk,NNP
11252,tumahan|VBAF,tumahan,VBAF
11253,Sinaunang|JJD_CCP,Sinaunang,JJD_CCP
11254,karitela|NNC,karitela,NNC
11255,Saluhin|VBOF,Saluhin,VBOF
11256,Salt|NNP,Salt,NNP
11257,Lisensya|NNP,Lisensya,NNP
11258,Lolo|NNC,Lolo,NNC
11259,chef|NNC,chef,NNC
11260,BLAG|NNPA,BLAG,NNPA
11261,kape|NNC,kape,NNC
11262,mabawasan|VBW,mabawasan,VBW
11263,Binuksan|VBOF,Binuksan,VBOF
11264,naiinom|VBTS,naiinom,VBTS
11265,matalas|JJD,matalas,JJD
11266,Gustong|VBS_CCP,Gustong,VBS_CCP
11267,kampanilya|NNC,kampanilya,NNC
11268,siyentista|NNC,siyentista,NNC
11269,malanta|VBW,malanta,VBW
11270,Malambot|JJD,Malambot,JJD
11271,makapaniwala|VBTF,makapaniwala,VBTF
11272,Napakahusay|VBTS,Napakahusay,VBTS
11273,Kailan|JJD,Kailan,JJD
11274,Napakalapit|VBTS,Napakalapit,VBTS
11275,magpaligsahan|VBW,magpaligsahan,VBW
11276,lampara|NNC,lampara,NNC
11277,magbibihis|NNC,magbibihis,NNC
11278,Zuly|NNP,Zuly,NNP
11279,necessarily|FW,necessarily,FW
11280,baboy|NNC,baboy,NNC
11281,tinuruan|VBTS,tinuruan,VBTS
11282,siTrungTrac|NNPA,siTrungTrac,NNPA
11283,iyong|PRO_CCP,iyong,PRO_CCP
11284,Petunia|NNP,Petunia,NNP
11285,umuuwi|VBTR_VBAF,umuuwi,VBTR_VBAF
11286,hinabi|VBOF,hinabi,VBOF
11287,Chakli|NNP,Chakli,NNP
11288,kabinet|NNC,kabinet,NNC
11289,magtatagal|VBTF,magtatagal,VBTF
11290,wrestler|FW,wrestler,FW
11291,hinulog|VBTS,hinulog,VBTS
11292,malinis|JJD,malinis,JJD
11293,itinapon|VBTS,itinapon,VBTS
11294,magpaputok|VBW,magpaputok,VBW
11295,Bangladesh|NNP,Bangladesh,NNP
11296,laging|JJD_CCP,laging,JJD_CCP
11297,kapagmaulan|NNC,kapagmaulan,NNC
11298,nangangamba|VBTR,nangangamba,VBTR
11299,tiyuhin|NNC,tiyuhin,NNC
11300,pisikal|JJD,pisikal,JJD
11301,tangkay|NNC,tangkay,NNC
11302,Mutualism|NNP,Mutualism,NNP
11303,anito|FW,anito,FW
11304,promoting|FW,promoting,FW
11305,binibigyang|VBTR_CCP,binibigyang,VBTR_CCP
11306,ara|NNP,ara,NNP
11307,Freelance|NNP,Freelance,NNP
11308,ibig|VBS,ibig,VBS
11309,papuntang|RBL_CCP,papuntang,RBL_CCP
11310,Zakhe|NNP,Zakhe,NNP
11311,iniligtas|VBTS,iniligtas,VBTS
11312,stillcirculated|FW,stillcirculated,FW
11313,labis|JJCS,labis,JJCS
11314,pugita|NNC,pugita,NNC
11315,tagay|NNC,tagay,NNC
11316,TATSULOK|NNPA,TATSULOK,NNPA
11317,pagsusulat|NNC,pagsusulat,NNC
11318,binatang|JJD_CCP,binatang,JJD_CCP
11319,Phyllis|NNP,Phyllis,NNP
11320,napalulubog|VBTS,napalulubog,VBTS
11321,karne|NNC,karne,NNC
11322,parsel|FW,parsel,FW
11323,Founding|NNP,Founding,NNP
11324,SILINDRO|NNPA,SILINDRO,NNPA
11325,imik|NNC,imik,NNC
11326,Kelangan|VBTS,Kelangan,VBTS
11327,nagtitinda|VBTR,nagtitinda,VBTR
11328,namumula|JJD,namumula,JJD
11329,manlalaro|NNC,manlalaro,NNC
11330,Tuklasin|VBOF,Tuklasin,VBOF
11331,pagtayuan|VBW,pagtayuan,VBW
11332,Tug|NNP,Tug,NNP
11333,bihon|NNC,bihon,NNC
11334,itapon|VBTF,itapon,VBTF
11335,Earth|NNP,Earth,NNP
11336,Nakasulat|VBTS,Nakasulat,VBTS
11337,Shakyais|NNP,Shakyais,NNP
11338,samang|NNC_CCP,samang,NNC_CCP
11339,nakakatayo|VBTR,nakakatayo,VBTR
11340,Binaybay|NNP,Binaybay,NNP
11341,paglikas|NNC,paglikas,NNC
11342,lumulutas|VBTR_VBAF,lumulutas,VBTR_VBAF
11343,niUjang|RBL_NNP,niUjang,RBL_NNP
11344,Maramisiyang|NNP_CCP,Maramisiyang,NNP_CCP
11345,Karamihan|PRI,Karamihan,PRI
11346,tema|NNC,tema,NNC
11347,Huminto|VBAF,Huminto,VBAF
11348,maya|RBW,maya,RBW
11349,Padmashree|NNP,Padmashree,NNP
11350,hahati|VBTF,hahati,VBTF
11351,Pasasalamat|NNP,Pasasalamat,NNP
11352,Isda|NNP,Isda,NNP
11353,Ason|NNP,Ason,NNP
11354,Ma|NNC,Ma,NNC
11355,makatayo|VBW,makatayo,VBW
11356,Sssss|NNP,Sssss,NNP
11357,hinihigaan|VBTR,hinihigaan,VBTR
11358,Magdasal|NNP,Magdasal,NNP
11359,pinagkainan|VBRF,pinagkainan,VBRF
11360,Ganun|NNP,Ganun,NNP
11361,tangayin|VBOF,tangayin,VBOF
11362,develops|FW,develops,FW
11363,magtrabaho|VBAF,magtrabaho,VBAF
11364,nababalutan|VBTR,nababalutan,VBTR
11365,hinihigop|VBTR,hinihigop,VBTR
11366,Bumulyaw|NNP,Bumulyaw,NNP
11367,humihip|VBTR_VBAF,humihip,VBTR_VBAF
11368,Umph|NNP,Umph,NNP
11369,Malapit|JJD,Malapit,JJD
11370,nakalipas|VBTS,nakalipas,VBTS
11371,pagpapaliwanag|NNC,pagpapaliwanag,NNC
11372,RA|NNPA,RA,NNPA
11373,maglilimlim|VBTF,maglilimlim,VBTF
11374,iglap|FW,iglap,FW
11375,pinaghihiwalay|VBRF,pinaghihiwalay,VBRF
11376,Tumalon|VBAF,Tumalon,VBAF
11377,umang|VBAF_CCP,umang,VBAF_CCP
11378,talukab|NNC,talukab,NNC
11379,kanlungan|NNC,kanlungan,NNC
11380,Pah|NNP,Pah,NNP
11381,NG|NNPA,NG,NNPA
11382,Naglundagan|VBTR,Naglundagan,VBTR
11383,nagpunta|VBTS,nagpunta,VBTS
11384,sabihing|VBOF_CCP,sabihing,VBOF_CCP
11385,maghanap|VBW,maghanap,VBW
11386,napatitig|VBTS,napatitig,VBTS
11387,pataba|NNC,pataba,NNC
11388,galawin|VBOF,galawin,VBOF
11389,method|FW,method,FW
11390,Aakyat|VBTF,Aakyat,VBTF
11391,halamanan|NNC,halamanan,NNC
11392,palaging|JJD_CCP,palaging,JJD_CCP
11393,palagi|RBD,palagi,RBD
11394,inuka|NNC,inuka,NNC
11395,—|CDB,—,CDB
11396,Long|NNP,Long,NNP
11397,nagkasya|VBTS,nagkasya,VBTS
11398,nanatili|VBTS,nanatili,VBTS
11399,binibilang|VBTR,binibilang,VBTR
11400,Rags|NNP,Rags,NNP
11401,mababawasan|VBTF,mababawasan,VBTF
11402,Isusulat|VBTF,Isusulat,VBTF
11403,Nagbabasa|VBTR,Nagbabasa,VBTR
11404,magiliw|JJD,magiliw,JJD
11405,likido|NNC,likido,NNC
11406,karitelang|JJD_CCP,karitelang,JJD_CCP
11407,sto|FW,sto,FW
11408,0t|NNCA,0t,NNCA
11409,처럼인간이살수있는별은우주에단하나|CDB,처럼인간이살수있는별은우주에단하나,CDB
11410,Grrrrrrrrrrrrr|NNP,Grrrrrrrrrrrrr,NNP
11411,pauwi|JJD,pauwi,JJD
11412,matupad|VBW,matupad,VBW
11413,Dilat|JJD,Dilat,JJD
11414,pandilig|JJD,pandilig,JJD
11415,sabihan|VBOF,sabihan,VBOF
11416,Tiyo|NNP,Tiyo,NNP
11417,hagdang|NNC_CCP,hagdang,NNC_CCP
11418,Nagtakbuhan|VBTR,Nagtakbuhan,VBTR
11419,ari|NNC,ari,NNC
11420,pagreresiklo|NNC,pagreresiklo,NNC
11421,buaz|FW,buaz,FW
11422,CoVully|NNP,CoVully,NNP
11423,hipon|NNC,hipon,NNC
11424,Kalam|NNP,Kalam,NNP
11425,Delahayefrom|FW,Delahayefrom,FW
11426,Biboy|NNC,Biboy,NNC
11427,linga|NNC,linga,NNC
11428,ibinuga|VBOF,ibinuga,VBOF
11429,nagmadali|VBTS,nagmadali,VBTS
11430,too|RBT,too,RBT
11431,among|JJD_CCP,among,JJD_CCP
11432,Lumang|NNP_CCP,Lumang,NNP_CCP
11433,Akala|NNP,Akala,NNP
11434,pagguhit|NNC,pagguhit,NNC
11435,nilalatag|VBTR,nilalatag,VBTR
11436,sabay|RBD,sabay,RBD
11437,palaka|NNC,palaka,NNC
11438,Diwata|NNP,Diwata,NNP
11439,salagubang|JJD_CCP,salagubang,JJD_CCP
11440,gumalaw|VBAF,gumalaw,VBAF
11441,Piko|NNP,Piko,NNP
11442,pagsisinungaling|NNC,pagsisinungaling,NNC
11443,pagkasunog|NNC,pagkasunog,NNC
11444,Blah|NNP,Blah,NNP
11445,Hinawakan|VBOF,Hinawakan,VBOF
11446,mapadpad|VBW,mapadpad,VBW
11447,Pagsisisihan|NNP,Pagsisisihan,NNP
11448,mahimbing|JJD,mahimbing,JJD
11449,henerasyon|NNC,henerasyon,NNC
11450,dun|PRL,dun,PRL
11451,pagbunggo|VBW,pagbunggo,VBW
11452,magkuwento|VBW,magkuwento,VBW
11453,CRACK|NNPA,CRACK,NNPA
11454,balatan|VBOF,balatan,VBOF
11455,mapagod|VBW,mapagod,VBW
11456,Cortana|NNP,Cortana,NNP
11457,anihan|NNC,anihan,NNC
11458,nilalalang|VBTR,nilalalang,VBTR
11459,Ins|NNC,Ins,NNC
11460,kuwatro|NNC,kuwatro,NNC
11461,tekstong|NNC_CCP,tekstong,NNC_CCP
11462,gininaw|VBOF,gininaw,VBOF
11463,umaapaw|VBTR_VBAF,umaapaw,VBTR_VBAF
11464,natutuhan|VBTR,natutuhan,VBTR
11465,tinuli|VBTS_VBOF,tinuli,VBTS_VBOF
11466,Langoy|NNP,Langoy,NNP
11467,matugunan|VBW,matugunan,VBW
11468,Matulungin|NNP,Matulungin,NNP
11469,tingan|VBOF,tingan,VBOF
11470,Sathae|RBS,Sathae,RBS
11471,Äuntie|NNP,Äuntie,NNP
11472,mente|NNC,mente,NNC
11473,pwedeng|RBT_CCP,pwedeng,RBT_CCP
11474,dumidikit|VBTR_VBAF,dumidikit,VBTR_VBAF
11475,manginginig|VBTR,manginginig,VBTR
11476,stethoscope|FW,stethoscope,FW
11477,Palagi|VBS,Palagi,VBS
11478,0X|NNP,0X,NNP
11479,Simula|RBW,Simula,RBW
11480,mapipisa|VBW,mapipisa,VBW
11481,animasyon|NNC,animasyon,NNC
11482,Manju|NNP,Manju,NNP
11483,yun|PRO,yun,PRO
11484,anayang|NNC_CCP,anayang,NNC_CCP
11485,binaha|VBTS,binaha,VBTS
11486,Sentral|NNP,Sentral,NNP
11487,science|FW,science,FW
11488,sambit|RBD,sambit,RBD
11489,pinakamasarap|JJCS_JJD,pinakamasarap,JJCS_JJD
11490,Napisa|VBTS,Napisa,VBTS
11491,silapatungo|NNC,silapatungo,NNC
11492,kapital|NNC,kapital,NNC
11493,bibiruin|VBTF,bibiruin,VBTF
11494,habal|NNC,habal,NNC
11495,paggigitara|NNC,paggigitara,NNC
11496,bumuti|VBAF,bumuti,VBAF
11497,Nakapalibot|VBTS,Nakapalibot,VBTS
11498,suso|NNC,suso,NNC
11499,angle|FW,angle,FW
11500,mapatumbang|JJD_CCP,mapatumbang,JJD_CCP
11501,nanakot|VBTS,nanakot,VBTS
11502,kagubatan|NNC,kagubatan,NNC
11503,pamamahala|NNC,pamamahala,NNC
11504,region.aspxhttps|FW,region.aspxhttps,FW
11505,basong|JJD_CCP,basong,JJD_CCP
11506,Masasaktan|NNP,Masasaktan,NNP
11507,digital|NNC,digital,NNC
11508,Tatawagin|VBTF_VBOF,Tatawagin,VBTF_VBOF
11509,makakapukaw|VBW,makakapukaw,VBW
11510,edi|RBF,edi,RBF
11511,iniwan|VBTS_VBOF,iniwan,VBTS_VBOF
11512,Sinapaw|NNP,Sinapaw,NNP
11513,Meron|VBH,Meron,VBH
11514,Kaming|PRI_CCP,Kaming,PRI_CCP
11515,nabali|VBTS,nabali,VBTS
11516,pinakamaraming|JJCS_JJD_CCP,pinakamaraming,JJCS_JJD_CCP
11517,kayong|RBD_CCP,kayong,RBD_CCP
11518,nakabili|VBTS,nakabili,VBTS
11519,pumaitaas|VBTR_VBAF,pumaitaas,VBTR_VBAF
11520,nanghuhuli|VBTS,nanghuhuli,VBTS
11521,NGAYON|NNPA,NGAYON,NNPA
11522,Tap|FW,Tap,FW
11523,ipinasyal|VBTS,ipinasyal,VBTS
11524,Kambang|NNP,Kambang,NNP
11525,kutsara|NNC,kutsara,NNC
11526,napakahabang|JJCS_JJD_CCP,napakahabang,JJCS_JJD_CCP
11527,sosyal|JJD,sosyal,JJD
11528,Hala!ito|NNP,Hala!ito,NNP
11529,iyong|PRSP_CCP,iyong,PRSP_CCP
11530,MakawIkaw|VBW,MakawIkaw,VBW
11531,hinubog|VBOF,hinubog,VBOF
11532,posibilidad|NNC,posibilidad,NNC
11533,Kumakabog|NNP,Kumakabog,NNP
11534,mapabilis|VBW,mapabilis,VBW
11535,Maaloo|NNP,Maaloo,NNP
11536,susuko|VBTF,susuko,VBTF
11537,kakailanganin|VBTF,kakailanganin,VBTF
11538,Tey|FW,Tey,FW
11539,Engineering|NNP,Engineering,NNP
11540,hilagang|JJD_CCP,hilagang,JJD_CCP
11541,pagkakataong|NNC_CCP,pagkakataong,NNC_CCP
11542,Mabagal|JJD,Mabagal,JJD
11543,Maililigtas|VBTF,Maililigtas,VBTF
11544,kamandag|NNC,kamandag,NNC
11545,dadaanan|NNC,dadaanan,NNC
11546,Youth|NNP,Youth,NNP
11547,espiritung|NNC_CCP,espiritung,NNC_CCP
11548,kapusin|VBOF,kapusin,VBOF
11549,ni|DTP,ni,DTP
11550,masama|JJD,masama,JJD
11551,pagkatapos|RBW,pagkatapos,RBW
11552,tagakuha|NNC,tagakuha,NNC
11553,mahuhuli|JJD,mahuhuli,JJD
11554,lagnat|NNC,lagnat,NNC
11555,agos|NNC,agos,NNC
11556,kakaw|NNC,kakaw,NNC
11557,Asul|NNP,Asul,NNP
11558,sungay|NNC,sungay,NNC
11559,Rahman|NNP,Rahman,NNP
11560,Dumarating|VBTR,Dumarating,VBTR
11561,MENSAHE|NNPA,MENSAHE,NNPA
11562,Mayon|NNP,Mayon,NNP
11563,Ibang|PRI_CCP,Ibang,PRI_CCP
11564,Dinakip|NNP,Dinakip,NNP
11565,Ibinaba|VBTS,Ibinaba,VBTS
11566,Yumuko|VBTS,Yumuko,VBTS
11567,Buu|NNP,Buu,NNP
11568,Palakasan|NNP,Palakasan,NNP
11569,tikman|VBOF,tikman,VBOF
11570,tawagin|VBOF,tawagin,VBOF
11571,ibalita|VBTF_VBOF,ibalita,VBTF_VBOF
11572,tagabaryo|NNC,tagabaryo,NNC
11573,isinasawsaw|VBTR,isinasawsaw,VBTR
11574,masigla|JJD,masigla,JJD
11575,umiilaw|VBAF,umiilaw,VBAF
11576,Bagay|NNP,Bagay,NNP
11577,kalsada|NNC,kalsada,NNC
11578,makapaghanda|VBW,makapaghanda,VBW
11579,sasabihin|VBTF,sasabihin,VBTF
11580,Pakiramdam|RBD,Pakiramdam,RBD
11581,pananalita|NNC,pananalita,NNC
11582,Seiha|NNP,Seiha,NNP
11583,cardamoms|FW,cardamoms,FW
11584,iskultura|NNC,iskultura,NNC
11585,nakapili|VBTS,nakapili,VBTS
11586,iniwasan|VBTS,iniwasan,VBTS
11587,http://litara.or.id/|NNC,http://litara.or.id/,NNC
11588,pagkatapos|VBW,pagkatapos,VBW
11589,Iyon|PRO,Iyon,PRO
11590,pinuputol|VBTR,pinuputol,VBTR
11591,timba|JJD,timba,JJD
11592,Amma|NNC,Amma,NNC
11593,lumalaki|VBTR_VBAF,lumalaki,VBTR_VBAF
11594,Fred|NNP,Fred,NNP
11595,susi|NNC,susi,NNC
11596,tumawag|VBAF,tumawag,VBAF
11597,ngumiti|VBAF,ngumiti,VBAF
11598,magbabara|VBAF,magbabara,VBAF
11599,Nabusog|VBTS,Nabusog,VBTS
11600,masasaya|JJD,masasaya,JJD
11601,mangitlog|VBW,mangitlog,VBW
11602,Makakapuntos|VBW,Makakapuntos,VBW
11603,Babbaa|NNP,Babbaa,NNP
11604,mababangis|JJD,mababangis,JJD
11605,pagkalipas|VBW,pagkalipas,VBW
11606,nakangunguya|VBTS,nakangunguya,VBTS
11607,salabat|NNC,salabat,NNC
11608,pambihirang|JJD_CCP,pambihirang,JJD_CCP
11609,Philip|NNP,Philip,NNP
11610,itinago|VBTS,itinago,VBTS
11611,kiti|NNC,kiti,NNC
11612,Bigla|RBD,Bigla,RBD
11613,Ubos|JJD,Ubos,JJD
11614,katanungan|NNC,katanungan,NNC
11615,tatanungin|VBTF,tatanungin,VBTF
11616,tinawanan|VBTS,tinawanan,VBTS
11617,https://youtu.be/Wyt3H|NNP,https://youtu.be/Wyt3H,NNP
11618,Ipinadyak|VBTS,Ipinadyak,VBTS
11619,pagtataniman|NNC,pagtataniman,NNC
11620,MASAYA|NNPA,MASAYA,NNPA
11621,ginto|NNC,ginto,NNC
11622,Roesch|NNP,Roesch,NNP
11623,Microcarpa|NNP,Microcarpa,NNP
11624,ulap|NNC,ulap,NNC
11625,Binuksang|NNP_CCP,Binuksang,NNP_CCP
11626,milyon|NNC,milyon,NNC
11627,Pain|NNP,Pain,NNP
11628,nakababad|VBTS,nakababad,VBTS
11629,bidang|NNC_CCP,bidang,NNC_CCP
11630,matalinghaga|VBW,matalinghaga,VBW
11631,Sumagang|NNC_CCP,Sumagang,NNC_CCP
11632,Tamtam|NNP,Tamtam,NNP
11633,Handog|NNP,Handog,NNP
11634,suporta|NNC,suporta,NNC
11635,Nataranta|VBTS,Nataranta,VBTS
11636,dulo|NNC,dulo,NNC
11637,tinutulungan|VBTR,tinutulungan,VBTR
11638,Kinahapunan|NNP,Kinahapunan,NNP
11639,napisaKanila|VBTS,napisaKanila,VBTS
11640,PrasantaSmritiPuraskar|NNP,PrasantaSmritiPuraskar,NNP
11641,Cedric|NNP,Cedric,NNP
11642,pababa|JJD,pababa,JJD
11643,arahin|VBOF,arahin,VBOF
11644,Poush|NNP,Poush,NNP
11645,sunduin|VBOF,sunduin,VBOF
11646,Napakahuhusay|JJCS_JJD,Napakahuhusay,JJCS_JJD
11647,Magkasingtangkad|VBW,Magkasingtangkad,VBW
11648,Charity|NNP,Charity,NNP
11649,inipon|VBOF,inipon,VBOF
11650,inabot|VBTS,inabot,VBTS
11651,maasim|JJD,maasim,JJD
11652,Kokoy|NNC,Kokoy,NNC
11653,Papaano|NNP,Papaano,NNP
11654,pinagkukunang|VBTR_VBRF_CCP,pinagkukunang,VBTR_VBRF_CCP
11655,pagsisigaw|NNC,pagsisigaw,NNC
11656,binlid|FW,binlid,FW
11657,naligaw|VBTS,naligaw,VBTS
11658,ginalaw|VBOF,ginalaw,VBOF
11659,kasarian|NNC,kasarian,NNC
11660,iigib|VBTF,iigib,VBTF
11661,tusok|NNC,tusok,NNC
11662,troli|NNC,troli,NNC
11663,Aking|PRSP_CCP,Aking,PRSP_CCP
11664,gaya|JJC,gaya,JJC
11665,Sabon|NNC,Sabon,NNC
11666,Kuneho|NNP,Kuneho,NNP
11667,gulong|NNC,gulong,NNC
11668,spillway|FW,spillway,FW
11669,Silipin|VBOF,Silipin,VBOF
11670,ManangAmanda|NNP,ManangAmanda,NNP
11671,Pinalitan|VBOF,Pinalitan,VBOF
11672,nararamdaman|VBTS,nararamdaman,VBTS
11673,ibinalik|VBOF,ibinalik,VBOF
11674,tumimbang|VBAF,tumimbang,VBAF
11675,Balang|NNC,Balang,NNC
11676,dolphin|FW,dolphin,FW
11677,labador|FW,labador,FW
11678,Siem|NNP,Siem,NNP
11679,andaddress|FW,andaddress,FW
11680,pagliwanag|NNC,pagliwanag,NNC
11681,kahol|NNC,kahol,NNC
11682,referenced|FW,referenced,FW
11683,Canada|NNP,Canada,NNP
11684,anitIto|NNC,anitIto,NNC
11685,tibok|NNC,tibok,NNC
11686,lumagutok|VBAF,lumagutok,VBAF
11687,naaapakan|VBTR,naaapakan,VBTR
11688,Cox|NNP,Cox,NNP
11689,ginanap|VBTS,ginanap,VBTS
11690,Susunod|NNP,Susunod,NNP
11691,mapadali|VBW,mapadali,VBW
11692,ibinato|VBOF,ibinato,VBOF
11693,Binigyan|VBOF,Binigyan,VBOF
11694,iniligay|VBTS,iniligay,VBTS
11695,patagong|RBD_CCP,patagong,RBD_CCP
11696,nakakaangat|VBTR,nakakaangat,VBTR
11697,Maagang|RBD_CCP,Maagang,RBD_CCP
11698,inamin|VBOF,inamin,VBOF
11699,pakaliwa|RBL,pakaliwa,RBL
11700,iginuguhit|VBTR,iginuguhit,VBTR
11701,bibili|VBTF,bibili,VBTF
11702,talahiban|NNC,talahiban,NNC
11703,Tinatanong|VBTR,Tinatanong,VBTR
11704,professional|FW,professional,FW
11705,gas|FW,gas,FW
11706,ninyong|NNC_CCP,ninyong,NNC_CCP
11707,inhinyero|NNC,inhinyero,NNC
11708,nandun|VBTS,nandun,VBTS
11709,nagsasaya|VBTR,nagsasaya,VBTR
11710,magaganda|JJD,magaganda,JJD
11711,tinulak|VBOF,tinulak,VBOF
11712,tumindig|VBAF,tumindig,VBAF
11713,Sentro|NNC,Sentro,NNC
11714,Screech|NNP,Screech,NNP
11715,Duguduuuu|NNP,Duguduuuu,NNP
11716,Three|NNP,Three,NNP
11717,makain|VBW,makain,VBW
11718,pisngi|NNC,pisngi,NNC
11719,aliwin|VBOF,aliwin,VBOF
11720,Padukone|NNP,Padukone,NNP
11721,naghihiwa|VBTR,naghihiwa,VBTR
11722,Nagatabuli|VBTS,Nagatabuli,VBTS
11723,Manga|NNP,Manga,NNP
11724,story|FW,story,FW
11725,bayong|NNC,bayong,NNC
11726,nabibilang|VBTR,nabibilang,VBTR
11727,marketing|FW,marketing,FW
11728,salamat|RBS,salamat,RBS
11729,lumalamig|VBTR_VBAF,lumalamig,VBTR_VBAF
11730,bulak|NNC,bulak,NNC
11731,maluluwag|JJD,maluluwag,JJD
11732,Sinisipsip|VBTR,Sinisipsip,VBTR
11733,naang|VBTS_CCP,naang,VBTS_CCP
11734,kuwadra|NNC,kuwadra,NNC
11735,Hatsing|NNP,Hatsing,NNP
11736,Iihi|NNP,Iihi,NNP
11737,atake|NNC,atake,NNC
11738,습니다|NNCA,습니다,NNCA
11739,nakakakuha|VBTR,nakakakuha,VBTR
11740,Tey|NNP,Tey,NNP
11741,pansit|JJD,pansit,JJD
11742,WOOF|NNPA,WOOF,NNPA
11743,nagkukumpulan|VBTS,nagkukumpulan,VBTS
11744,pagpapadulas|VBW,pagpapadulas,VBW
11745,standards|FW,standards,FW
11746,makararating|VBW,makararating,VBW
11747,inom|NNC,inom,NNC
11748,nag|FW,nag,FW
11749,kinatok|VBOF,kinatok,VBOF
11750,Beses|NNP,Beses,NNP
11751,anyaya|NNC,anyaya,NNC
11752,Binabalutan|VBTR,Binabalutan,VBTR
11753,BANG|NNPA,BANG,NNPA
11754,Binantayan|VBTS,Binantayan,VBTS
11755,sinulid|RBD_CCP,sinulid,RBD_CCP
11756,nakakalimutan|VBTR,nakakalimutan,VBTR
11757,kahalagahan|NNC,kahalagahan,NNC
11758,Wheely|NNP,Wheely,NNP
11759,magplano|VBW,magplano,VBW
11760,Tumakbo|VBTS_VBAF,Tumakbo,VBTS_VBAF
11761,Galit|NNP,Galit,NNP
11762,kalahating|PRI_CCP,kalahating,PRI_CCP
11763,working|FW,working,FW
11764,tagapangasiwa|NNC,tagapangasiwa,NNC
11765,pantasa|JJD,pantasa,JJD
11766,kalagayan|NNC,kalagayan,NNC
11767,dyan|NNC,dyan,NNC
11768,malalaking|JJD_CCP,malalaking,JJD_CCP
11769,Iyan|NNP,Iyan,NNP
11770,Sathae|NNP,Sathae,NNP
11771,Nakapaganda|VBTS,Nakapaganda,VBTS
11772,tinatawag|VBTR,tinatawag,VBTR
11773,tava|NNC,tava,NNC
11774,pupuluputan|RBD,pupuluputan,RBD
11775,nilulutong|JJD_CCP,nilulutong,JJD_CCP
11776,Ministry|FW,Ministry,FW
11777,makatipid|VBW,makatipid,VBW
11778,Languar|NNP,Languar,NNP
11779,huli|JJD,huli,JJD
11780,l|CDB,l,CDB
11781,pagpatnugot|NNC,pagpatnugot,NNC
11782,ipama|VBTF,ipama,VBTF
11783,nakikipaglaban|VBTR,nakikipaglaban,VBTR
11784,napapamangha|VBTR,napapamangha,VBTR
11785,Tsip|NNP,Tsip,NNP
11786,Laking|JJD_CCP,Laking,JJD_CCP
11787,kinuha|VBOF,kinuha,VBOF
11788,circuits|FW,circuits,FW
11789,–|NNCA,–,NNCA
11790,parin|VBOF,parin,VBOF
11791,magamot|VBAF,magamot,VBAF
11792,kalaban|NNC,kalaban,NNC
11793,Mataba|NNP,Mataba,NNP
11794,nakakatakot|VBTR,nakakatakot,VBTR
11795,Ugaliin|VBOF,Ugaliin,VBOF
11796,napapaisip|VBTR,napapaisip,VBTR
11797,tbsp|FW,tbsp,FW
11798,isasauli|VBTF,isasauli,VBTF
11799,Rafflesia|NNP,Rafflesia,NNP
11800,hari|NNC,hari,NNC
11801,Sainabi|NNP,Sainabi,NNP
11802,Nalalaglag|VBTR,Nalalaglag,VBTR
11803,manganganib|VBTF,manganganib,VBTF
11804,nginitian|VBOF,nginitian,VBOF
11805,Bibigyan|VBTF,Bibigyan,VBTF
11806,Paru|NNP,Paru,NNP
11807,malayong|JJD_CCP,malayong,JJD_CCP
11808,Maligayang|RBW_CCP,Maligayang,RBW_CCP
11809,ipinanganak|VBTS,ipinanganak,VBTS
11810,nagpabagsak|VBTS,nagpabagsak,VBTS
11811,epidemya|NNC,epidemya,NNC
11812,ganang|JJD_CCP,ganang,JJD_CCP
11813,Kaniyang|NNP_CCP,Kaniyang,NNP_CCP
11814,Hira|NNP,Hira,NNP
11815,Magkapatid|JJD,Magkapatid,JJD
11816,Bituon|NNP,Bituon,NNP
11817,tinatatak|VBTR,tinatatak,VBTR
11818,masira|VBW,masira,VBW
11819,Nasagwan|VBTS,Nasagwan,VBTS
11820,tansan|NNC,tansan,NNC
11821,siya|PRS,siya,PRS
11822,kaisipan|NNC,kaisipan,NNC
11823,raynoseros|NNC,raynoseros,NNC
11824,dako|NNC,dako,NNC
11825,ipagyabang|VBOB,ipagyabang,VBOB
11826,Tetra|NNP,Tetra,NNP
11827,Napakasuwerte|NNP,Napakasuwerte,NNP
11828,umaaway|VBTR_VBAF,umaaway,VBTR_VBAF
11829,napakagandang|JJCS_JJD_CCP,napakagandang,JJCS_JJD_CCP
11830,Woooooosh|NNP,Woooooosh,NNP
11831,mabaho|VBW,mabaho,VBW
11832,nagsiliparan|VBTS,nagsiliparan,VBTS
11833,등등으로너무너무힘든데도끝까지작품을완성|NNP,등등으로너무너무힘든데도끝까지작품을완성,NNP
11834,Management|NNP,Management,NNP
11835,aysumusunod|NNC,aysumusunod,NNC
11836,suklayin|VBOF,suklayin,VBOF
11837,!?|CDB,!?,CDB
11838,tiyo|NNC,tiyo,NNC
11839,pagsasaka|NNC,pagsasaka,NNC
11840,Nadaanan|VBTS,Nadaanan,VBTS
11841,mangangatha|NNC,mangangatha,NNC
11842,Gawin|VBOF,Gawin,VBOF
11843,Sambhaw|NNP,Sambhaw,NNP
11844,bolang|NNC_CCP,bolang,NNC_CCP
11845,nagpapasahan|VBTR,nagpapasahan,VBTR
11846,kainan|NNC,kainan,NNC
11847,ikatatlong|JJN_CCP,ikatatlong,JJN_CCP
11848,korales|NNC,korales,NNC
11849,Stack|NNP,Stack,NNP
11850,Lumalabas|VBTR_VBAF,Lumalabas,VBTR_VBAF
11851,Nabahala|VBTS,Nabahala,VBTS
11852,pawikan|NNC,pawikan,NNC
11853,Mabibibli|NNP,Mabibibli,NNP
11854,Nagising|VBTS,Nagising,VBTS
11855,isusuot|NNC,isusuot,NNC
11856,bigo|JJD,bigo,JJD
11857,nagsimulang|RBD_CCP,nagsimulang,RBD_CCP
11858,Balang|NNP_CCP,Balang,NNP_CCP
11859,malinaw|JJD,malinaw,JJD
11860,gumasgas|VBTR_VBAF,gumasgas,VBTR_VBAF
11861,pananagutan|NNC,pananagutan,NNC
11862,humalo|VBAF,humalo,VBAF
11863,nginunguya|VBTR,nginunguya,VBTR
11864,Jeera|NNP,Jeera,NNP
11865,gusaling|NNC_CCP,gusaling,NNC_CCP
11866,katandaan|NNC,katandaan,NNC
11867,bagkus|CCT,bagkus,CCT
11868,40katao|CDB,40katao,CDB
11869,tumutubo|VBTR_VBAF,tumutubo,VBTR_VBAF
11870,nanlamig|VBTS,nanlamig,VBTS
11871,nabalot|VBTS,nabalot,VBTS
11872,Pera|NNP,Pera,NNP
11873,bar|FW,bar,FW
11874,pinalamanan|VBTS,pinalamanan,VBTS
11875,LLC|NNPA,LLC,NNPA
11876,gumuhit|VBAF,gumuhit,VBAF
11877,O|NNP,O,NNP
11878,활한지7년이다되어갑니다|CDB,활한지7년이다되어갑니다,CDB
11879,tanda|NNC,tanda,NNC
11880,subukan|VBOF,subukan,VBOF
11881,naghikayat|VBTR,naghikayat,VBTR
11882,Nasisiyahan|VBTR,Nasisiyahan,VBTR
11883,bibisitahin|VBTF,bibisitahin,VBTF
11884,punit|NNC,punit,NNC
11885,Binuksan|VBTS,Binuksan,VBTS
11886,COVID|NNPA,COVID,NNPA
11887,naghahangad|VBTR,naghahangad,VBTR
11888,habanglumilipad|NNC,habanglumilipad,NNC
11889,pagwawasto|NNC,pagwawasto,NNC
11890,kami|PRP,kami,PRP
11891,nagdikit|VBTS,nagdikit,VBTS
11892,buhawi|NNC,buhawi,NNC
11893,binitbit|VBOF,binitbit,VBOF
11894,umungol|VBAF,umungol,VBAF
11895,pasiglahin|RBD,pasiglahin,RBD
11896,Pinakahuli|JJCS_JJD,Pinakahuli,JJCS_JJD
11897,makahahanap|VBTF,makahahanap,VBTF
11898,nasiyahan|VBTS,nasiyahan,VBTS
11899,natatanaw|VBTR,natatanaw,VBTR
11900,Masigasig|JJD,Masigasig,JJD
11901,makapag|VBW,makapag,VBW
11902,give|FW,give,FW
11903,Ilarawan|VBOF,Ilarawan,VBOF
11904,ipagbili|VBOB,ipagbili,VBOB
11905,Chisanga|NNP,Chisanga,NNP
11906,Suri|NNP,Suri,NNP
11907,umiling|VBAF,umiling,VBAF
11908,nagiging|VBTR,nagiging,VBTR
11909,Pagdidisenyo|NNP,Pagdidisenyo,NNP
11910,Pinrotektahan|VBTR,Pinrotektahan,VBTR
11911,Agta|NNP,Agta,NNP
11912,pula|JJD,pula,JJD
11913,istante|NNC,istante,NNC
11914,Nou|NNP,Nou,NNP
11915,hinanap|VBTS,hinanap,VBTS
11916,AY|NNPA,AY,NNPA
11917,Ngumiti|VBAF,Ngumiti,VBAF
11918,nakakahawa|VBTR,nakakahawa,VBTR
11919,Dong|NNP,Dong,NNP
11920,napangisi|VBTS,napangisi,VBTS
11921,sinabihan|VBOF,sinabihan,VBOF
11922,break|NNC,break,NNC
11923,sumpa|NNC,sumpa,NNC
11924,Nahikayat|VBTS,Nahikayat,VBTS
11925,nabatid|RBD,nabatid,RBD
11926,tutulungan|VBTF,tutulungan,VBTF
11927,mauuna|VBTF,mauuna,VBTF
11928,nakalaro|VBTS,nakalaro,VBTS
11929,unahang|NNC_CCP,unahang,NNC_CCP
11930,magutom|VBTF,magutom,VBTF
11931,Doktor|NNP,Doktor,NNP
11932,tinatapik|VBTR,tinatapik,VBTR
11933,Nakapapanibago|VBTS,Nakapapanibago,VBTS
11934,able|FW,able,FW
11935,Ipapamahagi|VBTS_VBOF,Ipapamahagi,VBTS_VBOF
11936,propesyunal|JJD,propesyunal,JJD
11937,nakapagpigil|VBTS,nakapagpigil,VBTS
11938,tinataboy|VBTR,tinataboy,VBTR
11939,nahati|VBTS,nahati,VBTS
11940,Hinihila|NNP,Hinihila,NNP
11941,Munia|NNP,Munia,NNP
11942,disadvantaged|FW,disadvantaged,FW
11943,Nabutas|VBTS,Nabutas,VBTS
11944,Maglalaro|VBTF,Maglalaro,VBTF
11945,determinado|JJD,determinado,JJD
11946,obserbahan|VBOF,obserbahan,VBOF
11947,namalayan|VBTS,namalayan,VBTS
11948,pagkakamali|NNC,pagkakamali,NNC
11949,zoo|FW,zoo,FW
11950,dumiretso|VBTR_VBAF,dumiretso,VBTR_VBAF
11951,Parami|PRI,Parami,PRI
11952,bágong|JJD_CCP,bágong,JJD_CCP
11953,takót|JJD,takót,JJD
11954,Jyomo|NNP,Jyomo,NNP
11955,pinahihiwatig|VBTR,pinahihiwatig,VBTR
11956,Institute|NNP,Institute,NNP
11957,nakikipag|VBTR,nakikipag,VBTR
11958,pumapasok|VBTR_VBAF,pumapasok,VBTR_VBAF
11959,atnakatatakot|NNC,atnakatatakot,NNC
11960,Pinipigilan|VBTR,Pinipigilan,VBTR
11961,okasyon|NNC,okasyon,NNC
11962,Bumuo|VBAF,Bumuo,VBAF
11963,magpapatubo|VBTF,magpapatubo,VBTF
11964,suot|JJD,suot,JJD
11965,Kagabi|RBW,Kagabi,RBW
11966,maingat|RBD,maingat,RBD
11967,Ikinabit|VBTS,Ikinabit,VBTS
11968,adaptasyon|NNC,adaptasyon,NNC
11969,Faisal|NNP,Faisal,NNP
11970,Bumubuga|VBAF,Bumubuga,VBAF
11971,Ding|NNP,Ding,NNP
11972,Rahim|NNP,Rahim,NNP
11973,Gia|NNP,Gia,NNP
11974,nababawasan|VBTR,nababawasan,VBTR
11975,salaysay|NNC,salaysay,NNC
11976,bumabati|VBTR_VBAF,bumabati,VBTR_VBAF
11977,prinoprotektahan|VBTR,prinoprotektahan,VBTR
11978,paglagyan|VBW,paglagyan,VBW
11979,Mina|NNP,Mina,NNP
11980,«|CDB,«,CDB
11981,nagdadalubhasa|VBTR,nagdadalubhasa,VBTR
11982,Astronomical|NNP,Astronomical,NNP
11983,Namimitas|VBTR,Namimitas,VBTR
11984,kumuha|VBAF,kumuha,VBAF
11985,El|NNP,El,NNP
11986,setting|FW,setting,FW
11987,Yoyo|NNP,Yoyo,NNP
11988,Pakiramdamng|NNP_CCP,Pakiramdamng,NNP_CCP
11989,palasingsingan|NNC,palasingsingan,NNC
11990,technology|FW,technology,FW
11991,pagsali|NNC,pagsali,NNC
11992,epekto|NNC,epekto,NNC
11993,Monggus|NNP,Monggus,NNP
11994,Sinasadya|VBTR,Sinasadya,VBTR
11995,guwapong|JJD_CCP,guwapong,JJD_CCP
11996,pagpinta|NNC,pagpinta,NNC
11997,kagandahang|NNC_CCP,kagandahang,NNC_CCP
11998,Dumidilim|NNP,Dumidilim,NNP
11999,Boogsh|NNP,Boogsh,NNP
12000,kumukulot|JJD,kumukulot,JJD
12001,balikat|NNC,balikat,NNC
12002,matutulog|VBTF,matutulog,VBTF
12003,Nagiibigan|NNP,Nagiibigan,NNP
12004,pambatang|JJD_CCP,pambatang,JJD_CCP
12005,nagpapakulo|VBTR,nagpapakulo,VBTR
12006,right|FW,right,FW
12007,uniporme|FW,uniporme,FW
12008,pusaPusang|RBD_CCP,pusaPusang,RBD_CCP
12009,CI|NNPA,CI,NNPA
12010,Ilan|PRQ,Ilan,PRQ
12011,maglalaro|VBTF,maglalaro,VBTF
12012,malabo|JJD,malabo,JJD
12013,Sigurado|JJD,Sigurado,JJD
12014,tumaob|VBAF,tumaob,VBAF
12015,nakakalayo|VBTR,nakakalayo,VBTR
12016,Napalapit|VBTS,Napalapit,VBTS
12017,generously|FW,generously,FW
12018,RosmaTinipon|NNP,RosmaTinipon,NNP
12019,mahilig|JJD,mahilig,JJD
12020,FoundationMula|NNP,FoundationMula,NNP
12021,Roh|NNP,Roh,NNP
12022,hanapbuhay|NNC,hanapbuhay,NNC
12023,magawang|VBW_CCP,magawang,VBW_CCP
12024,dyip|FW,dyip,FW
12025,Huminga|VBAF,Huminga,VBAF
12026,nalang|VBTS_CCP,nalang,VBTS_CCP
12027,makaguhit|VBW,makaguhit,VBW
12028,Gundhu|NNP,Gundhu,NNP
12029,hot|FW,hot,FW
12030,Fire|NNP,Fire,NNP
12031,bumahing|VBAF,bumahing,VBAF
12032,matulin|JJD,matulin,JJD
12033,nagagawang|VBTR_CCP,nagagawang,VBTR_CCP
12034,langoy|FW,langoy,FW
12035,daing|FW,daing,FW
12036,bumuka|VBAF,bumuka,VBAF
12037,makalipas|VBW,makalipas,VBW
12038,puri|NNC,puri,NNC
12039,yata|RBM,yata,RBM
12040,magbisikleta|VBW,magbisikleta,VBW
12041,rin|RBI,rin,RBI
12042,Tink|NNP,Tink,NNP
12043,Nico|NNP,Nico,NNP
12044,isinabog|VBTS,isinabog,VBTS
12045,SMART|NNPA,SMART,NNPA
12046,Kaw|NNP,Kaw,NNP
12047,kanta|NNC,kanta,NNC
12048,Klaaaaattt|NNP,Klaaaaattt,NNP
12049,papalawakin|VBTF,papalawakin,VBTF
12050,HA|NNPA,HA,NNPA
12051,Pong|NNP,Pong,NNP
12052,pawang|PRI_CCP,pawang,PRI_CCP
12053,nagmamadali|VBTS,nagmamadali,VBTS
12054,milk|FW,milk,FW
12055,Sumimangot|VBTR,Sumimangot,VBTR
12056,Nakasandal|RBD,Nakasandal,RBD
12057,nakaririnig|VBTR,nakaririnig,VBTR
12058,nangako|VBTS,nangako,VBTS
12059,kompetisyon|NNC,kompetisyon,NNC
12060,kuyog|NNC,kuyog,NNC
12061,Munting|PRSP_CCP,Munting,PRSP_CCP
12062,pagmamakaawa|NNC,pagmamakaawa,NNC
12063,aming|PRSP_CCP,aming,PRSP_CCP
12064,Hinahanap|VBTR,Hinahanap,VBTR
12065,Nagalit|VBTS,Nagalit,VBTS
12066,palamigin|VBOF,palamigin,VBOF
12067,mapait|JJD,mapait,JJD
12068,pinagmulan|VBRF,pinagmulan,VBRF
12069,Su|NNP,Su,NNP
12070,katalas|JJC,katalas,JJC
12071,Luksong|NNP_CCP,Luksong,NNP_CCP
12072,Asha|NNP,Asha,NNP
12073,konting|PRI_CCP,konting,PRI_CCP
12074,Crisis|NNP,Crisis,NNP
12075,prusisyon|NNC,prusisyon,NNC
12076,Seresa|NNP,Seresa,NNP
12077,ikinalat|VBTS,ikinalat,VBTS
12078,Natamaan|VBTS,Natamaan,VBTS
12079,naglathala|VBTS,naglathala,VBTS
12080,pang|RBI_CCP,pang,RBI_CCP
12081,Sinabi|VBOF,Sinabi,VBOF
12082,maisasakatuparan|VBTF,maisasakatuparan,VBTF
12083,weyter|FW,weyter,FW
12084,Kukunin|VBTF_VBOF,Kukunin,VBTF_VBOF
12085,Gusto|VBS,Gusto,VBS
12086,저는캄보디아에서태어난렉가나라고합니다|PMS,저는캄보디아에서태어난렉가나라고합니다,PMS
12087,idilig|VBOF,idilig,VBOF
12088,kinabibilangan|VBTR,kinabibilangan,VBTR
12089,dyan|NNCA,dyan,NNCA
12090,Kalamansi|NNP,Kalamansi,NNP
12091,alphabet|FW,alphabet,FW
12092,pagbuksan|VBW,pagbuksan,VBW
12093,1k|CDB,1k,CDB
12094,Maaraw|NNP,Maaraw,NNP
12095,Yang|RBF,Yang,RBF
12096,Malayo|JJD,Malayo,JJD
12097,animo|NNC,animo,NNC
12098,Bubbly|NNP,Bubbly,NNP
12099,parrots|FW,parrots,FW
12100,Tukso|NNC,Tukso,NNC
12101,magpapabunga|VBTF,magpapabunga,VBTF
12102,sabstityut|NNC,sabstityut,NNC
12103,tagahanga|NNC,tagahanga,NNC
12104,Ballesteros|NNP,Ballesteros,NNP
12105,niyong|PRO_CCP,niyong,PRO_CCP
12106,ginawang|VBOF_CCP,ginawang,VBOF_CCP
12107,masinsin|JJD,masinsin,JJD
12108,nadapa|VBTS,nadapa,VBTS
12109,Ms.|NNPA,Ms.,NNPA
12110,magkamalay|VBW,magkamalay,VBW
12111,emperor|NNC,emperor,NNC
12112,napakaimportanteng|JJD_CCP,napakaimportanteng,JJD_CCP
12113,Madilim|JJD,Madilim,JJD
12114,today|FW,today,FW
12115,pagdidisenyo|VBW,pagdidisenyo,VBW
12116,kagalingan|NNC,kagalingan,NNC
12117,ELCCF|NNPA,ELCCF,NNPA
12118,lilipad|VBTF,lilipad,VBTF
12119,MaliitinBokabularyo|NNP,MaliitinBokabularyo,NNP
12120,pagkain.kinagabihan|VBW,pagkain.kinagabihan,VBW
12121,bobina|NNC,bobina,NNC
12122,sumusuporta|VBTR_VBAF,sumusuporta,VBTR_VBAF
12123,Magagawa|VBTF,Magagawa,VBTF
12124,value|FW,value,FW
12125,alupihan|NNC,alupihan,NNC
12126,nababahing|VBTR,nababahing,VBTR
12127,lugod|NNC,lugod,NNC
12128,EsteeLauder|NNP,EsteeLauder,NNP
12129,matatanda|NNC,matatanda,NNC
12130,sikat|NNC,sikat,NNC
12131,hiwaga|JJD,hiwaga,JJD
12132,naghiyawan|VBTS,naghiyawan,VBTS
12133,Paumanhin|RBS,Paumanhin,RBS
12134,Iwinasiwas|VBTS,Iwinasiwas,VBTS
12135,Hive|FW,Hive,FW
12136,Nasunog|VBTS,Nasunog,VBTS
12137,Alma|NNP,Alma,NNP
12138,Tagalimbag|NNC,Tagalimbag,NNC
12139,Tinanim|VBOF,Tinanim,VBOF
12140,BASURA|NNPA,BASURA,NNPA
12141,maayos|JJD,maayos,JJD
12142,manlalaban|NNC,manlalaban,NNC
12143,uulitin|VBTF,uulitin,VBTF
12144,Tumabi|VBAF,Tumabi,VBAF
12145,mainggitin|JJD,mainggitin,JJD
12146,Sama|NNP,Sama,NNP
12147,xgqsniNBhgs|NNP,xgqsniNBhgs,NNP
12148,sayangin|VBOF,sayangin,VBOF
12149,bag|VBS,bag,VBS
12150,inusisa|VBTS,inusisa,VBTS
12151,rurok|JJD,rurok,JJD
12152,Gary|NNP,Gary,NNP
12153,!?|PMS,!?,PMS
12154,nakayakap|VBTS,nakayakap,VBTS
12155,P|NNP,P,NNP
12156,echidna|FW,echidna,FW
12157,motorsiklo|NNC,motorsiklo,NNC
12158,tuliin|VBOF,tuliin,VBOF
12159,basahang|NNC_CCP,basahang,NNC_CCP
12160,HU|NNPA,HU,NNPA
12161,dikit|NNC,dikit,NNC
12162,conditionsNakalaanangilangkarapatan|FW,conditionsNakalaanangilangkarapatan,FW
12163,awtomatikong|JJD_CCP,awtomatikong,JJD_CCP
12164,kakulangan|NNC,kakulangan,NNC
12165,Pumutok|VBAF,Pumutok,VBAF
12166,karanasan|NNC,karanasan,NNC
12167,Wriggly|NNP,Wriggly,NNP
12168,mahikang|JJD_CCP,mahikang,JJD_CCP
12169,views|FW,views,FW
12170,sakin|NNC,sakin,NNC
12171,nagkikita|VBTS,nagkikita,VBTS
12172,nakikipagkwentuhan|VBTR,nakikipagkwentuhan,VBTR
12173,misa|NNC,misa,NNC
12174,pagpipintura|VBW,pagpipintura,VBW
12175,katribo|NNC,katribo,NNC
12176,Magalang|JJD,Magalang,JJD
12177,pagsulat|VBW,pagsulat,VBW
12178,Nahirapan|VBTS,Nahirapan,VBTS
12179,Napakagandang|JJD_CCP,Napakagandang,JJD_CCP
12180,masisira|VBTF,masisira,VBTF
12181,Kailagan|NNP,Kailagan,NNP
12182,pumuti|NNC,pumuti,NNC
12183,Buwaya|NNC,Buwaya,NNC
12184,Nakauwi|VBTS,Nakauwi,VBTS
12185,Nin|NNP,Nin,NNP
12186,Labing|NNP,Labing,NNP
12187,magkawangis|VBW,magkawangis,VBW
12188,with|FW,with,FW
12189,Naninirahan|VBTR,Naninirahan,VBTR
12190,organisasyong|NNC_CCP,organisasyong,NNC_CCP
12191,kometa|NNC,kometa,NNC
12192,**|PMS,**,PMS
12193,tumatawa|VBTR_VBAF,tumatawa,VBTR_VBAF
12194,pananatilihin|VBTF_VBOF,pananatilihin,VBTF_VBOF
12195,tunog|NNC,tunog,NNC
12196,itinatabi|VBTR,itinatabi,VBTR
12197,marahil|RBM,marahil,RBM
12198,Nabighani|VBTS,Nabighani,VBTS
12199,pinatahan|VBOF,pinatahan,VBOF
12200,kanya.malungkot|NNC,kanya.malungkot,NNC
12201,Kasinlinis|FW,Kasinlinis,FW
12202,pakibilisan|VBOF,pakibilisan,VBOF
12203,Hinikayat|VBOF,Hinikayat,VBOF
12204,Brownie|NNP,Brownie,NNP
12205,Magluto|VBW,Magluto,VBW
12206,nagyakap|VBTS,nagyakap,VBTS
12207,nagbaha|VBTS,nagbaha,VBTS
12208,Kaniyang|RBD_CCP,Kaniyang,RBD_CCP
12209,times|FW,times,FW
12210,Nakaamoy|VBTS,Nakaamoy,VBTS
12211,Ayan|NNP,Ayan,NNP
12212,pahayag|NNC,pahayag,NNC
12213,beads|FW,beads,FW
12214,Tiningala|NNP,Tiningala,NNP
12215,makalilipad|VBW,makalilipad,VBW
12216,nag|NNC,nag,NNC
12217,nagsabi|VBTS,nagsabi,VBTS
12218,pino|JJD,pino,JJD
12219,sikreto|NNC,sikreto,NNC
12220,Laybraryan|NNC,Laybraryan,NNC
12221,Kami|PRP,Kami,PRP
12222,Myanman|NNP,Myanman,NNP
12223,Tinanggap|VBOF,Tinanggap,VBOF
12224,faith|FW,faith,FW
12225,makabuo|VBW,makabuo,VBW
12226,eskuwe|FW,eskuwe,FW
12227,Hiniling|VBOF,Hiniling,VBOF
12228,Tatsulok|NNC,Tatsulok,NNC
12229,kalahating|JJD_CCP,kalahating,JJD_CCP
12230,70s|CDB,70s,CDB
12231,kaastig|CCB,kaastig,CCB
12232,Sign|NNP,Sign,NNP
12233,hitsura|NNC,hitsura,NNC
12234,creation|FW,creation,FW
12235,panonood|NNC,panonood,NNC
12236,Kinumbinsi|VBTS,Kinumbinsi,VBTS
12237,Signer|NNP,Signer,NNP
12238,umulan|VBAF,umulan,VBAF
12239,kapsula|NNC,kapsula,NNC
12240,payong|NNC_CCP,payong,NNC_CCP
12241,diniligan|VBTR,diniligan,VBTR
12242,inspirasyon|NNC,inspirasyon,NNC
12243,imbak|NNC,imbak,NNC
12244,patnugot|NNC,patnugot,NNC
12245,mahihirap|JJD,mahihirap,JJD
12246,Hello|NNP,Hello,NNP
12247,mamamatay|VBTF,mamamatay,VBTF
12248,Ikuwento|VBOF,Ikuwento,VBOF
12249,mention|FW,mention,FW
12250,katagal|JJD,katagal,JJD
12251,Kuto|NNP,Kuto,NNP
12252,nakakakalat|VBTR,nakakakalat,VBTR
12253,bongga|FW,bongga,FW
12254,Iikot|VBTF,Iikot,VBTF
12255,Gilalas|NNP,Gilalas,NNP
12256,karton|NNC,karton,NNC
12257,bugso|NNC,bugso,NNC
12258,nasa|RBL,nasa,RBL
12259,makapangyarihang|JJD_CCP,makapangyarihang,JJD_CCP
12260,tinititigan|VBTR,tinititigan,VBTR
12261,MartoAbalang|NNP,MartoAbalang,NNP
12262,Hanga|NNP,Hanga,NNP
12263,reyna|NNC,reyna,NNC
12264,paso|NNC,paso,NNC
12265,coconut|FW,coconut,FW
12266,PARISUKAT|NNPA,PARISUKAT,NNPA
12267,Tenga|NNC,Tenga,NNC
12268,ikinalungkot|VBTR,ikinalungkot,VBTR
12269,bibinuhos|VBTF,bibinuhos,VBTF
12270,kasangkot|JJD,kasangkot,JJD
12271,mask|FW,mask,FW
12272,Nay|NNC,Nay,NNC
12273,Companies|FW,Companies,FW
12274,kinailangan|VBTS,kinailangan,VBTS
12275,KanyaMandir|NNP,KanyaMandir,NNP
12276,nigo|NNC,nigo,NNC
12277,karangalan|NNC,karangalan,NNC
12278,dalampasigan|NNC,dalampasigan,NNC
12279,tsp|NNCA,tsp,NNCA
12280,nama|RBR,nama,RBR
12281,Kumidlat|NNP,Kumidlat,NNP
12282,kapiraso|NNC,kapiraso,NNC
12283,gumagana|VBTR_VBAF,gumagana,VBTR_VBAF
12284,Magtayo|NNP,Magtayo,NNP
12285,ikinuwento|VBTS_VBOF,ikinuwento,VBTS_VBOF
12286,Insecticides|FW,Insecticides,FW
12287,Gumupit|VBAF,Gumupit,VBAF
12288,matatabang|JJD_CCP,matatabang,JJD_CCP
12289,fore-most|FW,fore-most,FW
12290,aaya|NNC,aaya,NNC
12291,Lumundag|VBTS,Lumundag,VBTS
12292,Bumukas|VBAF,Bumukas,VBAF
12293,Pangolin|NNP,Pangolin,NNP
12294,fauna|FW,fauna,FW
12295,express|FW,express,FW
12296,Pansamantala|NNP,Pansamantala,NNP
12297,Gumagamit|VBTR_VBAF,Gumagamit,VBTR_VBAF
12298,Bakunawa|NNP,Bakunawa,NNP
12299,maiayos|VBW,maiayos,VBW
12300,natangay|VBTS,natangay,VBTS
12301,Bumibitin|NNP,Bumibitin,NNP
12302,Napagtanto|VBTS,Napagtanto,VBTS
12303,nakapila|VBTS,nakapila,VBTS
12304,kapansanan|NNC,kapansanan,NNC
12305,including|FW,including,FW
12306,Malapad|JJD,Malapad,JJD
12307,naintindihan|VBTR,naintindihan,VBTR
12308,ngmga|VBOF,ngmga,VBOF
12309,원래저는피아노를전공했지만|CDB,원래저는피아노를전공했지만,CDB
12310,kumulog|JJD,kumulog,JJD
12311,parang|CCT,parang,CCT
12312,nyang|PRS_CCP,nyang,PRS_CCP
12313,marunong|JJD,marunong,JJD
12314,matatangkad|JJD,matatangkad,JJD
12315,Hugis|NNP,Hugis,NNP
12316,Blag|NNP,Blag,NNP
12317,sinai|VBTS,sinai,VBTS
12318,salapi|NNC,salapi,NNC
12319,",500|CDB",",500",CDB
12320,nagdesisyon|VBTS,nagdesisyon,VBTS
12321,pedal|FW,pedal,FW
12322,gulay|NNC,gulay,NNC
12323,pinakabahay|JJCS_JJD,pinakabahay,JJCS_JJD
12324,natutuwa|VBTS,natutuwa,VBTS
12325,aymay|NNC,aymay,NNC
12326,HAAAA|NNPA,HAAAA,NNPA
12327,labindalawang|JJN_CCP,labindalawang,JJN_CCP
12328,nahigop|VBTS,nahigop,VBTS
12329,nababalot|VBTR,nababalot,VBTR
12330,disenyo|NNC,disenyo,NNC
12331,iyang|NNC_CCP,iyang,NNC_CCP
12332,pick|NNC,pick,NNC
12333,n'yo|NNC,n'yo,NNC
12334,Ho|NNP,Ho,NNP
12335,Cici|NNP,Cici,NNP
12336,raketa|FW,raketa,FW
12337,napatakbo|FW,napatakbo,FW
12338,tumitindi|VBTR_VBAF,tumitindi,VBTR_VBAF
12339,itinuro|VBTS,itinuro,VBTS
12340,rito|PRL,rito,PRL
12341,Pagkatanghali|NNP,Pagkatanghali,NNP
12342,Maaari|VBS,Maaari,VBS
12343,Munting|NNP,Munting,NNP
12344,Mario|NNP,Mario,NNP
12345,두아이를|NNPA,두아이를,NNPA
12346,boteng|NNC_CCP,boteng,NNC_CCP
12347,Pedro|NNP,Pedro,NNP
12348,magpraktis|FW,magpraktis,FW
12349,nagtutulungan|VBTR,nagtutulungan,VBTR
12350,Tumigil|VBAF,Tumigil,VBAF
12351,Naramdaman|VBTS,Naramdaman,VBTS
12352,Sastry|NNP,Sastry,NNP
12353,Nakababagot|NNP,Nakababagot,NNP
12354,nakamamangha|VBTR,nakamamangha,VBTR
12355,nabalutan|VBTR,nabalutan,VBTR
12356,pihitin|VBOF,pihitin,VBOF
12357,Napakalaki|JJCS_JJD,Napakalaki,JJCS_JJD
12358,krrr|FW,krrr,FW
12359,Nakaakyat|RBD,Nakaakyat,RBD
12360,Tatay|NNC,Tatay,NNC
12361,papasok|NNC,papasok,NNC
12362,Maglagay|VBAF,Maglagay,VBAF
12363,Pati|CCA,Pati,CCA
12364,kagaya|JJC,kagaya,JJC
12365,magpiknik|VBW,magpiknik,VBW
12366,Napaaga|VBTS,Napaaga,VBTS
12367,sungay.dahan|NNC,sungay.dahan,NNC
12368,lisanin|VBOF,lisanin,VBOF
12369,hilurin|FW,hilurin,FW
12370,pangisda|JJD,pangisda,JJD
12371,pakialam|NNC,pakialam,NNC
12372,paghuhukay|VBW,paghuhukay,VBW
12373,magpakain|VBTF,magpakain,VBTF
12374,naka|JJD,naka,JJD
12375,pleats|FW,pleats,FW
12376,karamdaman|NNC,karamdaman,NNC
12377,Napangiti|VBTR,Napangiti,VBTR
12378,maghanap|RBD,maghanap,RBD
12379,kabilang|CCB,kabilang,CCB
12380,hinihimok|VBTR,hinihimok,VBTR
12381,inhenyeriya|NNC,inhenyeriya,NNC
12382,halakhak|NNC,halakhak,NNC
12383,Tongtong|NNP,Tongtong,NNP
12384,Mula|RBL,Mula,RBL
12385,Parke|NNP,Parke,NNP
12386,pinupulot|VBTR,pinupulot,VBTR
12387,taun|NNC,taun,NNC
12388,editors|FW,editors,FW
12389,Nais|VBS,Nais,VBS
12390,patong|NNC,patong,NNC
12391,Pakauwi|NNP,Pakauwi,NNP
12392,makahawak|VBW,makahawak,VBW
12393,Parisukat|NNP,Parisukat,NNP
12394,mapalawak|VBW,mapalawak,VBW
12395,tennis|FW,tennis,FW
12396,giraffe|NNC,giraffe,NNC
12397,Naliligaw|VBTR,Naliligaw,VBTR
12398,dinidilaan|VBTR,dinidilaan,VBTR
12399,ibinugang|RBD_CCP,ibinugang,RBD_CCP
12400,volunteer|FW,volunteer,FW
12401,Veety|NNP,Veety,NNP
12402,kotse|NNC,kotse,NNC
12403,guddu|FW,guddu,FW
12404,magsisimulang|RBD_CCP,magsisimulang,RBD_CCP
12405,kamangha|NNC,kamangha,NNC
12406,Nakahuli|VBTS,Nakahuli,VBTS
12407,Meoww|NNP,Meoww,NNP
12408,choo|FW,choo,FW
12409,Burmese|NNP,Burmese,NNP
12410,binalot|VBTS,binalot,VBTS
12411,mangangahoy|NNC,mangangahoy,NNC
12412,paruparoAnim|JJD,paruparoAnim,JJD
12413,YIPPEE|NNPA,YIPPEE,NNPA
12414,aswang|NNC,aswang,NNC
12415,makasabay|VBW,makasabay,VBW
12416,Sathae|FW,Sathae,FW
12417,kalusugan|NNC,kalusugan,NNC
12418,Niko|NNP,Niko,NNP
12419,Nagisip|VBTS,Nagisip,VBTS
12420,malabasan|VBW,malabasan,VBW
12421,께감사의인사를드립니다.지구별한가족|PMS,께감사의인사를드립니다.지구별한가족,PMS
12422,stick|FW,stick,FW
12423,noong|RBW_CCP,noong,RBW_CCP
12424,.....|FW,.....,FW
12425,aaa|FW,aaa,FW
12426,nig|NNCA,nig,NNCA
12427,pakwan|NNC,pakwan,NNC
12428,Agosto|NNP,Agosto,NNP
12429,Nanalangin|VBTR,Nanalangin,VBTR
12430,ramdam|JJD,ramdam,JJD
12431,pinipinturahan|VBTR,pinipinturahan,VBTR
12432,tumabi|VBAF,tumabi,VBAF
12433,finish|FW,finish,FW
12434,mamaya|RBW,mamaya,RBW
12435,Hila|NNP,Hila,NNP
12436,thalassemia|FW,thalassemia,FW
12437,Napakagandang|VBTR_CCP,Napakagandang,VBTR_CCP
12438,palang|RBI_CCP,palang,RBI_CCP
12439,pagkaubos|NNC,pagkaubos,NNC
12440,inyo|PRSP,inyo,PRSP
12441,gaan|FW,gaan,FW
12442,kinikiliti|VBTR,kinikiliti,VBTR
12443,nakabuo|VBTS,nakabuo,VBTS
12444,tadtad|JJD,tadtad,JJD
12445,pinaghanda|VBTR_VBRF,pinaghanda,VBTR_VBRF
12446,(|PMS,(,PMS
12447,makukulay|JJD,makukulay,JJD
12448,uso|RBD,uso,RBD
12449,WWF|NNPA,WWF,NNPA
12450,Kakain|VBTF,Kakain,VBTF
12451,ROBOTS|NNPA,ROBOTS,NNPA
12452,Ikinuwento|VBTS,Ikinuwento,VBTS
12453,ikinatuwa|VBOF,ikinatuwa,VBOF
12454,balot|NNC,balot,NNC
12455,makapagtanong|VBW,makapagtanong,VBW
12456,drone|FW,drone,FW
12457,Pantay|JJD,Pantay,JJD
12458,patunugin|VBOF,patunugin,VBOF
12459,Nagtulakan|VBTS,Nagtulakan,VBTS
12460,Nagpasiya|VBTS,Nagpasiya,VBTS
12461,Hoy|NNC,Hoy,NNC
12462,gawing|RBD_CCP,gawing,RBD_CCP
12463,kagipitan|NNC,kagipitan,NNC
12464,seryesong|JJD_CCP,seryesong,JJD_CCP
12465,palaboy|NNC,palaboy,NNC
12466,Tinikman|NNP,Tinikman,NNP
12467,Chi|NNP,Chi,NNP
12468,tungo|NNC,tungo,NNC
12469,labi|NNC,labi,NNC
12470,taas|JJD,taas,JJD
12471,Magmadali|VBTF,Magmadali,VBTF
12472,binanggit|VBOF,binanggit,VBOF
12473,malinisan|VBW,malinisan,VBW
12474,panitikang|NNC_CCP,panitikang,NNC_CCP
12475,sabi|NNC,sabi,NNC
12476,pagsapit|VBW,pagsapit,VBW
12477,Ulang|NNC_CCP,Ulang,NNC_CCP
12478,Bakeo|NNP,Bakeo,NNP
12479,Bakit|PRQ,Bakit,PRQ
12480,nagkukuwentuhan|VBTS,nagkukuwentuhan,VBTS
12481,Matatanaw|VBTF,Matatanaw,VBTF
12482,paglalaro|VBW,paglalaro,VBW
12483,pamilihan|NNC,pamilihan,NNC
12484,kaniya|PRSP,kaniya,PRSP
12485,pagsasayaw|NNC,pagsasayaw,NNC
12486,Nicholas|NNP,Nicholas,NNP
12487,Yeheyy|NNP,Yeheyy,NNP
12488,ngalan|NNC,ngalan,NNC
12489,tiktik|NNC,tiktik,NNC
12490,Maayos|JJD,Maayos,JJD
12491,Eneng|NNP,Eneng,NNP
12492,talababa|JJD,talababa,JJD
12493,kapangyarihan|NNC,kapangyarihan,NNC
12494,Louder|NNP,Louder,NNP
12495,Tanabara|NNP,Tanabara,NNP
12496,Tungkulin|NNC,Tungkulin,NNC
12497,Blog|NNP,Blog,NNP
12498,ililigtas|VBTF,ililigtas,VBTF
12499,nagpapakain|VBTR,nagpapakain,VBTR
12500,Kidlat|NNP,Kidlat,NNP
12501,nakaaalam|VBTR,nakaaalam,VBTR
12502,tagapagsaayos|NNC,tagapagsaayos,NNC
12503,Siguradong|RBT_CCP,Siguradong,RBT_CCP
12504,naitanong|VBTS,naitanong,VBTS
12505,syempre|NNC,syempre,NNC
12506,nauulanan|VBTR,nauulanan,VBTR
12507,reptilya|NNC,reptilya,NNC
12508,bilugang|RBD_CCP,bilugang,RBD_CCP
12509,bumubulong|VBTR_VBAF,bumubulong,VBTR_VBAF
12510,lupain|NNC,lupain,NNC
12511,akingprocessor|NNC,akingprocessor,NNC
12512,salaming|NNC_CCP,salaming,NNC_CCP
12513,pangkalawan|JJD,pangkalawan,JJD
12514,Teytey|NNP,Teytey,NNP
12515,sinusulat|VBTR,sinusulat,VBTR
12516,wrote|FW,wrote,FW
12517,Haha|NNP,Haha,NNP
12518,tumutubong|VBTR_VBAF,tumutubong,VBTR_VBAF
12519,magpapagabi|VBTF,magpapagabi,VBTF
12520,organisasyon|NNC,organisasyon,NNC
12521,pinastol|VBTS,pinastol,VBTS
12522,Apong|NNC_CCP,Apong,NNC_CCP
12523,mabagal|JJD,mabagal,JJD
12524,Roopa|NNP,Roopa,NNP
12525,lisensyado|JJD,lisensyado,JJD
12526,Yodi|RBF,Yodi,RBF
12527,Duuuumm|NNP,Duuuumm,NNP
12528,Kukuha|VBTF,Kukuha,VBTF
12529,Ala|NNP,Ala,NNP
12530,magdamag|RBW,magdamag,RBW
12531,his|FW,his,FW
12532,palapag|NNC,palapag,NNC
12533,maruruming|JJD_CCP,maruruming,JJD_CCP
12534,maliliwanag|FW,maliliwanag,FW
12535,tsokolate|NNC,tsokolate,NNC
12536,hinusayan|VBOF,hinusayan,VBOF
12537,Kumakaway|VBTR_VBAF,Kumakaway,VBTR_VBAF
12538,ikalimampung|JJN_CCP,ikalimampung,JJN_CCP
12539,gagalawin|VBOF,gagalawin,VBOF
12540,hah|FW,hah,FW
12541,opisyal|NNC,opisyal,NNC
12542,zoom|FW,zoom,FW
12543,inspire|FW,inspire,FW
12544,Pinadidilim|VBTR,Pinadidilim,VBTR
12545,Malawak|JJD,Malawak,JJD
12546,sinulatan|VBOF,sinulatan,VBOF
12547,wasto|JJD,wasto,JJD
12548,isports|NNC,isports,NNC
12549,niluluto|VBTR,niluluto,VBTR
12550,kulot|JJD,kulot,JJD
12551,Bing|NNP,Bing,NNP
12552,maghangad|VBW,maghangad,VBW
12553,tatanggapin|VBTF,tatanggapin,VBTF
12554,Pappaaa|NNP,Pappaaa,NNP
12555,Tita|NNC,Tita,NNC
12556,sumunod|VBAF,sumunod,VBAF
12557,tinanong|VBOF,tinanong,VBOF
12558,Bonong|NNC_CCP,Bonong,NNC_CCP
12559,kayonglahat|JJD,kayonglahat,JJD
12560,Oh|NNP,Oh,NNP
12561,talon|NNC,talon,NNC
12562,kadiri|NNC,kadiri,NNC
12563,Bonong|NNP,Bonong,NNP
12564,pinakamabait|JJCS_JJD,pinakamabait,JJCS_JJD
12565,ramo|NNC,ramo,NNC
12566,maiksing|JJD_CCP,maiksing,JJD_CCP
12567,patayin|VBOF,patayin,VBOF
12568,hinihimas|VBTS,hinihimas,VBTS
12569,Pinatayo|VBTS,Pinatayo,VBTS
12570,Islaw|NNP,Islaw,NNP
12571,hinigpitan|VBOF,hinigpitan,VBOF
12572,siso|NNC,siso,NNC
12573,nangangahulugang|VBTR_CCP,nangangahulugang,VBTR_CCP
12574,natuto|VBTS,natuto,VBTS
12575,iniahon|VBOF,iniahon,VBOF
12576,kumulog|NNC,kumulog,NNC
12577,WHEEE|NNPA,WHEEE,NNPA
12578,manananim|VBW,manananim,VBW
12579,sets|FW,sets,FW
12580,nagsalita|VBTS,nagsalita,VBTS
12581,pamilyar|JJD,pamilyar,JJD
12582,makapaglalaro|VBW,makapaglalaro,VBW
12583,Veun|NNP,Veun,NNP
12584,nalanta|VBTS,nalanta,VBTS
12585,Kasalanan|CCR,Kasalanan,CCR
12586,pagnanakaw|NNC,pagnanakaw,NNC
12587,galit|JJD,galit,JJD
12588,Makakatakas|VBTF,Makakatakas,VBTF
12589,sinabuyan|VBTS,sinabuyan,VBTS
12590,handang|RBD_CCP,handang,RBD_CCP
12591,magtatatayo|VBTF,magtatatayo,VBTF
12592,Napakalakas|JJCS_JJD,Napakalakas,JJCS_JJD
12593,nakatatawid|VBTS,nakatatawid,VBTS
12594,Tara|NNP,Tara,NNP
12595,pagtulugang|RBD_CCP,pagtulugang,RBD_CCP
12596,Itinanim|VBTS,Itinanim,VBTS
12597,Himbing|NNP,Himbing,NNP
12598,balde|NNC,balde,NNC
12599,sinisiguradong|VBTR_VBOF,sinisiguradong,VBTR_VBOF
12600,gulaman|NNC,gulaman,NNC
12601,segundong|JJD_CCP,segundong,JJD_CCP
12602,A-A-L-I|CDB,A-A-L-I,CDB
12603,Huhulihin|NNP,Huhulihin,NNP
12604,maaakay|VBW,maaakay,VBW
12605,makinig|VBW,makinig,VBW
12606,sumisilip|VBAF,sumisilip,VBAF
12607,Dambuhalang|NNP,Dambuhalang,NNP
12608,Iskuwirel|NNP,Iskuwirel,NNP
12609,ref|FW,ref,FW
12610,literasiya|NNC,literasiya,NNC
12611,Lumayo|VBAF,Lumayo,VBAF
12612,makakainom|VBW,makakainom,VBW
12613,kabutihang|JJD_CCP,kabutihang,JJD_CCP
12614,landmine|NNC,landmine,NNC
12615,nagyeyelong|VBTS_CCP,nagyeyelong,VBTS_CCP
12616,abbreviated|FW,abbreviated,FW
12617,Ibinagsak|VBTS,Ibinagsak,VBTS
12618,incubator|NNC,incubator,NNC
12619,maitapon|VBW,maitapon,VBW
12620,Hi|NNPA,Hi,NNPA
12621,inuming|NNC,inuming,NNC
12622,compound|FW,compound,FW
12623,Percy|NNP,Percy,NNP
12624,kayumangging|JJD_CCP,kayumangging,JJD_CCP
12625,pong|PRS_CCP,pong,PRS_CCP
12626,Pinapangako|VBTR,Pinapangako,VBTR
12627,Sige|NNP,Sige,NNP
12628,Tatangayin|VBTF_VBOF,Tatangayin,VBTF_VBOF
12629,umiiyak|VBTR_VBAF,umiiyak,VBTR_VBAF
12630,paghiling|VBW,paghiling,VBW
12631,Axiata|NNP,Axiata,NNP
12632,Anna|NNP,Anna,NNP
12633,Micaella|NNP,Micaella,NNP
12634,look|NNC,look,NNC
12635,sinasabayan|VBTR,sinasabayan,VBTR
12636,Hai|NNP,Hai,NNP
12637,buhatin|VBOF,buhatin,VBOF
12638,Nauuna|VBTR,Nauuna,VBTR
12639,kabaligtaran|JJD,kabaligtaran,JJD
12640,inilalagay|VBTR,inilalagay,VBTR
12641,nagpapatawag|VBTR,nagpapatawag,VBTR
12642,t|FW,t,FW
12643,pinaghalong|VBRF_CCP,pinaghalong,VBRF_CCP
12644,Tagumpay|NNC,Tagumpay,NNC
12645,Indonesia|NNP,Indonesia,NNP
12646,mangga|NNC,mangga,NNC
12647,pinapastol|VBTR,pinapastol,VBTR
12648,Paakyat|JJD,Paakyat,JJD
12649,bunot|NNC,bunot,NNC
12650,maging|VBW,maging,VBW
12651,lagpas|JJD,lagpas,JJD
12652,Inunat|VBTS,Inunat,VBTS
12653,namamahagi|VBTR,namamahagi,VBTR
12654,inis|JJD,inis,JJD
12655,mabangis|JJD,mabangis,JJD
12656,bastos|JJD,bastos,JJD
12657,kalagitnaan|NNC,kalagitnaan,NNC
12658,Lumukso|VBTS,Lumukso,VBTS
12659,Pininturahan|VBTS,Pininturahan,VBTS
12660,bunging|NNC_CCP,bunging,NNC_CCP
12661,nanghiram|VBTS,nanghiram,VBTS
12662,lumalason|VBTR_VBAF,lumalason,VBTR_VBAF
12663,obelisk|FW,obelisk,FW
12664,Brahminy|NNP,Brahminy,NNP
12665,nahihiya|VBTS,nahihiya,VBTS
12666,Kasing|JJCC,Kasing,JJCC
12667,magkapapapayat|VBW,magkapapapayat,VBW
12668,magpinta|VBAF,magpinta,VBAF
12669,Napatungo|VBTS,Napatungo,VBTS
12670,Maghanap|NNP,Maghanap,NNP
12671,umahin|VBOF,umahin,VBOF
12672,babad|VBTF,babad,VBTF
12673,matamis|JJD,matamis,JJD
12674,nagsisimulang|VBTR_CCP,nagsisimulang,VBTR_CCP
12675,Laki|NNC,Laki,NNC
12676,Palibot|NNP,Palibot,NNP
12677,kulog|NNC,kulog,NNC
12678,dinukot|VBOF,dinukot,VBOF
12679,Ambu|NNP,Ambu,NNP
12680,pamilya|NNC,pamilya,NNC
12681,Nakatulog|VBTS,Nakatulog,VBTS
12682,Bulaklak|NNP,Bulaklak,NNP
12683,pagdidilim|NNC,pagdidilim,NNC
12684,Parasurat|NNP,Parasurat,NNP
12685,kabarangay|NNC,kabarangay,NNC
12686,lola|NNC,lola,NNC
12687,nahanap|VBTS,nahanap,VBTS
12688,mataba|JJD,mataba,JJD
12689,nagusot|VBTS,nagusot,VBTS
12690,giniginaw|NNC,giniginaw,NNC
12691,maaraw|JJD,maaraw,JJD
12692,piston|NNC,piston,NNC
12693,Paaralan|NNP,Paaralan,NNP
12694,Ibon|NNC,Ibon,NNC
12695,dawalang|JJD_CCP,dawalang,JJD_CCP
12696,Dali|NNP,Dali,NNP
12697,kuwarto|NNC,kuwarto,NNC
12698,animated|FW,animated,FW
12699,papalubog|JJD,papalubog,JJD
12700,lumangoy|VBAF,lumangoy,VBAF
12701,Lumangoy|VBAF,Lumangoy,VBAF
12702,larawang|NNC_CCP,larawang,NNC_CCP
12703,Ibinato|VBTS,Ibinato,VBTS
12704,bahing|NNC,bahing,NNC
12705,sirain|VBTS_VBOF,sirain,VBTS_VBOF
12706,plumahe|FW,plumahe,FW
12707,F|NNP,F,NNP
12708,pangangailangan|NNC,pangangailangan,NNC
12709,seremonya|NNC,seremonya,NNC
12710,kapaki|NNC,kapaki,NNC
12711,Naglakbay|VBTS,Naglakbay,VBTS
12712,Nabuhos|VBTS,Nabuhos,VBTS
12713,bumaling|VBAF,bumaling,VBAF
12714,plat|FW,plat,FW
12715,pakikipagsapalaran|NNC,pakikipagsapalaran,NNC
12716,magbabasa|VBTF,magbabasa,VBTF
12717,nagagalit|VBTS,nagagalit,VBTS
12718,naghanda|VBTS,naghanda,VBTS
12719,Usok|NNP,Usok,NNP
12720,Isay|NNP,Isay,NNP
12721,tumanggap|VBAF,tumanggap,VBAF
12722,pagtubo|NNC,pagtubo,NNC
12723,babasahing|NNC_CCP,babasahing,NNC_CCP
12724,naisaboy|VBTS,naisaboy,VBTS
12725,Alam|VBS,Alam,VBS
12726,matagal|JJD,matagal,JJD
12727,nagbebenta|VBTR,nagbebenta,VBTR
12728,parachute|FW,parachute,FW
12729,Department|NNP,Department,NNP
12730,Salamat|RBS,Salamat,RBS
12731,din|RBI,din,RBI
12732,maulang|JJD_CCP,maulang,JJD_CCP
12733,natatamaan|VBTR,natatamaan,VBTR
12734,tinatago|VBTR,tinatago,VBTR
12735,했으니까요|CDB,했으니까요,CDB
12736,magdasal|VBW,magdasal,VBW
12737,makapaglimbag|VBW,makapaglimbag,VBW
12738,lumabas|VBAF,lumabas,VBAF
12739,care|FW,care,FW
12740,inabutan|VBOF,inabutan,VBOF
12741,kumunoy|NNC,kumunoy,NNC
12742,RTI|NNPA,RTI,NNPA
12743,Faculty|NNP,Faculty,NNP
12744,Kamayanan|NNP,Kamayanan,NNP
12745,naglalaro|VBTR,naglalaro,VBTR
12746,nagmamadali|VBTR,nagmamadali,VBTR
12747,masigasig|JJD,masigasig,JJD
12748,Puro|NNP,Puro,NNP
12749,palinga|JJD,palinga,JJD
12750,lulutuin|VBOF,lulutuin,VBOF
12751,Woo|NNP,Woo,NNP
12752,Kakaiba|JJD,Kakaiba,JJD
12753,Hissssss|NNP,Hissssss,NNP
12754,mapayapa|RBD,mapayapa,RBD
12755,ihip|NNC,ihip,NNC
12756,binago|VBTS,binago,VBTS
12757,masisiraan|JJD,masisiraan,JJD
12758,Natutuhan|VBTS,Natutuhan,VBTS
12759,Rosma|NNP,Rosma,NNP
12760,pandemya|JJD,pandemya,JJD
12761,pinapatakbo|VBTR,pinapatakbo,VBTR
12762,tatlong|JJN_CCP,tatlong,JJN_CCP
12763,umagang|RBW_CCP,umagang,RBW_CCP
12764,lumulusot|VBTR_VBAF,lumulusot,VBTR_VBAF
12765,maglaon|RBW,maglaon,RBW
12766,taglamig|NNC,taglamig,NNC
12767,LAHAT|NNPA,LAHAT,NNPA
12768,magulo|JJD,magulo,JJD
12769,Mandarambong|NNP_CCP,Mandarambong,NNP_CCP
12770,them|FW,them,FW
12771,nakasalang|VBTS,nakasalang,VBTS
12772,Sili|NNP,Sili,NNP
12773,Dilaw|NNP,Dilaw,NNP
12774,nagsasara|VBTR,nagsasara,VBTR
12775,gulo|NNC,gulo,NNC
12776,pangluksa|JJD,pangluksa,JJD
12777,kambal|NNC,kambal,NNC
12778,Budang|NNP,Budang,NNP
12779,mawala|VBW,mawala,VBW
12780,network|NNC,network,NNC
12781,tuktok|JJD,tuktok,JJD
12782,",|PMC",",",PMC
12783,Plantsa|NNP,Plantsa,NNP
12784,Maglalagay|VBTF,Maglalagay,VBTF
12785,Sanguino|NNP,Sanguino,NNP
12786,Napakalungkot|VBTR,Napakalungkot,VBTR
12787,offer|FW,offer,FW
12788,He|NNP,He,NNP
12789,이번책제작을위해함께힘써주신분들|CDB,이번책제작을위해함께힘써주신분들,CDB
12790,matyaga|JJD,matyaga,JJD
12791,looban|NNC,looban,NNC
12792,luhaan|JJD,luhaan,JJD
12793,humpay|JJD,humpay,JJD
12794,kabiyak|NNC,kabiyak,NNC
12795,Napakainit|VBTR,Napakainit,VBTR
12796,Gumising|NNP_CCP,Gumising,NNP_CCP
12797,iniisip|VBTR,iniisip,VBTR
12798,nadaanan|VBTS,nadaanan,VBTS
12799,ninakaw|VBTS,ninakaw,VBTS
12800,sakay|NNC,sakay,NNC
12801,WHOOSH|NNPA,WHOOSH,NNPA
12802,Gugurang|NNC_CCP,Gugurang,NNC_CCP
12803,itigil|VBOF,itigil,VBOF
12804,ngina|NNC,ngina,NNC
12805,pupuntahan|NNC,pupuntahan,NNC
12806,kesa|JJD,kesa,JJD
12807,Tung|NNP,Tung,NNP
12808,proyektong|NNC_CCP,proyektong,NNC_CCP
12809,maki|NNC,maki,NNC
12810,facebookThis|FW,facebookThis,FW
12811,natuklasan|VBTS,natuklasan,VBTS
12812,Matematika|NNC,Matematika,NNC
12813,pinatunog|VBOF,pinatunog,VBOF
12814,pandikit|NNC,pandikit,NNC
12815,tagapatnugot|NNC,tagapatnugot,NNC
12816,Tim|NNP,Tim,NNP
12817,hala|NNC,hala,NNC
12818,langur|FW,langur,FW
12819,paglalaro.sining|VBW,paglalaro.sining,VBW
12820,Nakahahawa|VBTR,Nakahahawa,VBTR
12821,itoay|JJD,itoay,JJD
12822,rights|FW,rights,FW
12823,bike|NNC,bike,NNC
12824,kilyawan|NNC,kilyawan,NNC
12825,inakay|VBTS,inakay,VBTS
12826,Napatingala|VBTS,Napatingala,VBTS
12827,mahuli|VBW,mahuli,VBW
12828,Dudurugin|NNP,Dudurugin,NNP
12829,maamong|JJD_CCP,maamong,JJD_CCP
12830,pagtingin|NNC,pagtingin,NNC
12831,nakakatawa|VBTR,nakakatawa,VBTR
12832,kamag|NNC,kamag,NNC
12833,만아니라더많은독자가이이야기를통해귀한|CDB,만아니라더많은독자가이이야기를통해귀한,CDB
12834,siguraduhing|NNC_CCP,siguraduhing,NNC_CCP
12835,nung|RBW_CCP,nung,RBW_CCP
12836,library|FW,library,FW
12837,Hooray|NNP,Hooray,NNP
12838,bunganga|NNC,bunganga,NNC
12839,Kakay|NNP,Kakay,NNP
12840,nakapahinga|VBTS,nakapahinga,VBTS
12841,nagmadaling|RBD_CCP,nagmadaling,RBD_CCP
12842,kunot|NNC,kunot,NNC
12843,Tinikman|VBOF,Tinikman,VBOF
12844,gumana|VBAF,gumana,VBAF
12845,kanluran|JJD,kanluran,JJD
12846,mabubulunan|VBTF,mabubulunan,VBTF
12847,binanat|VBOF,binanat,VBOF
12848,sumusunod|VBTR,sumusunod,VBTR
12849,Tpos|NNP,Tpos,NNP
12850,pumupuri|VBTR_VBAF,pumupuri,VBTR_VBAF
12851,Organisado|NNP,Organisado,NNP
12852,Masarap|JJD,Masarap,JJD
12853,mabahala|VBW,mabahala,VBW
12854,katakam|JJD,katakam,JJD
12855,sarap|NNC,sarap,NNC
12856,saway|NNC,saway,NNC
12857,pagpapapisa|NNC,pagpapapisa,NNC
12858,pantalonGustong|JJD_CCP,pantalonGustong,JJD_CCP
12859,anyong|NNC_CCP,anyong,NNC_CCP
12860,Ininom|VBTS,Ininom,VBTS
12861,mainam|JJD,mainam,JJD
12862,angBuwitre|FW,angBuwitre,FW
12863,Scooter|NNP,Scooter,NNP
12864,Hapon|NNP,Hapon,NNP
12865,hinablot|VBTS,hinablot,VBTS
12866,lulundag|JJD,lulundag,JJD
12867,Freckle|NNP,Freckle,NNP
12868,pagdila|NNC,pagdila,NNC
12869,Ugh|NNP,Ugh,NNP
12870,Kumunti|NNP,Kumunti,NNP
12871,palit|JJD,palit,JJD
12872,nakabaliktad|VBTS,nakabaliktad,VBTS
12873,pupuntuhan|NNC,pupuntuhan,NNC
12874,kaunti|JJD,kaunti,JJD
12875,pangatlong|JJN_CCP,pangatlong,JJN_CCP
12876,balita|NNC,balita,NNC
12877,Agad|RBD,Agad,RBD
12878,Gumising|NNP,Gumising,NNP
12879,ginaw|NNC,ginaw,NNC
12880,mauubos|FW,mauubos,FW
12881,hinahabol|VBTR,hinahabol,VBTR
12882,Nagtataka|VBTR,Nagtataka,VBTR
12883,sangang|NNC_CCP,sangang,NNC_CCP
12884,Susie|NNP,Susie,NNP
12885,Robby|NNP,Robby,NNP
12886,Napakaganda|VBTS,Napakaganda,VBTS
12887,nagpupulot|VBTR,nagpupulot,VBTR
12888,patpatAng|NNC_CCP,patpatAng,NNC_CCP
12889,pinatutunog|VBTR,pinatutunog,VBTR
12890,Mama|NNP,Mama,NNP
12891,Division|NNP,Division,NNP
12892,제가직접적은이야기로그림까|CDB,제가직접적은이야기로그림까,CDB
12893,SomSi|NNP,SomSi,NNP
12894,write|FW,write,FW
12895,hulog|JJD,hulog,JJD
12896,Maligalig|RBD,Maligalig,RBD
12897,Naagaw|VBTS,Naagaw,VBTS
12898,Mekong|NNP,Mekong,NNP
12899,Kalam|NNC,Kalam,NNC
12900,Titser|NNP,Titser,NNP
12901,nadarama|VBTS,nadarama,VBTS
12902,nawala|VBTS,nawala,VBTS
12903,Paratang|NNC,Paratang,NNC
12904,kuliglig|JJD,kuliglig,JJD
12905,baho|NNC,baho,NNC
12906,Sally|NNP,Sally,NNP
12907,sumimangot|VBAF,sumimangot,VBAF
12908,Talaga|NNP,Talaga,NNP
12909,maranasang|VBW_CCP,maranasang,VBW_CCP
12910,tabing|NNC_CCP,tabing,NNC_CCP
12911,piraso|NNC,piraso,NNC
12912,mineral|NNC,mineral,NNC
12913,nakakatulong|VBTR,nakakatulong,VBTR
12914,kumukanta|VBTR_VBAF,kumukanta,VBTR_VBAF
12915,Pinapayagan|VBTR,Pinapayagan,VBTR
12916,kadaling|JJD_CCP,kadaling,JJD_CCP
12917,Malabar|NNP,Malabar,NNP
12918,안될정도로놀라운힘을갖고있습니다|CDB,안될정도로놀라운힘을갖고있습니다,CDB
12919,pakurba|NNC,pakurba,NNC
12920,donut|NNC,donut,NNC
12921,batiin|VBOF,batiin,VBOF
12922,LIGHT|NNPA,LIGHT,NNPA
12923,basket|FW,basket,FW
12924,Bulalakaw|NNP,Bulalakaw,NNP
12925,Papo|NNP,Papo,NNP
12926,katipunan|NNC,katipunan,NNC
12927,Musuka|NNP,Musuka,NNP
12928,Napakagat|VBTS,Napakagat,VBTS
12929,Grouse|NNP,Grouse,NNP
12930,angnakakaalam|NNC,angnakakaalam,NNC
12931,mabusog|VBW,mabusog,VBW
12932,Tatangkad|NNP,Tatangkad,NNP
12933,ulti|NNC,ulti,NNC
12934,trayanggulong|NNC_CCP,trayanggulong,NNC_CCP
12935,sukat|NNC,sukat,NNC
12936,Tung|FW,Tung,FW
12937,susunod|VBTF,susunod,VBTF
12938,Berdeng|NNP_CCP,Berdeng,NNP_CCP
12939,lutuin|NNC,lutuin,NNC
12940,insekto|NNC,insekto,NNC
12941,nyo|RBI,nyo,RBI
12942,patingnan|VBOF,patingnan,VBOF
12943,nanghuhuli|VBTR,nanghuhuli,VBTR
12944,Nanaginip|VBTR,Nanaginip,VBTR
12945,masayahin|JJD,masayahin,JJD
12946,Magulo|JJD,Magulo,JJD
12947,Naaamoy|NNP,Naaamoy,NNP
12948,rupee|FW,rupee,FW
12949,iniaabot|VBTR,iniaabot,VBTR
12950,kinuwento|VBOF,kinuwento,VBOF
12951,nauuhaw|VBTS,nauuhaw,VBTS
12952,dadalhin|VBTF,dadalhin,VBTF
12953,Kilala|JJD,Kilala,JJD
12954,Kasa|NNP,Kasa,NNP
12955,Uuwi|VBAF,Uuwi,VBAF
12956,laging|RBW_CCP,laging,RBW_CCP
12957,nailathala|VBTS,nailathala,VBTS
12958,Sasabihin|VBTF,Sasabihin,VBTF
12959,Nabuhay|VBTS,Nabuhay,VBTS
12960,Bayan|NNP,Bayan,NNP
12961,Napaka|NNP,Napaka,NNP
12962,paglalagay|NNC,paglalagay,NNC
12963,masasabuyan|VBW,masasabuyan,VBW
12964,kahoy|JJD,kahoy,JJD
12965,tipon|NNC,tipon,NNC
12966,lungkot|NNC,lungkot,NNC
12967,pinakahinog|JJCS_JJD,pinakahinog,JJCS_JJD
12968,pakodas|JJD,pakodas,JJD
12969,Shyam|FW,Shyam,FW
12970,lumiko|VBAF,lumiko,VBAF
12971,kagustuhan|NNC,kagustuhan,NNC
12972,nilalamig|VBTR,nilalamig,VBTR
12973,nakatulog|VBTS,nakatulog,VBTS
12974,Pinakawalan|VBOF,Pinakawalan,VBOF
12975,maghuhukay|VBTF_VBAF,maghuhukay,VBTF_VBAF
12976,hapon|NNC,hapon,NNC
12977,Cardamom|NNP,Cardamom,NNP
12978,biko|JJD,biko,JJD
12979,Lasata|NNP,Lasata,NNP
12980,tila|RBM,tila,RBM
12981,NGIPIN|NNPA,NGIPIN,NNPA
12982,nakapagpapadulas|VBTR,nakapagpapadulas,VBTR
12983,dosas|NNC,dosas,NNC
12984,inahing|VBOF_CCP,inahing,VBOF_CCP
12985,Salaan|NNC,Salaan,NNC
12986,Takang|NNP,Takang,NNP
12987,ibinabaa|VBOF,ibinabaa,VBOF
12988,naganap|VBTS,naganap,VBTS
12989,BUONG|NNPA,BUONG,NNPA
12990,Amay|NNP,Amay,NNP
12991,this|FW,this,FW
12992,Nandi|NNP,Nandi,NNP
12993,.|CDB,.,CDB
12994,김알라글|PMS,김알라글,PMS
12995,uwak|NNC,uwak,NNC
12996,Nanginig|VBTR,Nanginig,VBTR
12997,kambyopaabante|NNC,kambyopaabante,NNC
12998,ipinakita|VBTS,ipinakita,VBTS
12999,Timbangin|VBOF,Timbangin,VBOF
13000,babala|NNC,babala,NNC
13001,salas|NNC,salas,NNC
13002,nagsimula|VBTS,nagsimula,VBTS
13003,tawaging|VBOF,tawaging,VBOF
13004,Culture|NNP,Culture,NNP
13005,Sikawa|NNP,Sikawa,NNP
13006,Binilisan|NNP,Binilisan,NNP
13007,tuwing|RBW,tuwing,RBW
13008,Sali|NNP,Sali,NNP
13009,Bula|NNP,Bula,NNP
13010,ipapakita|VBTF,ipapakita,VBTF
13011,pamangkin|NNC,pamangkin,NNC
13012,tumutuklas|VBTR_VBAF,tumutuklas,VBTR_VBAF
13013,ulilang|NNC_CCP,ulilang,NNC_CCP
13014,airborne|FW,airborne,FW
13015,pinakamatamis|JJCS_JJD,pinakamatamis,JJCS_JJD
13016,Hyderabad|NNP,Hyderabad,NNP
13017,gagawin|VBTF,gagawin,VBTF
13018,Pagpantay|VBW,Pagpantay,VBW
13019,pagmartilyo|NNC,pagmartilyo,NNC
13020,kahel|NNC,kahel,NNC
13021,iabot|JJD,iabot,JJD
13022,puting|JJD_CCP,puting,JJD_CCP
13023,pagbabahagi|NNC,pagbabahagi,NNC
13024,Dahil|CCR,Dahil,CCR
13025,pagkawala|VBW,pagkawala,VBW
13026,bahagyang|JJD_CCP,bahagyang,JJD_CCP
13027,mapulang|JJD_CCP,mapulang,JJD_CCP
13028,magaan|JJD,magaan,JJD
13029,Umikot|NNP,Umikot,NNP
13030,naghihintay|VBTR,naghihintay,VBTR
13031,makalagpas|VBW,makalagpas,VBW
13032,pinakagusto|JJCS_JJD,pinakagusto,JJCS_JJD
13033,Kapag|CCR,Kapag,CCR
13034,bumuhos|VBAF,bumuhos,VBAF
13035,tatawagin|VBTF,tatawagin,VBTF
13036,kalayuan|NNC,kalayuan,NNC
13037,HMM|NNPA,HMM,NNPA
13038,Nagluluto|VBTR,Nagluluto,VBTR
13039,tumatakbong|VBTR_CCP,tumatakbong,VBTR_CCP
13040,Eris|NNP,Eris,NNP
13041,Level|NNP,Level,NNP
13042,kulay|JJD,kulay,JJD
13043,tupi|NNC,tupi,NNC
13044,kinalat|VBOF,kinalat,VBOF
13045,gastusin|VBOF,gastusin,VBOF
13046,Inihahanda|VBTR_VBOF,Inihahanda,VBTR_VBOF
13047,paunang|JJD_CCP,paunang,JJD_CCP
13048,tagagawa|NNC,tagagawa,NNC
13049,makaahon|VBW,makaahon,VBW
13050,hilaw|JJD,hilaw,JJD
13051,pinagtawanan|VBRF,pinagtawanan,VBRF
13052,isang|JJN_CCP,isang,JJN_CCP
13053,iyon|PRO,iyon,PRO
13054,pagbuksan|NNC,pagbuksan,NNC
13055,pusit|NNC,pusit,NNC
13056,hagikgik|NNC,hagikgik,NNC
13057,transportasyon|NNC,transportasyon,NNC
13058,karahasan|NNC,karahasan,NNC
13059,Rosa|NNP,Rosa,NNP
13060,didikit|FW,didikit,FW
13061,Palubog|NNP,Palubog,NNP
13062,Gamit|VBS,Gamit,VBS
13063,sunud|FW,sunud,FW
13064,paglaki|NNC,paglaki,NNC
13065,nagpapaunlad|VBTR,nagpapaunlad,VBTR
13066,Sinilip|VBTS,Sinilip,VBTS
13067,people|FW,people,FW
13068,natunaw|VBTS,natunaw,VBTS
13069,matalik|JJD,matalik,JJD
13070,magsanay|VBW,magsanay,VBW
13071,alon|NNC,alon,NNC
13072,lasa|NNC,lasa,NNC
13073,lalo|JJCC,lalo,JJCC
13074,Nagbibigay|VBTR,Nagbibigay,VBTR
13075,pahiwatig|NNC,pahiwatig,NNC
13076,tirahan|NNC,tirahan,NNC
13077,didiligan|VBOF,didiligan,VBOF
13078,Egyptian|NNP,Egyptian,NNP
13079,Magugulat|VBTF,Magugulat,VBTF
13080,malikhaing|JJD_CCP,malikhaing,JJD_CCP
13081,breeder|FW,breeder,FW
13082,pagtulogPusa|VBW,pagtulogPusa,VBW
13083,Ammu|NNP,Ammu,NNP
13084,linisin|VBOF,linisin,VBOF
13085,Tuyo|NNP,Tuyo,NNP
13086,nagmamahal|VBTR,nagmamahal,VBTR
13087,tablet|NNC,tablet,NNC
13088,tutuusin|VBTF,tutuusin,VBTF
13089,Sasayaw|RBD,Sasayaw,RBD
13090,makapangyarihan|JJD,makapangyarihan,JJD
13091,Asog|NNP,Asog,NNP
13092,Magtutulungan|VBTF,Magtutulungan,VBTF
13093,latigo|NNC,latigo,NNC
13094,makitang|VBW_CCP,makitang,VBW_CCP
13095,Oops|NNP,Oops,NNP
13096,matalino|JJD,matalino,JJD
13097,pinagtasahan|VBTR_VBRF,pinagtasahan,VBTR_VBRF
13098,eroplanong|NNC_CCP,eroplanong,NNC_CCP
13099,baga|NNC,baga,NNC
13100,lumiliit|VBTR_VBAF,lumiliit,VBTR_VBAF
13101,nakatago|VBTS,nakatago,VBTS
13102,court|FW,court,FW
13103,reasonable|FW,reasonable,FW
13104,rekord|NNC,rekord,NNC
13105,has|FW,has,FW
13106,Binabantayan|VBTR,Binabantayan,VBTR
13107,Bulate|NNP,Bulate,NNP
13108,táyong|PRO_CCP,táyong,PRO_CCP
13109,basag|NNC,basag,NNC
13110,buhol|NNC,buhol,NNC
13111,binuksan|VBOF,binuksan,VBOF
13112,Tinuro|VBTS,Tinuro,VBTS
13113,Dibuhista|NNP,Dibuhista,NNP
13114,pabango|NNC,pabango,NNC
13115,Pumuntang|NNP_CCP,Pumuntang,NNP_CCP
13116,Parsela|NNP,Parsela,NNP
13117,klasrum|NNC,klasrum,NNC
13118,is|FW,is,FW
13119,enerhiya|NNC,enerhiya,NNC
13120,Dati|RBW,Dati,RBW
13121,silá|NNC,silá,NNC
13122,Nahirapang|RBD_CCP,Nahirapang,RBD_CCP
13123,Blap|NNP,Blap,NNP
13124,Redwood|NNP,Redwood,NNP
13125,Delahaye|NNP,Delahaye,NNP
13126,sinusubukan|RBD,sinusubukan,RBD
13127,Pininturahan|VBOF,Pininturahan,VBOF
13128,punoAng|NNC_CCP,punoAng,NNC_CCP
13129,toyo|NNC,toyo,NNC
13130,Tumuka|NNP,Tumuka,NNP
13131,Wonderful|NNP,Wonderful,NNP
13132,Paruparó|NNP,Paruparó,NNP
13133,Tape|NNP,Tape,NNP
13134,batik|NNC,batik,NNC
13135,kalabog|NNC,kalabog,NNC
13136,Nagtagumpay|VBTS,Nagtagumpay,VBTS
13137,tatlongng|NNC_CCP,tatlongng,NNC_CCP
13138,estranghero|NNC,estranghero,NNC
13139,Inampon|VBOF,Inampon,VBOF
13140,maaari|VBS,maaari,VBS
13141,Pinapagaspas|VBTR,Pinapagaspas,VBTR
13142,Rohingya|NNC,Rohingya,NNC
13143,Sajanaa|NNP,Sajanaa,NNP
13144,nangangamot|VBTR,nangangamot,VBTR
13145,magtutupi|VBAF,magtutupi,VBAF
13146,Sequential|NNP,Sequential,NNP
13147,Panghuhuli|NNP,Panghuhuli,NNP
13148,Labas|NNP,Labas,NNP
13149,Pagod|NNC,Pagod,NNC
13150,pupuntahan|RBD_CCP,pupuntahan,RBD_CCP
13151,Translation|FW,Translation,FW
13152,daloy|NNC,daloy,NNC
13153,Pinanood|VBOF,Pinanood,VBOF
13154,galing|NNC,galing,NNC
13155,Masiglang|RBD_CCP,Masiglang,RBD_CCP
13156,isinuksok|NNC,isinuksok,NNC
13157,kinakamot|VBTR,kinakamot,VBTR
13158,mayabang|JJD_CCP,mayabang,JJD_CCP
13159,namula|VBTS,namula,VBTS
13160,Noura|NNP,Noura,NNP
13161,pagbubukas|NNC,pagbubukas,NNC
13162,Ahhhhhh|NNP,Ahhhhhh,NNP
13163,Nakinig|RBD,Nakinig,RBD
13164,kumakawag|VBAF,kumakawag,VBAF
13165,binisita|VBOF,binisita,VBOF
13166,nanunukso|VBTS,nanunukso,VBTS
13167,malulutong|JJD,malulutong,JJD
13168,Estados|NNP,Estados,NNP
13169,pumapaswit|VBTR_VBAF,pumapaswit,VBTR_VBAF
13170,Umakyat|VBAF,Umakyat,VBAF
13171,sinagot|VBTS,sinagot,VBTS
13172,Kinawayan|NNP,Kinawayan,NNP
13173,nátirá|NNC,nátirá,NNC
13174,Fund|NNP,Fund,NNP
13175,una|CDB,una,CDB
13176,Nagkatampohan|VBTS,Nagkatampohan,VBTS
13177,putyukan|NNC,putyukan,NNC
13178,sabaypaalam|RBD,sabaypaalam,RBD
13179,bahaghari|NNC,bahaghari,NNC
13180,Salansan|NNP,Salansan,NNP
13181,kapanapanabik|NNC,kapanapanabik,NNC
13182,left|FW,left,FW
13183,Tandaan|VBOF,Tandaan,VBOF
13184,nagsisigaw|VBTS,nagsisigaw,VBTS
13185,Sinira|VBOF,Sinira,VBOF
13186,bunton|NNC,bunton,NNC
13187,buhok|NNC,buhok,NNC
13188,akin|PRSP,akin,PRSP
13189,Nangitlog|VBTS,Nangitlog,VBTS
13190,senyales|NNC,senyales,NNC
13191,Sharareh|FW,Sharareh,FW
13192,nakatawang|VBTR_CCP,nakatawang,VBTR_CCP
13193,everyone|FW,everyone,FW
13194,Abalang|NNC_CCP,Abalang,NNC_CCP
13195,ngayon|RBW,ngayon,RBW
13196,mesa|FW,mesa,FW
13197,Mabula|NNP,Mabula,NNP
13198,location|FW,location,FW
13199,nagbibilang|VBTR,nagbibilang,VBTR
13200,gilid|NNC,gilid,NNC
13201,kassma|VBOF,kassma,VBOF
13202,Pulang|NNP_CCP,Pulang,NNP_CCP
13203,18thong|CDB,18thong,CDB
13204,solution|FW,solution,FW
13205,natatapos|VBTR,natatapos,VBTR
13206,tinakot|VBOF,tinakot,VBOF
13207,Pinakinggan|JJCS_JJD,Pinakinggan,JJCS_JJD
13208,ilang|PRI_CCP,ilang,PRI_CCP
13209,Sisikat|NNP,Sisikat,NNP
13210,gumawa|VBAF,gumawa,VBAF
13211,light|FW,light,FW
13212,Kumbi|NNP,Kumbi,NNP
13213,ngpagdiriwang|NNC,ngpagdiriwang,NNC
13214,tsp|FW,tsp,FW
13215,nakakalangoy|VBTR,nakakalangoy,VBTR
13216,clown|FW,clown,FW
13217,Setyembre|NNP,Setyembre,NNP
13218,kailaliman|NNC,kailaliman,NNC
13219,humahaba|VBTR_VBAF,humahaba,VBTR_VBAF
13220,Yehey|NNP,Yehey,NNP
13221,Natin|NNP,Natin,NNP
13222,Noy|NNP,Noy,NNP
13223,patingkayad|RBD,patingkayad,RBD
13224,paalis|JJD,paalis,JJD
13225,magtapon|VBW,magtapon,VBW
13226,Sumenyas|NNP,Sumenyas,NNP
13227,kampo|NNC,kampo,NNC
13228,gamutin|VBOF,gamutin,VBOF
13229,kawal|NNC,kawal,NNC
13230,nagtataguyod|VBTR,nagtataguyod,VBTR
13231,estima|NNC,estima,NNC
13232,makarating|VBW,makarating,VBW
13233,Hmm|NNP,Hmm,NNP
13234,pagganap|NNC,pagganap,NNC
13235,gawaing|NNC_CCP,gawaing,NNC_CCP
13236,Itlog|NNC,Itlog,NNC
13237,kinuskos|VBOF,kinuskos,VBOF
13238,pursigidong|RBD_CCP,pursigidong,RBD_CCP
13239,Academy|NNP,Academy,NNP
13240,Www|NNP,Www,NNP
13241,pinanggagalingan|VBTR,pinanggagalingan,VBTR
13242,Mangal|NNP,Mangal,NNP
13243,Tigre|NNC,Tigre,NNC
13244,Mabuhay|VBW,Mabuhay,VBW
13245,ItlogMinsan|NNC,ItlogMinsan,NNC
13246,Tulong|NNC,Tulong,NNC
13247,tingnan|VBOF,tingnan,VBOF
13248,binago|VBOF,binago,VBOF
13249,Lilly|FW,Lilly,FW
13250,palahayupan|JJD,palahayupan,JJD
13251,sailalim|JJD,sailalim,JJD
13252,Sinaktan|VBOF,Sinaktan,VBOF
13253,pamayanan|NNC,pamayanan,NNC
13254,nagngangalang|VBTR_CCP,nagngangalang,VBTR_CCP
13255,lalakihan|NNC,lalakihan,NNC
13256,runs|FW,runs,FW
13257,Uh-oh|NNP,Uh-oh,NNP
13258,nakakaipon|VBTR,nakakaipon,VBTR
13259,ipinipinta|VBOF,ipinipinta,VBOF
13260,kabasa|NNC,kabasa,NNC
13261,Tumakas|VBAF,Tumakas,VBAF
13262,Ulap|NNC,Ulap,NNC
13263,Patunugin|RBD,Patunugin,RBD
13264,tape|FW,tape,FW
13265,pinapaluto|VBTR,pinapaluto,VBTR
13266,mabilis|JJD,mabilis,JJD
13267,grrr|FW,grrr,FW
13268,Habang|RBW,Habang,RBW
13269,nilulusob|VBTS,nilulusob,VBTS
13270,Tagu|NNP,Tagu,NNP
13271,kahon|NNC,kahon,NNC
13272,isinuot|VBTS,isinuot,VBTS
13273,Tinapik|VBTS,Tinapik,VBTS
13274,pagbato|NNC,pagbato,NNC
13275,Pumasok|VBAF,Pumasok,VBAF
13276,sisiguraduhin|VBTF,sisiguraduhin,VBTF
13277,itinuring|VBTS,itinuring,VBTS
13278,"""|PMS","""",PMS
13279,Baishakh|NNP,Baishakh,NNP
13280,Handang|RBD_CCP,Handang,RBD_CCP
13281,ipinagmamalaki|VBTS,ipinagmamalaki,VBTS
13282,walo|JJN,walo,JJN
13283,hiniwa|FW,hiniwa,FW
13284,kapahamakan|NNC,kapahamakan,NNC
13285,hinila|VBTS,hinila,VBTS
13286,Uwak|NNP,Uwak,NNP
13287,mailathala|VBW,mailathala,VBW
13288,pangangalaga|NNC,pangangalaga,NNC
13289,takbo|NNC,takbo,NNC
13290,Nakikipaglaro|VBTS,Nakikipaglaro,VBTS
13291,napakataas|JJCS_JJD,napakataas,JJCS_JJD
13292,Napakalayo|VBTS,Napakalayo,VBTS
13293,program|NNC,program,NNC
13294,masasabi|VBTF,masasabi,VBTF
13295,Nagtatalo|VBTR,Nagtatalo,VBTR
13296,panulat.klik|NNC,panulat.klik,NNC
13297,nagkita|VBTS,nagkita,VBTS
13298,accessed|FW,accessed,FW
13299,Asyang|NNP,Asyang,NNP
13300,plano|NNC,plano,NNC
13301,inilalapit|VBTS,inilalapit,VBTS
13302,kanyangmga|NNC,kanyangmga,NNC
13303,Pataas|NNP,Pataas,NNP
13304,prices|FW,prices,FW
13305,mapaminsalang|VBW_CCP,mapaminsalang,VBW_CCP
13306,magbasaSubali|VBW,magbasaSubali,VBW
13307,zebra|FW,zebra,FW
13308,Gutom|NNP,Gutom,NNP
13309,patimpalak|NNC,patimpalak,NNC
13310,piko|NNC,piko,NNC
13311,mayâ|FW,mayâ,FW
13312,babayaran|VBTF,babayaran,VBTF
13313,slates|FW,slates,FW
13314,kakahoyan|NNC,kakahoyan,NNC
13315,biryani|NNC,biryani,NNC
13316,3Dcrafts|CDB,3Dcrafts,CDB
13317,Benepisyo|NNP,Benepisyo,NNP
13318,natahimik|VBTR,natahimik,VBTR
13319,tinapalan|VBTS,tinapalan,VBTS
13320,museo|NNC,museo,NNC
13321,Binubusog|VBTR,Binubusog,VBTR
13322,song|FW,song,FW
13323,Tawagin|VBTF_VBOF,Tawagin,VBTF_VBOF
13324,napawi|VBTS,napawi,VBTS
13325,lapad|NNC,lapad,NNC
13326,download|NNC,download,NNC
13327,paboriton|NNC,paboriton,NNC
13328,pagka|NNC,pagka,NNC
13329,driver|FW,driver,FW
13330,Nakuha|VBTS,Nakuha,VBTS
13331,sarangggola|NNC,sarangggola,NNC
13332,Naaksidente|VBTS,Naaksidente,VBTS
13333,ka|PRS,ka,PRS
13334,nagre|VBTS,nagre,VBTS
13335,pong|NNC,pong,NNC
13336,sabay|VBW,sabay,VBW
13337,pinapasan|VBTR,pinapasan,VBTR
13338,bola|NNC,bola,NNC
13339,isusuot|VBTF,isusuot,VBTF
13340,makapipigil|VBW,makapipigil,VBW
13341,putbol|NNC,putbol,NNC
13342,FZ|NNPA,FZ,NNPA
13343,pagta|NNC,pagta,NNC
13344,Basta|CCT,Basta,CCT
13345,Jaggu|NNP,Jaggu,NNP
13346,work|FW,work,FW
13347,humihiyaw|VBTR_VBAF,humihiyaw,VBTR_VBAF
13348,ospital|NNC,ospital,NNC
13349,nagigi|VBTS,nagigi,VBTS
13350,loloni|FW,loloni,FW
13351,posibleng|RBT_CCP,posibleng,RBT_CCP
13352,seresa|FW,seresa,FW
13353,Tinku|NNP,Tinku,NNP
13354,Sainabi|FW,Sainabi,FW
13355,Kinukutya|VBTS,Kinukutya,VBTS
13356,estante|NNC,estante,NNC
13357,maligona|JJD,maligona,JJD
13358,dalawin|VBOF,dalawin,VBOF
13359,kaunlaran|NNC,kaunlaran,NNC
13360,Putu|NNP,Putu,NNP
13361,kukulayan|NNC,kukulayan,NNC
13362,National|NNP,National,NNP
13363,banga|NNC,banga,NNC
13364,nananahan|VBTR,nananahan,VBTR
13365,Tinanaw|VBTS,Tinanaw,VBTS
13366,Nakarating|VBTS,Nakarating,VBTS
13367,winasto|VBTS_VBOF,winasto,VBTS_VBOF
13368,Tintin|NNP,Tintin,NNP
13369,binibigay|VBTR,binibigay,VBTR
13370,Anak|NNP,Anak,NNP
13371,pagpapagawaan|NNC,pagpapagawaan,NNC
13372,GiaoChi|NNP,GiaoChi,NNP
13373,Napasimangot|VBTS,Napasimangot,VBTS
13374,GRRRRR|NNPA,GRRRRR,NNPA
13375,Fine|NNP,Fine,NNP
13376,matapang|RBD,matapang,RBD
13377,pangkat|NNC,pangkat,NNC
13378,nailulunsad|VBTS,nailulunsad,VBTS
13379,matakot|VBW,matakot,VBW
13380,Pato|NNP,Pato,NNP
13381,kaaliw|CCB,kaaliw,CCB
13382,medium|FW,medium,FW
13383,nagtataka|VBTR,nagtataka,VBTR
13384,puwet|NNC,puwet,NNC
13385,Sira|JJD,Sira,JJD
13386,nadaig|VBTS,nadaig,VBTS
13387,Yumuko|NNP,Yumuko,NNP
13388,any|FW,any,FW
13389,Asia|NNP,Asia,NNP
13390,animal|FW,animal,FW
13391,kalagitnaan|RBW,kalagitnaan,RBW
13392,ata|NNC,ata,NNC
13393,pagdadalawang|NNC,pagdadalawang,NNC
13394,Gininaw|NNP,Gininaw,NNP
13395,Naiwang|RBD_CCP,Naiwang,RBD_CCP
13396,binabaha|VBTR,binabaha,VBTR
13397,kapanganakan|NNC,kapanganakan,NNC
13398,nagkasundo|VBTS,nagkasundo,VBTS
13399,Sumingit|VBAF,Sumingit,VBAF
13400,musikerong|NNC_CCP,musikerong,NNC_CCP
13401,kunware|FW,kunware,FW
13402,iisa|PRI,iisa,PRI
13403,pagbabago|NNC,pagbabago,NNC
13404,Napaganda|VBTS,Napaganda,VBTS
13405,그것도아직서투른한국어로글쓰기를했으니참|CDB,그것도아직서투른한국어로글쓰기를했으니참,CDB
13406,warrior|FW,warrior,FW
13407,eksaktong|JJD_CCP,eksaktong,JJD_CCP
13408,sumipol|VBAF,sumipol,VBAF
13409,Tip|NNP,Tip,NNP
13410,Inayos|VBTS,Inayos,VBTS
13411,aling|PRQ_CCP,aling,PRQ_CCP
13412,sira|NNC,sira,NNC
13413,nanginig|VBTS,nanginig,VBTS
13414,Templo|NNP,Templo,NNP
13415,nagtapon|VBTS,nagtapon,VBTS
13416,lumilipas|VBTR,lumilipas,VBTR
13417,pinakbet|FW,pinakbet,FW
13418,hawak|JJD,hawak,JJD
13419,nakaraan|JJD,nakaraan,JJD
13420,kakayanan|NNC,kakayanan,NNC
13421,magbuo|VBW,magbuo,VBW
13422,Binili|VBOF,Binili,VBOF
13423,lupa|NNC,lupa,NNC
13424,pangunguna|NNC,pangunguna,NNC
13425,PAGMIMINA|NNP,PAGMIMINA,NNP
13426,sigurong|NNC_CCP,sigurong,NNC_CCP
13427,Napanood|VBTS,Napanood,VBTS
13428,Cling|NNP,Cling,NNP
13429,StichtingThangwho|FW,StichtingThangwho,FW
13430,tropeyo|NNC,tropeyo,NNC
13431,maipadala|VBW,maipadala,VBW
13432,Nalungkot|VBTS,Nalungkot,VBTS
13433,tig|NNC,tig,NNC
13434,processor|FW,processor,FW
13435,Nawa|NNP,Nawa,NNP
13436,pamumuhay|NNC,pamumuhay,NNC
13437,Pasensya|NNC,Pasensya,NNC
13438,Kaibigan|NNP,Kaibigan,NNP
13439,pailalim|JJD,pailalim,JJD
13440,mapapanatili|VBTF,mapapanatili,VBTF
13441,artikulo|NNC,artikulo,NNC
13442,mabahong|JJD_CCP,mabahong,JJD_CCP
13443,makagalaw|JJD,makagalaw,JJD
13444,bilog|JJD,bilog,JJD
13445,ships|FW,ships,FW
13446,karaming|JJD_CCP,karaming,JJD_CCP
13447,pamimitas|NNC,pamimitas,NNC
13448,Kamusta|NNP,Kamusta,NNP
13449,Maligaya|NNP,Maligaya,NNP
13450,hinimas|VBOF,hinimas,VBOF
13451,Children.org.uk|FW,Children.org.uk,FW
13452,into|NNC,into,NNC
13453,sumikad|VBAF,sumikad,VBAF
13454,pagbi|NNC,pagbi,NNC
13455,nun|FW,nun,FW
13456,ibinabalik|VBTR,ibinabalik,VBTR
13457,texture|FW,texture,FW
13458,sapá|NNC,sapá,NNC
13459,mong|PRS_CCP,mong,PRS_CCP
13460,mgaantas|NNC,mgaantas,NNC
13461,implemented|FW,implemented,FW
13462,Napakasayang|NNP_CCP,Napakasayang,NNP_CCP
13463,naiiba|VBTR,naiiba,VBTR
13464,sakin|RBI,sakin,RBI
13465,CLICKETY|NNPA,CLICKETY,NNPA
13466,nagpalamig|VBTS,nagpalamig,VBTS
13467,nasilayan|VBTS,nasilayan,VBTS
13468,pagkuhaan|NNC,pagkuhaan,NNC
13469,Ay|FW,Ay,FW
13470,tigre|NNC,tigre,NNC
13471,silid|NNC,silid,NNC
13472,Papunta|VBW,Papunta,VBW
13473,nakalabas|VBTS,nakalabas,VBTS
13474,galingsa|FW,galingsa,FW
13475,Katiyakan|NNP,Katiyakan,NNP
13476,her|FW,her,FW
13477,mabisita|VBW,mabisita,VBW
13478,malalayo|JJD,malalayo,JJD
13479,sampaguita|NNC,sampaguita,NNC
13480,nakalaan|VBTS,nakalaan,VBTS
13481,Ha|FW,Ha,FW
13482,Marangal|RBD,Marangal,RBD
13483,Ncede|NNP,Ncede,NNP
13484,kinakatakutan|VBTR,kinakatakutan,VBTR
13485,makalikha|VBW,makalikha,VBW
13486,aabot|VBTF,aabot,VBTF
13487,bendahe|NNC,bendahe,NNC
13488,unahing|VBOF_CCP,unahing,VBOF_CCP
13489,paglimbag|NNC,paglimbag,NNC
13490,sumikat|VBAF,sumikat,VBAF
13491,corn|FW,corn,FW
13492,pulang|JJD_CCP,pulang,JJD_CCP
13493,nakita|VBTS,nakita,VBTS
13494,kolay|NNC,kolay,NNC
13495,do|NNCA,do,NNCA
13496,naoobserbahan|VBTR,naoobserbahan,VBTR
13497,Tinik|NNP,Tinik,NNP
13498,saad|JJD,saad,JJD
13499,nagtatapon|VBTR,nagtatapon,VBTR
13500,paggamit|VBW,paggamit,VBW
13501,Simple|JJD,Simple,JJD
13502,Ayokong|NNP_CCP,Ayokong,NNP_CCP
13503,naabutan|VBTR,naabutan,VBTR
13504,pupulutin|VBTF,pupulutin,VBTF
13505,ikinokonsiderang|RBD_CCP,ikinokonsiderang,RBD_CCP
13506,Elementary|NNP,Elementary,NNP
13507,bibitaw|VBTF,bibitaw,VBTF
13508,yinakap|VBTS_VBOF,yinakap,VBTS_VBOF
13509,NGO|NNPA,NGO,NNPA
13510,Nakakadiri|VBTR,Nakakadiri,VBTR
13511,www.mindheart.co/descargables|FW,www.mindheart.co/descargables,FW
13512,sabayngiti|NNC,sabayngiti,NNC
13513,madaling|JJD_CCP,madaling,JJD_CCP
13514,kagagawan|NNC,kagagawan,NNC
13515,Tamang|NNC,Tamang,NNC
13516,sakayang|JJD_CCP,sakayang,JJD_CCP
13517,xa|NNCA,xa,NNCA
13518,His|NNP,His,NNP
13519,Makasasama|VBTF,Makasasama,VBTF
13520,kumikintab|VBTR_VBAF,kumikintab,VBTR_VBAF
13521,pagbukas|NNC,pagbukas,NNC
13522,Lilinisin|VBTF,Lilinisin,VBTF
13523,balang|JJD_CCP,balang,JJD_CCP
13524,pagpapatalbog|NNC,pagpapatalbog,NNC
13525,kuweba|NNC,kuweba,NNC
13526,binabad|VBOF,binabad,VBOF
13527,songs|FW,songs,FW
13528,Nilukot|VBTS,Nilukot,VBTS
13529,pababayaan|NNC,pababayaan,NNC
13530,payak|JJD,payak,JJD
13531,Lumundag|VBAF,Lumundag,VBAF
13532,pangkwento|NNC,pangkwento,NNC
13533,liban|NNC,liban,NNC
13534,Nangako|VBTS,Nangako,VBTS
13535,Papalubog|NNP,Papalubog,NNP
13536,Dumiretso|VBAF,Dumiretso,VBAF
13537,nangumalis|VBTR,nangumalis,VBTR
13538,nananabik|VBTR,nananabik,VBTR
13539,batubato|NNC,batubato,NNC
13540,Natuyo|VBTS,Natuyo,VBTS
13541,tiyak|RBT,tiyak,RBT
13542,kinontrol|VBOF,kinontrol,VBOF
13543,Napapanatili|VBTR,Napapanatili,VBTR
13544,tumataas|VBTR_VBAF,tumataas,VBTR_VBAF
13545,ngama|NNC,ngama,NNC
13546,hinampas|VBTS,hinampas,VBTS
13547,magnanay|VBAF,magnanay,VBAF
13548,Inililibot|VBTR,Inililibot,VBTR
13549,dinamidami|VBTR,dinamidami,VBTR
13550,Bundok|NNP,Bundok,NNP
13551,nagtatanong|VBTR,nagtatanong,VBTR
13552,sinoman|VBTS,sinoman,VBTS
13553,isinagawa|VBTS,isinagawa,VBTS
13554,obrang|NNC_CCP,obrang,NNC_CCP
13555,pagmamahal|NNC,pagmamahal,NNC
13556,using|FW,using,FW
13557,binubura|VBTR,binubura,VBTR
13558,Manunulat|NNC,Manunulat,NNC
13559,sumingaw|VBAF,sumingaw,VBAF
13560,kawan|NNC,kawan,NNC
13561,paalala|NNC,paalala,NNC
13562,Nakalaanang|VBTS,Nakalaanang,VBTS
13563,Magtatagumpay|VBTF,Magtatagumpay,VBTF
13564,eensayo|NNC,eensayo,NNC
13565,samang|PRI_CCP,samang,PRI_CCP
13566,sundan|VBOF,sundan,VBOF
13567,cambodia|FW,cambodia,FW
13568,Seas|NNP,Seas,NNP
13569,Tina|NNP,Tina,NNP
13570,sumusuko|VBTR_VBAF,sumusuko,VBTR_VBAF
13571,Punan|VBOF,Punan,VBOF
13572,lakiay|NNC,lakiay,NNC
13573,이야기를읽는독자들에게는캄보디아의이야기|FW,이야기를읽는독자들에게는캄보디아의이야기,FW
13574,Magtago|VBAF,Magtago,VBAF
13575,sandaling|RBW_CCP,sandaling,RBW_CCP
13576,kanino|PRQ,kanino,PRQ
13577,bumulwak|VBTR_VBAF,bumulwak,VBTR_VBAF
13578,Pebrero|NNP,Pebrero,NNP
13579,Nawalan|VBTS,Nawalan,VBTS
13580,power|FW,power,FW
13581,napangitina|VBTS,napangitina,VBTS
13582,mamasyal|VBW,mamasyal,VBW
13583,punta|NNC,punta,NNC
13584,pagkahilo|NNC,pagkahilo,NNC
13585,Pagtago|NNP,Pagtago,NNP
13586,many|FW,many,FW
13587,kumuwak|VBAF,kumuwak,VBAF
13588,sumugod|VBAF,sumugod,VBAF
13589,mura|JJD,mura,JJD
13590,bibigat|FW,bibigat,FW
13591,kagana|NNC,kagana,NNC
13592,Minamahal|VBTR,Minamahal,VBTR
13593,klaseng|NNC_CCP,klaseng,NNC_CCP
13594,pasasalamat|RBS,pasasalamat,RBS
13595,ibinilad|VBOF,ibinilad,VBOF
13596,magkita|VBW,magkita,VBW
13597,Elepanteng|NNP_CCP,Elepanteng,NNP_CCP
13598,500at|CDB,500at,CDB
13599,Tharul|NNP,Tharul,NNP
13600,tokayo|NNC,tokayo,NNC
13601,producing|FW,producing,FW
13602,de-bateryang|JJD_CCP,de-bateryang,JJD_CCP
13603,napara|VBTS,napara,VBTS
13604,Kinakailangan|VBTR_VBOF,Kinakailangan,VBTR_VBOF
13605,Mamatay|VBW,Mamatay,VBW
13606,Hingal|NNP,Hingal,NNP
13607,natisod|VBTS,natisod,VBTS
13608,Muning|NNP,Muning,NNP
13609,retrato|NNC,retrato,NNC
13610,nars|NNC,nars,NNC
13611,Keo|NNP,Keo,NNP
13612,Pransya|NNP,Pransya,NNP
13613,napakatalino|JJCS_JJD,napakatalino,JJCS_JJD
13614,Kwak|NNP,Kwak,NNP
13615,makatakbo|VBW,makatakbo,VBW
13616,prito|NNC,prito,NNC
13617,Dara|NNP,Dara,NNP
13618,anong|PRQ_CCP,anong,PRQ_CCP
13619,Bakasyon|NNP,Bakasyon,NNP
13620,Bumuti|VBAF,Bumuti,VBAF
13621,ginugol|VBTS,ginugol,VBTS
13622,nasugatan|VBTS,nasugatan,VBTS
13623,program|FW,program,FW
13624,inahin|NNC,inahin,NNC
13625,nagkakagulo|VBTR,nagkakagulo,VBTR
13626,indayog|NNC,indayog,NNC
13627,babasaging|NNC_CCP,babasaging,NNC_CCP
13628,pungas|NNC,pungas,NNC
13629,pamasok|NNC,pamasok,NNC
13630,dilim|NNC,dilim,NNC
13631,tawanan|NNC,tawanan,NNC
13632,mahaba|JJD,mahaba,JJD
13633,arawApat|FW,arawApat,FW
13634,Golu|NNP,Golu,NNP
13635,mangolekta|VBW,mangolekta,VBW
13636,lumulukso|VBTR_VBAF,lumulukso,VBTR_VBAF
13637,nakatutuwang|JJD_CCP,nakatutuwang,JJD_CCP
13638,baul|NNC,baul,NNC
13639,napipili|VBTR,napipili,VBTR
13640,nagmamalaki|VBTR,nagmamalaki,VBTR
13641,pagsulong|NNC,pagsulong,NNC
13642,oso|NNC,oso,NNC
13643,sapin|NNC,sapin,NNC
13644,paglipas|NNC,paglipas,NNC
13645,Nakatutuwa|VBTS,Nakatutuwa,VBTS
13646,dakilang|JJD_CCP,dakilang,JJD_CCP
13647,Kale|FW,Kale,FW
13648,Mt.|NNPA,Mt.,NNPA
13649,Pinulong|VBOF,Pinulong,VBOF
13650,Nalalapit|VBTR,Nalalapit,VBTR
13651,ipinamigay|VBTS,ipinamigay,VBTS
13652,inihayag|VBTS,inihayag,VBTS
13653,tanghalian|FW,tanghalian,FW
13654,Merong|VBH_CCP,Merong,VBH_CCP
13655,napakabagal|JJCS_JJD,napakabagal,JJCS_JJD
13656,inaalala|VBTR,inaalala,VBTR
13657,nakapunta|VBTS,nakapunta,VBTS
13658,Siyentista|NNP,Siyentista,NNP
13659,pagbigkas|NNC,pagbigkas,NNC
13660,Tiyahin|NNC,Tiyahin,NNC
13661,Maliliit|JJD,Maliliit,JJD
13662,magmadali|VBAF,magmadali,VBAF
13663,kuwak|NNC,kuwak,NNC
13664,balumbon|NNC,balumbon,NNC
13665,daang|JJN_CCP,daang,JJN_CCP
13666,kuneho|NNC,kuneho,NNC
13667,representasyon|NNC,representasyon,NNC
13668,Tuta|NNC,Tuta,NNC
13669,kakok|JJD,kakok,JJD
13670,ipamamahagi|VBTF,ipamamahagi,VBTF
13671,akit|JJD,akit,JJD
13672,Nasorpresa|VBTS,Nasorpresa,VBTS
13673,Skreeek|NNP,Skreeek,NNP
13674,agad|RBW,agad,RBW
13675,nagsisinungaling|VBTR,nagsisinungaling,VBTR
13676,engine|FW,engine,FW
13677,napulot|VBTS,napulot,VBTS
13678,Nagsukat|VBTS,Nagsukat,VBTS
13679,Magkulong|VBW,Magkulong,VBW
13680,kasalukuyan|RBW,kasalukuyan,RBW
13681,naiiyak|VBTR,naiiyak,VBTR
13682,Maganda|JJD,Maganda,JJD
13683,nagsayawan|VBTR,nagsayawan,VBTR
13684,Bonta|NNP,Bonta,NNP
13685,Giselle|NNP,Giselle,NNP
13686,hos|FW,hos,FW
13687,nakatayo|RBD,nakatayo,RBD
13688,Nagtinginan|VBTR,Nagtinginan,VBTR
13689,nagbubuga|VBTS,nagbubuga,VBTS
13690,AnaBiglang|NNP,AnaBiglang,NNP
13691,makakalimutin|VBTF,makakalimutin,VBTF
13692,Teksto|NNC,Teksto,NNC
13693,makalakag|VBW,makalakag,VBW
13694,malapitan|RBD,malapitan,RBD
13695,sinusuwerte|VBTR,sinusuwerte,VBTR
13696,makatanggap|VBW,makatanggap,VBW
13697,mapagmalaki|VBW,mapagmalaki,VBW
13698,basta|CCT,basta,CCT
13699,bigla|JJD,bigla,JJD
13700,Nahuhulog|VBTR,Nahuhulog,VBTR
13701,pasulong|NNC,pasulong,NNC
13702,yari|VBS,yari,VBS
13703,Nilagyan|VBTS,Nilagyan,VBTS
13704,kulungan|NNC,kulungan,NNC
13705,nagsidatingan|VBTS,nagsidatingan,VBTS
13706,temperatura|NNC,temperatura,NNC
13707,iniwan|VBOF,iniwan,VBOF
13708,Darshanang|NNP,Darshanang,NNP
13709,itago|VBOF,itago,VBOF
13710,our|FW,our,FW
13711,maglimlim|VBW,maglimlim,VBW
13712,Purnadevi|NNP,Purnadevi,NNP
13713,Cana|NNP,Cana,NNP
13714,Choru|NNP,Choru,NNP
13715,matandang|JJD_CCP,matandang,JJD_CCP
13716,bukang|NNC_CCP,bukang,NNC_CCP
13717,Congratulations|NNP,Congratulations,NNP
13718,Srijanalaya|NNP,Srijanalaya,NNP
13719,pinagtatawanan|VBTR_VBRF,pinagtatawanan,VBTR_VBRF
13720,natimbang|VBTS,natimbang,VBTS
13721,pagyanig|VBW,pagyanig,VBW
13722,mahabol|VBW,mahabol,VBW
13723,paglagay|VBW,paglagay,VBW
13724,lubusang|RBD_CCP,lubusang,RBD_CCP
13725,Nadamay|NNP,Nadamay,NNP
13726,tanaw|NNC,tanaw,NNC
13727,Nanlumo|VBTS,Nanlumo,VBTS
13728,Tuntun|NNP,Tuntun,NNP
13729,Humikab|NNP,Humikab,NNP
13730,pinangarap|VBTR,pinangarap,VBTR
13731,Nasira|VBTS,Nasira,VBTS
13732,haaa|FW,haaa,FW
13733,hiwain|VBOF,hiwain,VBOF
13734,your|FW,your,FW
13735,lawa|NNC,lawa,NNC
13736,dumaragdag|VBTR_VBAF,dumaragdag,VBTR_VBAF
13737,naku|VBTS,naku,VBTS
13738,Hulaan|VBAF,Hulaan,VBAF
13739,Nagtatakang|RBD_CCP,Nagtatakang,RBD_CCP
13740,mabibilog|JJD,mabibilog,JJD
13741,pumulupot|VBTR_VBAF,pumulupot,VBTR_VBAF
13742,Vicky|NNP,Vicky,NNP
13743,pinagalitan|VBRF,pinagalitan,VBRF
13744,tawang|NNC_CCP,tawang,NNC_CCP
13745,makakaipon|VBTF,makakaipon,VBTF
13746,underestimate|FW,underestimate,FW
13747,Lauder|FW,Lauder,FW
13748,madiin|VBW,madiin,VBW
13749,Kayanating|NNP,Kayanating,NNP
13750,Kailan|PRI,Kailan,PRI
13751,basket|NNC,basket,NNC
13752,Isarog|NNP,Isarog,NNP
13753,isinabit|VBTS,isinabit,VBTS
13754,Basang|JJD_CCP,Basang,JJD_CCP
13755,writing|FW,writing,FW
13756,Rumi|NNP,Rumi,NNP
13757,tumawid|VBTS_VBAF,tumawid,VBTS_VBAF
13758,Kumanta|VBAF,Kumanta,VBAF
13759,reprints|FW,reprints,FW
13760,pagsagwan|NNC,pagsagwan,NNC
13761,Storyweaver|NNP,Storyweaver,NNP
13762,는것을아주좋아합니다|NNC,는것을아주좋아합니다,NNC
13763,Mixed|NNP,Mixed,NNP
13764,Larawan|NNP,Larawan,NNP
13765,gamit|VBS,gamit,VBS
13766,Sekundarya|NNP,Sekundarya,NNP
13767,natulungan|VBTS,natulungan,VBTS
13768,Umuugong|VBTR_VBAF,Umuugong,VBTR_VBAF
13769,Kalaunan|RBW,Kalaunan,RBW
13770,Siguraduhin|VBOF,Siguraduhin,VBOF
13771,jeera|FW,jeera,FW
13772,Kawawa|NNP,Kawawa,NNP
13773,mabuhay|VBW,mabuhay,VBW
13774,naming|PRP_CCP,naming,PRP_CCP
13775,Lubos|JJCS,Lubos,JJCS
13776,pinakatanyag|JJCS_JJD,pinakatanyag,JJCS_JJD
13777,magsawa|VBAF,magsawa,VBAF
13778,pagkilala|NNC,pagkilala,NNC
13779,countries|FW,countries,FW
13780,Makakapag|NNP,Makakapag,NNP
13781,nakagat|VBTS,nakagat,VBTS
13782,buuin|VBOF,buuin,VBOF
13783,Trang|NNP,Trang,NNP
13784,pagtanggap|NNC,pagtanggap,NNC
13785,inanunsyo|VBTS,inanunsyo,VBTS
13786,colored|FW,colored,FW
13787,Dumadaloy|VBTR_VBAF,Dumadaloy,VBTR_VBAF
13788,paboreal|FW,paboreal,FW
13789,Nagagawa|VBTR,Nagagawa,VBTR
13790,gala|NNC,gala,NNC
13791,Kokolie|NNP,Kokolie,NNP
13792,Sumagot|VBAF,Sumagot,VBAF
13793,hinahayaan|VBTR,hinahayaan,VBTR
13794,naku|JJD,naku,JJD
13795,isinuot|VBTF,isinuot,VBTF
13796,Candice|NNP,Candice,NNP
13797,makakasayaw|VBW,makakasayaw,VBW
13798,bilangin|VBOF,bilangin,VBOF
13799,nalilikha|VBTS,nalilikha,VBTS
13800,damong|NNC_CCP,damong,NNC_CCP
13801,hiwa|NNC,hiwa,NNC
13802,pinakamababa|JJCS_JJD,pinakamababa,JJCS_JJD
13803,dinrowing|NNC_CCP,dinrowing,NNC_CCP
13804,ininom|VBTS,ininom,VBTS
13805,ThiSach|NNP,ThiSach,NNP
13806,uubusin|VBTF_VBOF,uubusin,VBTF_VBOF
13807,makatas|VBW,makatas,VBW
13808,makapagaral|VBW,makapagaral,VBW
13809,Venus|NNP,Venus,NNP
13810,babantay|VBOF,babantay,VBOF
13811,silamakapagsalita|JJD,silamakapagsalita,JJD
13812,Nakatingin|RBD,Nakatingin,RBD
13813,Rhino|NNP,Rhino,NNP
13814,rampa|NNC,rampa,NNC
13815,Dumarami|PRI,Dumarami,PRI
13816,baling|FW,baling,FW
13817,meraming|FW,meraming,FW
13818,baril|NNC,baril,NNC
13819,Solong|JJD_CCP,Solong,JJD_CCP
13820,evaporating|FW,evaporating,FW
13821,nagpakilosng|VBTS,nagpakilosng,VBTS
13822,nilanghap|VBTS,nilanghap,VBTS
13823,cake|FW,cake,FW
13824,barrel|NNC,barrel,NNC
13825,uunahan|RBD,uunahan,RBD
13826,Tirthapura|NNP,Tirthapura,NNP
13827,Pipitasin|NNP,Pipitasin,NNP
13828,daya|NNC,daya,NNC
13829,ikinabubuhay|NNC,ikinabubuhay,NNC
13830,bahagyang|RBD_CCP,bahagyang,RBD_CCP
13831,Mighty|NNP,Mighty,NNP
13832,umiindayog|VBTR_VBAF,umiindayog,VBTR_VBAF
13833,iskuter|NNC,iskuter,NNC
13834,magpaalam|VBW,magpaalam,VBW
13835,its|FW,its,FW
13836,Masky|NNP,Masky,NNP
13837,Mala|NNP,Mala,NNP
13838,Napilitang|RBD_CCP,Napilitang,RBD_CCP
13839,nakabukas|VBTS,nakabukas,VBTS
13840,Syempre|RBT,Syempre,RBT
13841,Grrrrrrrrrrrr|NNP,Grrrrrrrrrrrr,NNP
13842,nakakalikha|VBTR,nakakalikha,VBTR
13843,Gansa|NNP,Gansa,NNP
13844,mabunggo|VBW,mabunggo,VBW
13845,Sapagkat|CCR,Sapagkat,CCR
13846,Pusa|NNP,Pusa,NNP
13847,kalmutin|VBOF,kalmutin,VBOF
13848,hope|FW,hope,FW
13849,Khutso|NNP,Khutso,NNP
13850,pigura|NNC,pigura,NNC
13851,하지만사람이살수있는별은현재지구하나라니|CDB,하지만사람이살수있는별은현재지구하나라니,CDB
13852,buhos|NNC,buhos,NNC
13853,Pinangunahan|VBTS,Pinangunahan,VBTS
13854,Koung|NNP,Koung,NNP
13855,tumakbo|VBAF,tumakbo,VBAF
13856,ideyang|NNC_CCP,ideyang,NNC_CCP
13857,vicks|FW,vicks,FW
13858,Yayo|NNP,Yayo,NNP
13859,Sinundan|VBOF,Sinundan,VBOF
13860,aasong|NNC_CCP,aasong,NNC_CCP
13861,Nagtapat|VBTS,Nagtapat,VBTS
13862,ipwepwesto|VBTR,ipwepwesto,VBTR
13863,Tawang|NNP_CCP,Tawang,NNP_CCP
13864,niya|PRS,niya,PRS
13865,orasan|NNC,orasan,NNC
13866,University|NNP,University,NNP
13867,Dinadala|VBTR,Dinadala,VBTR
13868,involving|FW,involving,FW
13869,pinasikat|VBTS,pinasikat,VBTS
13870,nakaprograma|VBTS,nakaprograma,VBTS
13871,Florida|NNP,Florida,NNP
13872,masyado|JJCS,masyado,JJCS
13873,kaba|NNC,kaba,NNC
13874,matatalas|JJD,matatalas,JJD
13875,Takbo|NNP,Takbo,NNP
13876,honey|FW,honey,FW
13877,Ngoung|NNP,Ngoung,NNP
13878,-29|CDB,-29,CDB
13879,bayad|NNC,bayad,NNC
13880,musika|NNC,musika,NNC
13881,lipad|NNC,lipad,NNC
13882,essentials|FW,essentials,FW
13883,Thang|NNC,Thang,NNC
13884,padala|NNC,padala,NNC
13885,Tunog|NNC,Tunog,NNC
13886,Ngumunguya|NNP,Ngumunguya,NNP
13887,Kaalaman|NNP,Kaalaman,NNP
13888,cue|FW,cue,FW
13889,pinuntahan|VBOF,pinuntahan,VBOF
13890,Bunni|NNP,Bunni,NNP
13891,Napakadelikado|VBTS,Napakadelikado,VBTS
13892,gapang|NNC,gapang,NNC
13893,Phan|NNP,Phan,NNP
13894,19virus|CDB,19virus,CDB
13895,talagang|RBT_CCP,talagang,RBT_CCP
13896,USAID|NNPA,USAID,NNPA
13897,tumabakbo|VBAF,tumabakbo,VBAF
13898,magsimula|VBW,magsimula,VBW
13899,Napakagandang|VBTS_CCP,Napakagandang,VBTS_CCP
13900,monghe|NNC,monghe,NNC
13901,Kuneho|JJC,Kuneho,JJC
13902,mapapaligiran|VBTF,mapapaligiran,VBTF
13903,nakasampay|VBTS,nakasampay,VBTS
13904,Initin|VBTS,Initin,VBTS
13905,preskong|JJD_CCP,preskong,JJD_CCP
13906,liparin|VBOF,liparin,VBOF
13907,kinakanlong|VBTR,kinakanlong,VBTR
13908,kamay|NNC,kamay,NNC
13909,búkas|NNC,búkas,NNC
13910,pinakamataas|JJCS_JJD,pinakamataas,JJCS_JJD
13911,pamumuno|NNC,pamumuno,NNC
13912,lapis|NNC,lapis,NNC
13913,Magandang|JJD_CCP,Magandang,JJD_CCP
13914,kawalan|NNC,kawalan,NNC
13915,alisto|JJD,alisto,JJD
13916,UzzellSi|NNP,UzzellSi,NNP
13917,kilos|NNC,kilos,NNC
13918,Magpapatulong|NNP_CCP,Magpapatulong,NNP_CCP
13919,yeso|NNC,yeso,NNC
13920,Pinitas|VBTS,Pinitas,VBTS
13921,itatápon|VBTF,itatápon,VBTF
13922,nagkaayos|VBTS,nagkaayos,VBTS
13923,Napasigaw|VBTS,Napasigaw,VBTS
13924,namuno|VBTS,namuno,VBTS
13925,nagkakatotoo|VBTR,nagkakatotoo,VBTR
13926,inaatasan|VBTR,inaatasan,VBTR
13927,pamimili|NNC,pamimili,NNC
13928,ipinamamahagi|VBTR,ipinamamahagi,VBTR
13929,Guest|NNP,Guest,NNP
13930,tanso|NNC,tanso,NNC
13931,balang|CCT,balang,CCT
13932,pinagdaanan|VBRF,pinagdaanan,VBRF
13933,Nagkunwari|VBTR,Nagkunwari,VBTR
13934,patch|FW,patch,FW
13935,trabahador|NNC,trabahador,NNC
13936,salbabida|NNC,salbabida,NNC
13937,maiksi|JJD,maiksi,JJD
13938,Hilagang|NNP_CCP,Hilagang,NNP_CCP
13939,kumupit|JJD,kumupit,JJD
13940,nagpapakilala|VBTR,nagpapakilala,VBTR
13941,mahinahong|RBD_CCP,mahinahong,RBD_CCP
13942,umuungol|VBTR_VBAF,umuungol,VBTR_VBAF
13943,masangsang|JJD_CCP,masangsang,JJD_CCP
13944,kapatawaran|NNC,kapatawaran,NNC
13945,Lumalapit|VBTR_VBAF,Lumalapit,VBTR_VBAF
13946,Napaisip|VBTS,Napaisip,VBTS
13947,Panay|NNP,Panay,NNP
13948,napabuntong|VBTS_CCP,napabuntong,VBTS_CCP
13949,Nula|NNP,Nula,NNP
13950,garapon|NNC,garapon,NNC
13951,Dhaniya|NNP,Dhaniya,NNP
13952,minahal|VBTS_VBOF,minahal,VBTS_VBOF
13953,leopardong|JJD_CCP,leopardong,JJD_CCP
13954,Mungkahi|VBOF,Mungkahi,VBOF
13955,Nagpahangin|VBTS,Nagpahangin,VBTS
13956,customer|NNC,customer,NNC
13957,pati|CCA,pati,CCA
13958,Paglaki|VBW,Paglaki,VBW
13959,Nangalay|VBTS,Nangalay,VBTS
13960,kolorete|NNC,kolorete,NNC
13961,Hippo|NNP,Hippo,NNP
13962,Monggol|NNP,Monggol,NNP
13963,kapareho|JJC,kapareho,JJC
13964,naglarawan|VBTS,naglarawan,VBTS
13965,Linadahil|NNP,Linadahil,NNP
13966,hiniram|VBOF,hiniram,VBOF
13967,kabuuan|PRI,kabuuan,PRI
13968,pinaglalaruan|VBTR_VBRF,pinaglalaruan,VBTR_VBRF
13969,Itinapon|VBTS,Itinapon,VBTS
13970,tumonog|VBAF,tumonog,VBAF
13971,nagtalukbong|VBTS,nagtalukbong,VBTS
13972,sinisipa|VBTS,sinisipa,VBTS
13973,Kate|NNP,Kate,NNP
13974,namimingwit|VBTR,namimingwit,VBTR
13975,Marsia|NNP,Marsia,NNP
13976,performance|FW,performance,FW
13977,Umaapaw|NNP,Umaapaw,NNP
13978,kalat|JJD,kalat,JJD
13979,nyo|RBD,nyo,RBD
13980,binhing|NNC_CCP,binhing,NNC_CCP
13981,Nakapagdulot|VBTS,Nakapagdulot,VBTS
13982,Paborito|RBD,Paborito,RBD
13983,Makipaglaro|VBW,Makipaglaro,VBW
13984,nagtanong|VBTS,nagtanong,VBTS
13985,bwan|NNC,bwan,NNC
13986,hayop|NNC,hayop,NNC
13987,tahanan|NNC,tahanan,NNC
13988,nagpo|VBTS,nagpo,VBTS
13989,iglap|NNC,iglap,NNC
13990,mananalo|VBTF,mananalo,VBTF
13991,plak|NNC,plak,NNC
13992,paunahan|RBD,paunahan,RBD
13993,lampay|JJD,lampay,JJD
13994,puro|RBT,puro,RBT
13995,lives|FW,lives,FW
13996,katumbas|NNC,katumbas,NNC
13997,Nakatitig|VBTS,Nakatitig,VBTS
13998,alapaap|NNC,alapaap,NNC
13999,kasama|CCB,kasama,CCB
14000,pagbati|NNC,pagbati,NNC
14001,narito|PRL,narito,PRL
14002,busina|NNC,busina,NNC
14003,4x6|CDB,4x6,CDB
14004,mawasak|VBW,mawasak,VBW
14005,dalaga|NNC,dalaga,NNC
14006,nagsisigawang|VBTR_CCP,nagsisigawang,VBTR_CCP
14007,Lumipad|VBAF,Lumipad,VBAF
14008,namumula|VBTS,namumula,VBTS
14009,shall|FW,shall,FW
14010,matuyo|VBW,matuyo,VBW
14011,ipadala|VBOF,ipadala,VBOF
14012,pumailanglang|VBAF,pumailanglang,VBAF
14013,...|PMS,...,PMS
14014,banayad|JJD,banayad,JJD
14015,GUSTO|NNPA,GUSTO,NNPA
14016,Kamusta|PRI,Kamusta,PRI
14017,pamahalaan|NNC,pamahalaan,NNC
14018,itogawin|VBOF,itogawin,VBOF
14019,yabag|NNC,yabag,NNC
14020,electro|NNC,electro,NNC
14021,habang|RBW,habang,RBW
14022,Garima|NNP,Garima,NNP
14023,kaibigang|NNC_CCP,kaibigang,NNC_CCP
14024,Naalog|NNP,Naalog,NNP
14025,Lumukso|VBAF,Lumukso,VBAF
14026,nagniningning|VBTS,nagniningning,VBTS
14027,Yak|NNP,Yak,NNP
14028,Nakalansan|VBTS,Nakalansan,VBTS
14029,ibinalita|VBTS,ibinalita,VBTS
14030,buntot|NNC,buntot,NNC
14031,Aalisin|VBTF_VBOF,Aalisin,VBTF_VBOF
14032,Bukas|JJD,Bukas,JJD
14033,Jennie|NNP,Jennie,NNP
14034,Paghakbang|NNP_CCP,Paghakbang,NNP_CCP
14035,DesignAng|NNP,DesignAng,NNP
14036,krus|NNC,krus,NNC
14037,V|CDB,V,CDB
14038,palikuran|NNC,palikuran,NNC
14039,pagmamay|NNC,pagmamay,NNC
14040,Kamukha|JJD,Kamukha,JJD
14041,tiyahin|NNC,tiyahin,NNC
14042,idagdag|VBOF,idagdag,VBOF
14043,Balingkinitan|NNP,Balingkinitan,NNP
14044,hilain|VBOF,hilain,VBOF
14045,Diyan|NNP,Diyan,NNP
14046,certain|FW,certain,FW
14047,Naglalaba|VBTS,Naglalaba,VBTS
14048,tuyona|VBOF,tuyona,VBOF
14049,t|NNCA,t,NNCA
14050,nagustuhan|VBTS,nagustuhan,VBTS
14051,METAL|NNPA,METAL,NNPA
14052,nakakatakot|JJD,nakakatakot,JJD
14053,CHIRRRRRP|NNPA,CHIRRRRRP,NNPA
14054,tinatapos|VBTR,tinatapos,VBTR
14055,hulihin|VBOF,hulihin,VBOF
14056,Hall|NNP,Hall,NNP
14057,Rona|NNP,Rona,NNP
14058,sorpresa|NNC,sorpresa,NNC
14059,pagdarasal|NNC,pagdarasal,NNC
14060,Srey|NNP,Srey,NNP
14061,hihilingin|VBTF,hihilingin,VBTF
14062,pabilis|RBD,pabilis,RBD
14063,ipagpatuloy|VBOB,ipagpatuloy,VBOB
14064,nalilito|VBTR,nalilito,VBTR
14065,naaayos|VBTR,naaayos,VBTR
14066,kamalayan|NNC,kamalayan,NNC
14067,natutong|RBD_CCP,natutong,RBD_CCP
14068,nagpapahinga|VBTR,nagpapahinga,VBTR
14069,Kuya|NNC,Kuya,NNC
14070,Paglalampaso|NNP,Paglalampaso,NNP
14071,dinikitan|VBOF,dinikitan,VBOF
14072,Ilalabas|VBTF,Ilalabas,VBTF
14073,nakalalangoy|VBTS,nakalalangoy,VBTS
14074,matatamis|VBTF,matatamis,VBTF
14075,Binibini|NNP,Binibini,NNP
14076,umaaligid|VBTR,umaaligid,VBTR
14077,maghapon|VBW,maghapon,VBW
14078,pakonti|JJD,pakonti,JJD
14079,palitan|NNC,palitan,NNC
14080,itinatápon|VBTR,itinatápon,VBTR
14081,sanay|JJD,sanay,JJD
14082,K.|NNPA,K.,NNPA
14083,bibig|NNC,bibig,NNC
14084,research|FW,research,FW
14085,reputasyon|NNC,reputasyon,NNC
14086,isinuksok|VBTS,isinuksok,VBTS
14087,namamagha|VBTR,namamagha,VBTR
14088,Napakatahimik|NNP,Napakatahimik,NNP
14089,apo|NNC,apo,NNC
14090,",000|CDB",",000",CDB
14091,blag|FW,blag,FW
14092,ikawalang|JJN_CCP,ikawalang,JJN_CCP
14093,Nahiga|VBTS,Nahiga,VBTS
14094,biglaang|RBD_CCP,biglaang,RBD_CCP
14095,ngumingiyaw|VBTR,ngumingiyaw,VBTR
14096,Green|NNP,Green,NNP
14097,ihip|VBTF,ihip,VBTF
14098,pangunahan|VBOF,pangunahan,VBOF
14099,Susunod|VBTF,Susunod,VBTF
14100,hang|NNC,hang,NNC
14101,sumangguni|VBAF,sumangguni,VBAF
14102,Ganyan|NNP,Ganyan,NNP
14103,alagaan|VBOF,alagaan,VBOF
14104,nagligtas|VBTS,nagligtas,VBTS
14105,SMARTManagement|NNP,SMARTManagement,NNP
14106,impressions|FW,impressions,FW
14107,igawa|JJN,igawa,JJN
14108,illustrated|FW,illustrated,FW
14109,teacher|NNC,teacher,NNC
14110,nakakadiring|VBTR_CCP,nakakadiring,VBTR_CCP
14111,mapawi|VBW,mapawi,VBW
14112,khyak|NNC,khyak,NNC
14113,tutuksuhin|VBTF,tutuksuhin,VBTF
14114,Inay|NNC,Inay,NNC
14115,kalabasa|NNC,kalabasa,NNC
14116,magpahangin|VBW,magpahangin,VBW
14117,itinulak|VBTS,itinulak,VBTS
14118,rapid|FW,rapid,FW
14119,bakasugurin|NNC,bakasugurin,NNC
14120,Riya|NNP,Riya,NNP
14121,sang|DTC,sang,DTC
14122,Nalito|VBTS,Nalito,VBTS
14123,pipintahan|VBTS,pipintahan,VBTS
14124,vessel|FW,vessel,FW
14125,pagkakapareho|NNC,pagkakapareho,NNC
14126,Bhai|NNP,Bhai,NNP
14127,maiisip|VBW,maiisip,VBW
14128,patoLimang|NNC_CCP,patoLimang,NNC_CCP
14129,Ipinakikilala|VBTR,Ipinakikilala,VBTR
14130,tumulong|VBAF,tumulong,VBAF
14131,com|FW,com,FW
14132,nagnais|VBTS,nagnais,VBTS
14133,makapili|VBW,makapili,VBW
14134,kama|NNC,kama,NNC
14135,scan|FW,scan,FW
14136,KAGAMITAN|NNPA,KAGAMITAN,NNPA
14137,Kompyuter|NNP,Kompyuter,NNP
14138,kay|DTP,kay,DTP
14139,traktora|NNC,traktora,NNC
14140,mahihiram|VBW,mahihiram,VBW
14141,bistida|NNC,bistida,NNC
14142,nagsusulat|VBTR,nagsusulat,VBTR
14143,iiwan|VBTF,iiwan,VBTF
14144,Carlos|NNP,Carlos,NNP
14145,Pratham|NNP,Pratham,NNP
14146,Sumasagwan|NNP,Sumasagwan,NNP
14147,ginintuan|JJD,ginintuan,JJD
14148,Bantay|NNP,Bantay,NNP
14149,Umiikot|VBTR_VBAF,Umiikot,VBTR_VBAF
14150,Winasak|VBOF,Winasak,VBOF
14151,magpakalma|VBW,magpakalma,VBW
14152,Edi|RBF,Edi,RBF
14153,hikaw|NNC,hikaw,NNC
14154,Jabbit|NNP,Jabbit,NNP
14155,tumatawag|VBTR_VBAF,tumatawag,VBTR_VBAF
14156,sanga|NNC,sanga,NNC
14157,gawa|VBS,gawa,VBS
14158,nagtatampo|VBTR,nagtatampo,VBTR
14159,dahan|FW,dahan,FW
14160,wakas|NNC,wakas,NNC
14161,napigilan|VBTS,napigilan,VBTS
14162,Nahulog|VBTS,Nahulog,VBTS
14163,katawan|NNC,katawan,NNC
14164,magpintura|VBAF,magpintura,VBAF
14165,ibabaw|JJD,ibabaw,JJD
14166,Pa|NNP,Pa,NNP
14167,ring|RBI_CCP,ring,RBI_CCP
14168,Paeng|NNP,Paeng,NNP
14169,Evans|NNP,Evans,NNP
14170,Opo|PRS,Opo,PRS
14171,Tatago|NNP,Tatago,NNP
14172,Centre|NNP,Centre,NNP
14173,Tambibili|NNP,Tambibili,NNP
14174,powders|FW,powders,FW
14175,dioksido|FW,dioksido,FW
14176,pagkakayakap|VBW,pagkakayakap,VBW
14177,Baa|NNP,Baa,NNP
14178,karatig|JJD,karatig,JJD
14179,madumi|JJD,madumi,JJD
14180,KAHIT|NNPA,KAHIT,NNPA
14181,lollipop|FW,lollipop,FW
14182,matitirahan|JJD,matitirahan,JJD
14183,hatchu|FW,hatchu,FW
14184,Hector|NNP,Hector,NNP
14185,no|FW,no,FW
14186,kayo|PRP,kayo,PRP
14187,Kahapon|NNP,Kahapon,NNP
14188,Studio|NNP,Studio,NNP
14189,wife|FW,wife,FW
14190,nagtuloy|VBTS,nagtuloy,VBTS
14191,inihatid|VBTS,inihatid,VBTS
14192,Jeong|NNP,Jeong,NNP
14193,a|NNC,a,NNC
14194,Manoy|NNP,Manoy,NNP
14195,Dadi|NNP,Dadi,NNP
14196,daluyan|NNC,daluyan,NNC
14197,usisa|VBS,usisa,VBS
14198,Lakehanggang|RBL_CCP,Lakehanggang,RBL_CCP
14199,Sipain|VBOF,Sipain,VBOF
14200,uwian|NNC,uwian,NNC
14201,bukod|CCT,bukod,CCT
14202,pulgadang|NNC_CCP,pulgadang,NNC_CCP
14203,reflect|FW,reflect,FW
14204,Nagpumilit|VBTS,Nagpumilit,VBTS
14205,Flesh|NNP,Flesh,NNP
14206,Bayi|NNP,Bayi,NNP
14207,pinahinto|VBOF,pinahinto,VBOF
14208,nagmamaktol|VBTR,nagmamaktol,VBTR
14209,rinng|PRO_CCP,rinng,PRO_CCP
14210,Third|NNP,Third,NNP
14211,Masakit|JJD,Masakit,JJD
14212,Bumulong|NNP_CCP,Bumulong,NNP_CCP
14213,recess|FW,recess,FW
14214,kasagutan|NNC,kasagutan,NNC
14215,paano|PRQ,paano,PRQ
14216,cafe|FW,cafe,FW
14217,themselves|FW,themselves,FW
14218,Ayos|NNP,Ayos,NNP
14219,website|FW,website,FW
14220,Inihanda|VBTS,Inihanda,VBTS
14221,lagari|NNC,lagari,NNC
14222,maluwang|JJD,maluwang,JJD
14223,aangi|NNC,aangi,NNC
14224,masagana|JJD,masagana,JJD
14225,Itali|NNP,Itali,NNP
14226,ipinamana|VBTS,ipinamana,VBTS
14227,Sabay|NNP,Sabay,NNP
14228,singkamas|NNC,singkamas,NNC
14229,Binasang|NNP_CCP,Binasang,NNP_CCP
14230,ikoy|FW,ikoy,FW
14231,communicate|FW,communicate,FW
14232,nakalalangoy|VBTR,nakalalangoy,VBTR
14233,Sinara|VBOF,Sinara,VBOF
14234,pinapakita|VBTR,pinapakita,VBTR
14235,lunting|NNC,lunting,NNC
14236,camera|NNC,camera,NNC
14237,iisip|VBTF,iisip,VBTF
14238,Puwede|NNP,Puwede,NNP
14239,Nagpapasalamat|VBTR,Nagpapasalamat,VBTR
14240,Buti|FW,Buti,FW
14241,paggupit|NNC,paggupit,NNC
14242,nalang|RBD_CCP,nalang,RBD_CCP
14243,biro|NNC,biro,NNC
14244,Tita|NNP,Tita,NNP
14245,kakok|NNC,kakok,NNC
14246,Kahit|CCT,Kahit,CCT
14247,Daddy|NNP,Daddy,NNP
14248,hall|NNC,hall,NNC
14249,paglangoy|NNC,paglangoy,NNC
14250,Taon|NNP,Taon,NNP
14251,pagdisenyo|NNC,pagdisenyo,NNC
14252,pasuyo|RBD,pasuyo,RBD
14253,kabundukan|NNC,kabundukan,NNC
14254,baakong|NNC_CCP,baakong,NNC_CCP
14255,saktan|VBOF,saktan,VBOF
14256,Yeheeey|NNP,Yeheeey,NNP
14257,patuloy|JJD,patuloy,JJD
14258,Inaliw|VBTS,Inaliw,VBTS
14259,monkeys|FW,monkeys,FW
14260,bubong|NNC,bubong,NNC
14261,badminton|NNC,badminton,NNC
14262,string|NNC,string,NNC
14263,sadyang|RBD_CCP,sadyang,RBD_CCP
14264,purong|JJD_CCP,purong,JJD_CCP
14265,Cheena|NNP,Cheena,NNP
14266,pagkabalik|NNC,pagkabalik,NNC
14267,Flash|NNP,Flash,NNP
14268,Dhola|NNP,Dhola,NNP
14269,Nagtungo|VBTS,Nagtungo,VBTS
14270,Kaano|NNP,Kaano,NNP
14271,burahin|VBOF,burahin,VBOF
14272,master|NNC,master,NNC
14273,panulat|NNC,panulat,NNC
14274,kabilang|JJD_CCP,kabilang,JJD_CCP
14275,dumaan|VBAF,dumaan,VBAF
14276,Walong|JJN_CCP,Walong,JJN_CCP
14277,binawalan|VBOF,binawalan,VBOF
14278,life|FW,life,FW
14279,ju|NNCA,ju,NNCA
14280,sanhi|NNC,sanhi,NNC
14281,nakamit|VBTS,nakamit,VBTS
14282,Tsite|NNP,Tsite,NNP
14283,nakangiting|VBTR_CCP,nakangiting,VBTR_CCP
14284,gusot|JJD,gusot,JJD
14285,nakaaalam|VBTS,nakaaalam,VBTS
14286,ipinaalam|VBTS,ipinaalam,VBTS
14287,pagbaha|VBW,pagbaha,VBW
14288,Di|JJCN,Di,JJCN
14289,widely|FW,widely,FW
14290,pambuhat|JJD,pambuhat,JJD
14291,nanaman|VBTS,nanaman,VBTS
14292,galít|NNC,galít,NNC
14293,magdilig|VBAF,magdilig,VBAF
14294,Nadala|VBTS,Nadala,VBTS
14295,nagningning|VBTR,nagningning,VBTR
14296,Hala|NNP,Hala,NNP
14297,magdiriwang|VBTR_VBAF,magdiriwang,VBTR_VBAF
14298,kayurin|VBOF,kayurin,VBOF
14299,Parang|CCT,Parang,CCT
14300,saysay|NNC,saysay,NNC
14301,opare|NNC,opare,NNC
14302,taginit|NNC,taginit,NNC
14303,이번제이야기|FW,이번제이야기,FW
14304,dumaang|VBTR_VBAF_CCP,dumaang,VBTR_VBAF_CCP
14305,Hipong|NNC_CCP,Hipong,NNC_CCP
14306,mangisda|VBW,mangisda,VBW
14307,binagong|VBOF_CCP,binagong,VBOF_CCP
14308,Maaring|VBS_CCP,Maaring,VBS_CCP
14309,Punuin|VBOF,Punuin,VBOF
14310,mamahalin|NNC,mamahalin,NNC
14311,kislap|NNC,kislap,NNC
14312,nanlilisik|VBTR,nanlilisik,VBTR
14313,suksok|NNC,suksok,NNC
14314,Tor|NNP,Tor,NNP
14315,Drago|NNP,Drago,NNP
14316,Dalawin|NNP,Dalawin,NNP
14317,nagpedal|VBTS,nagpedal,VBTS
14318,samot|NNC,samot,NNC
14319,gitna|JJD,gitna,JJD
14320,designers|FW,designers,FW
14321,Natutuwa|VBTS,Natutuwa,VBTS
14322,katuwiran|NNC,katuwiran,NNC
14323,makakauwi|VBTF,makakauwi,VBTF
14324,Pagdikitin|NNP,Pagdikitin,NNP
14325,hangang|RBW,hangang,RBW
14326,Itapon|VBTF,Itapon,VBTF
14327,Ginupitan|VBOF,Ginupitan,VBOF
14328,nililinis|VBTR,nililinis,VBTR
14329,paghihimod|NNC,paghihimod,NNC
14330,napakaganda|JJCS_JJD,napakaganda,JJCS_JJD
14331,kampong|NNC_CCP,kampong,NNC_CCP
14332,mitolohiya|NNC,mitolohiya,NNC
14333,manalangin|VBW,manalangin,VBW
14334,pailalim|RBL,pailalim,RBL
14335,a|FW,a,FW
14336,Aaww|NNP,Aaww,NNP
14337,Because|NNP,Because,NNP
14338,Binabasa|VBTR_VBOF,Binabasa,VBTR_VBOF
14339,pasamahin|VBOF,pasamahin,VBOF
14340,tigil|NNC,tigil,NNC
14341,makolekta|VBW,makolekta,VBW
14342,manukso|VBW,manukso,VBW
14343,Mongolia|NNP,Mongolia,NNP
14344,Mmmmmm|NNP,Mmmmmm,NNP
14345,Dorai|NNP,Dorai,NNP
14346,siyempre|RBT,siyempre,RBT
14347,Luis|NNP,Luis,NNP
14348,AxiataPearl|NNP,AxiataPearl,NNP
14349,nakapagbenta|VBTS,nakapagbenta,VBTS
14350,kayumanggi|JJD,kayumanggi,JJD
14351,sumang|CDB,sumang,CDB
14352,Artipisyal|JJD,Artipisyal,JJD
14353,Sumasang|NNP,Sumasang,NNP
14354,Katangi|NNP,Katangi,NNP
14355,https://plasticfreecambodia.com/individuals/https://youtu.be/Wyt3H|NNP,https://plasticfreecambodia.com/individuals/https://youtu.be/Wyt3H,NNP
14356,Palagay|NNP,Palagay,NNP
14357,nakaaabot|VBTR,nakaaabot,VBTR
14358,Lisa|NNP,Lisa,NNP
14359,Rohingya|NNP,Rohingya,NNP
14360,anlalaki|FW,anlalaki,FW
14361,Pok|NNP,Pok,NNP
14362,lumulubog|VBTR_VBAF,lumulubog,VBTR_VBAF
14363,naggupit|VBTS,naggupit,VBTS
14364,malambing|JJD,malambing,JJD
14365,Basa|NNP,Basa,NNP
14366,Myanmar|NNP,Myanmar,NNP
14367,Hooo|NNP,Hooo,NNP
14368,bubongan|NNC,bubongan,NNC
14369,napakahigpit|JJCS_JJD,napakahigpit,JJCS_JJD
14370,nakapasok|VBTS,nakapasok,VBTS
14371,sigawan|NNC,sigawan,NNC
14372,watawat|NNC,watawat,NNC
14373,Pinagana|VBTS,Pinagana,VBTS
14374,naghanap|VBTS,naghanap,VBTS
14375,Bang|NNP,Bang,NNP
14376,panaderya|NNC,panaderya,NNC
14377,modyul|NNC,modyul,NNC
14378,Ngee|NNP,Ngee,NNP
14379,PT|NNPA,PT,NNPA
14380,dagtaNang|RBD_CCP,dagtaNang,RBD_CCP
14381,Thrrrr|NNP,Thrrrr,NNP
14382,polo|NNC,polo,NNC
14383,mákiná|FW,mákiná,FW
14384,hecki|FW,hecki,FW
14385,Gurung|NNP,Gurung,NNP
14386,paman|NNC,paman,NNC
14387,pagkakaibigan|NNC,pagkakaibigan,NNC
14388,tumilapon|VBAF,tumilapon,VBAF
14389,hahayaang|RBD_CCP,hahayaang,RBD_CCP
14390,anim|JJN,anim,JJN
14391,mapipinsala|VBW,mapipinsala,VBW
14392,nilagay|VBTS,nilagay,VBTS
14393,Dumaklot|NNP,Dumaklot,NNP
14394,lubid|NNC,lubid,NNC
14395,Manood|VBW,Manood,VBW
14396,sumbrerong|NNC_CCP,sumbrerong,NNC_CCP
14397,Nagkalat|VBTS,Nagkalat,VBTS
14398,Noong|RBW_CCP,Noong,RBW_CCP
14399,parin|NNC,parin,NNC
14400,ipinangako|VBTS,ipinangako,VBTS
14401,sayo|PRSP,sayo,PRSP
14402,sala|NNC,sala,NNC
14403,suklayan|NNC,suklayan,NNC
14404,maihatid|VBW,maihatid,VBW
14405,okay|JJD,okay,JJD
14406,oopera|NNC,oopera,NNC
14407,saanmang|JJD_CCP,saanmang,JJD_CCP
14408,palaging|RBD_CCP,palaging,RBD_CCP
14409,Iraqi|NNP,Iraqi,NNP
14410,bigkas|NNC,bigkas,NNC
14411,pekeng|JJD_CCP,pekeng,JJD_CCP
14412,kubuluhan|NNC,kubuluhan,NNC
14413,bughaw|NNC,bughaw,NNC
14414,Zi|NNP,Zi,NNP
14415,tahasang|RBD_CCP,tahasang,RBD_CCP
14416,hinintay|VBTS,hinintay,VBTS
14417,Bu|NNP,Bu,NNP
14418,Nakatakbo|VBTS,Nakatakbo,VBTS
14419,Buwitre|NNP,Buwitre,NNP
14420,nakapag|VBTS,nakapag,VBTS
14421,powder|NNC,powder,NNC
14422,Tinaas|NNP,Tinaas,NNP
14423,bagal|JJD,bagal,JJD
14424,Sandro|NNP,Sandro,NNP
14425,kuko|NNC,kuko,NNC
14426,Stichting|NNP,Stichting,NNP
14427,Ayon|RBR,Ayon,RBR
14428,Gugugol|NNP,Gugugol,NNP
14429,bumulusok|VBAF,bumulusok,VBAF
14430,igagalang|VBTS,igagalang,VBTS
14431,Biryani|NNP,Biryani,NNP
14432,apurahang|NNC_CCP,apurahang,NNC_CCP
14433,magdala|VBW,magdala,VBW
14434,Tumutulo|NNP,Tumutulo,NNP
14435,Aalis|NNP,Aalis,NNP
14436,Hagulgol|NNP,Hagulgol,NNP
14437,Attribution|NNP,Attribution,NNP
14438,pinikit|JJD,pinikit,JJD
14439,kinilala|VBTS,kinilala,VBTS
14440,A-ha|FW,A-ha,FW
14441,Akma|NNP,Akma,NNP
14442,nagluluto|VBTR,nagluluto,VBTR
14443,nagkakatuwaan|VBTR,nagkakatuwaan,VBTR
14444,Binabati|NNP,Binabati,NNP
14445,nagbabalot|VBTR,nagbabalot,VBTR
14446,Kagawaran|NNP,Kagawaran,NNP
14447,aralan|NNC,aralan,NNC
14448,Nagpapatubo|VBTR,Nagpapatubo,VBTR
14449,madulas|RBD,madulas,RBD
14450,lámang|NNC,lámang,NNC
14451,lumambot|VBAF,lumambot,VBAF
14452,Kumukanta|VBTR_VBAF,Kumukanta,VBTR_VBAF
14453,almusal|FW,almusal,FW
14454,nakatatakam|VBTS,nakatatakam,VBTS
14455,binu|VBOF,binu,VBOF
14456,nagkalat|VBTS,nagkalat,VBTS
14457,머니그램재단이후원하였습니다|CDB,머니그램재단이후원하였습니다,CDB
14458,tinali|VBTS,tinali,VBTS
14459,aratiles|FW,aratiles,FW
14460,Arayyyyyyyy|NNP,Arayyyyyyyy,NNP
14461,lagi|JJD,lagi,JJD
14462,Dina|NNP,Dina,NNP
14463,Saway|NNP,Saway,NNP
14464,cheetah|FW,cheetah,FW
14465,[|PMS,[,PMS
14466,niyan|PRO,niyan,PRO
14467,basong|NNC_CCP,basong,NNC_CCP
14468,Rampa|NNP,Rampa,NNP
14469,makapaghihikayat|VBW,makapaghihikayat,VBW
14470,yunit|NNC,yunit,NNC
14471,sinundo|VBTS,sinundo,VBTS
14472,balahibo|NNC,balahibo,NNC
14473,Diba|NNP,Diba,NNP
14474,Pana|NNP,Pana,NNP
14475,Napag|NNP,Napag,NNP
14476,kalooban|NNC,kalooban,NNC
14477,sabihin|VBTS_VBOF,sabihin,VBTS_VBOF
14478,Sasamahan|VBOF,Sasamahan,VBOF
14479,Goaaal|NNP,Goaaal,NNP
14480,Nagsalita|VBTS,Nagsalita,VBTS
14481,paabante|NNC,paabante,NNC
14482,umaambon|VBTR,umaambon,VBTR
14483,tik|NNC,tik,NNC
14484,amoy|NNC,amoy,NNC
14485,Nagtipon|VBTS,Nagtipon,VBTS
14486,Birdlife|NNP,Birdlife,NNP
14487,Inday|NNC,Inday,NNC
14488,Makakapaglaro|VBTF,Makakapaglaro,VBTF
14489,liit|JJD,liit,JJD
14490,Lali|NNP,Lali,NNP
14491,magkakaroon|VBTF,magkakaroon,VBTF
14492,Grrrr|NNP,Grrrr,NNP
14493,KunwarMeow|NNP,KunwarMeow,NNP
14494,Masyadong|JJCS_CCP,Masyadong,JJCS_CCP
14495,mapuputol|VBTF,mapuputol,VBTF
14496,sinasalo|VBTR,sinasalo,VBTR
14497,pasabugin|VBOF,pasabugin,VBOF
14498,Jun|NNP,Jun,NNP
14499,makapabigay|VBW,makapabigay,VBW
14500,leap|FW,leap,FW
14501,Napakabilis|VBTS,Napakabilis,VBTS
14502,brutal|RBD,brutal,RBD
14503,!!!|CDB,!!!,CDB
14504,nagtampo|VBTS,nagtampo,VBTS
14505,bulkan|NNC,bulkan,NNC
14506,opo|NNC,opo,NNC
14507,pananaliksik|NNC,pananaliksik,NNC
14508,pumarada|VBAF,pumarada,VBAF
14509,Graphic|NNP,Graphic,NNP
14510,ligaw|JJD,ligaw,JJD
14511,marumi|RBD,marumi,RBD
14512,pinarangalan|VBTS,pinarangalan,VBTS
14513,nakakabalik|VBTR,nakakabalik,VBTR
14514,brush|FW,brush,FW
14515,Paalam|RBD,Paalam,RBD
14516,lumiliwanag|VBTR,lumiliwanag,VBTR
14517,hmm|FW,hmm,FW
14518,paggaling|NNC,paggaling,NNC
14519,Humarap|VBAF,Humarap,VBAF
14520,palaisipan|NNC,palaisipan,NNC
14521,dyirap|FW,dyirap,FW
14522,naglalakbay|VBTR,naglalakbay,VBTR
14523,paaralang|NNC_CCP,paaralang,NNC_CCP
14524,Sinusubukan|VBTR,Sinusubukan,VBTR
14525,katatapos|VBW,katatapos,VBW
14526,Makakapagumpisa|VBW,Makakapagumpisa,VBW
14527,iyo|PRSP,iyo,PRSP
14528,Dagling|RBF,Dagling,RBF
14529,Thida|NNP,Thida,NNP
14530,nobya|NNC,nobya,NNC
14531,Dulis|NNP,Dulis,NNP
14532,terrace|FW,terrace,FW
14533,saring|PRI_CCP,saring,PRI_CCP
14534,Napabuntong|NNP_CCP,Napabuntong,NNP_CCP
14535,nagkatawanan|VBTS,nagkatawanan,VBTS
14536,nilalalakaran|VBTR,nilalalakaran,VBTR
14537,yellow|FW,yellow,FW
14538,International|NNP,International,NNP
14539,pagkakalunsad|NNC,pagkakalunsad,NNC
14540,kailanganin|VBOF,kailanganin,VBOF
14541,Learning|NNP,Learning,NNP
14542,Lumukso|NNP,Lumukso,NNP
14543,sobrang|JJCS_CCP,sobrang,JJCS_CCP
14544,na|RBI,na,RBI
14545,Grade|NNP,Grade,NNP
14546,Dyan|NNP,Dyan,NNP
14547,1990upang|CDB,1990upang,CDB
14548,makikilala|VBW,makikilala,VBW
14549,toreng|NNC_CCP,toreng,NNC_CCP
14550,malamang|RBI,malamang,RBI
14551,ganyan|VBTF,ganyan,VBTF
14552,naparalangan|VBTS,naparalangan,VBTS
14553,Naaalala|VBTR,Naaalala,VBTR
14554,nabahing|VBTS,nabahing,VBTS
14555,mahusay|RBD,mahusay,RBD
14556,lamang|NNC_CCP,lamang,NNC_CCP
14557,nagmamartilyo|VBTR,nagmamartilyo,VBTR
14558,panggabi|JJD,panggabi,JJD
14559,palakang|NNC_CCP,palakang,NNC_CCP
14560,dalang|NNC_CCP,dalang,NNC_CCP
14561,balak|NNC,balak,NNC
14562,Drake|NNP,Drake,NNP
14563,mahuhuli|VBW,mahuhuli,VBW
14564,pagaspas|NNC,pagaspas,NNC
14565,Cat|NNP,Cat,NNP
14566,dumapong|VBTR_VBAF_CCP,dumapong,VBTR_VBAF_CCP
14567,saranggolaPusa|NNC,saranggolaPusa,NNC
14568,eroplano|NNC,eroplano,NNC
14569,Phew|NNP,Phew,NNP
14570,abutin|VBOF,abutin,VBOF
14571,makahanapng|RBD_CCP,makahanapng,RBD_CCP
14572,Aktibidad|NNP,Aktibidad,NNP
14573,maiingay|JJD,maiingay,JJD
14574,nagyaya|VBTS,nagyaya,VBTS
14575,Dinig|NNP,Dinig,NNP
14576,Hannibal|NNP,Hannibal,NNP
14577,talì|NNC,talì,NNC
14578,Pov|NNP,Pov,NNP
14579,Pinaghahandaan|VBRF,Pinaghahandaan,VBRF
14580,Kabayong|NNP,Kabayong,NNP
14581,de-kuryente|JJD,de-kuryente,JJD
14582,paliwanag|NNC,paliwanag,NNC
14583,Lagi|RBW,Lagi,RBW
14584,Simatar|NNP,Simatar,NNP
14585,bulag|JJD,bulag,JJD
14586,nakikipagtulungan|VBTR,nakikipagtulungan,VBTR
14587,patay|JJD,patay,JJD
14588,Iniidolo|VBTS,Iniidolo,VBTS
14589,multo|NNC,multo,NNC
14590,napantapal|FW,napantapal,FW
14591,magkaroon|VBAF,magkaroon,VBAF
14592,Imposible|JJD,Imposible,JJD
14593,학기술로연구|PMS,학기술로연구,PMS
14594,abala|NNC,abala,NNC
14595,Dinesh|NNP,Dinesh,NNP
14596,Ibinibigay|VBTR,Ibinibigay,VBTR
14597,Uuwi|NNP,Uuwi,NNP
14598,Lumutang|VBTR_VBAF,Lumutang,VBTR_VBAF
14599,madali|RBD,madali,RBD
14600,papaubos|JJD,papaubos,JJD
14601,punuin|VBOF,punuin,VBOF
14602,Simplehan|NNP,Simplehan,NNP
14603,makagawa|VBW,makagawa,VBW
14604,lila|NNC,lila,NNC
14605,mapunta|VBW,mapunta,VBW
14606,Aaaahhh|NNP,Aaaahhh,NNP
14607,nakarinig|VBTS,nakarinig,VBTS
14608,palihang|JJD_CCP,palihang,JJD_CCP
14609,Bumalik|VBAF,Bumalik,VBAF
14610,Biramo|NNP,Biramo,NNP
14611,pulunan|NNC,pulunan,NNC
14612,nagpaptugtog|VBTR,nagpaptugtog,VBTR
14613,mayamang|JJD_CCP,mayamang,JJD_CCP
14614,kaibiganSigner|NNC,kaibiganSigner,NNC
14615,GIGINHAWA|NNP,GIGINHAWA,NNP
14616,naiwang|VBTS_CCP,naiwang,VBTS_CCP
14617,manggulo|VBW,manggulo,VBW
14618,atThe|NNP,atThe,NNP
14619,paruparo|RBD,paruparo,RBD
14620,anim|CDB,anim,CDB
14621,samang|RBD_CCP,samang,RBD_CCP
14622,dapat|VBS,dapat,VBS
14623,Napakamot|VBTR,Napakamot,VBTR
14624,wall|FW,wall,FW
14625,langgan|NNC,langgan,NNC
14626,nang|CCB,nang,CCB
14627,madidiligan|VBW,madidiligan,VBW
14628,Idinikit|VBOF,Idinikit,VBOF
14629,Editor|NNP,Editor,NNP
14630,malilikhaing|JJD_CCP,malilikhaing,JJD_CCP
14631,magpapatuloy|VBTR_VBAF,magpapatuloy,VBTR_VBAF
14632,magsaliksik|VBTF_VBAF,magsaliksik,VBTF_VBAF
14633,papatabain|VBTF,papatabain,VBTF
14634,sumasabay|VBTR_VBAF,sumasabay,VBTR_VBAF
14635,Maaliw|NNP,Maaliw,NNP
14636,Pakinggan|NNP,Pakinggan,NNP
14637,makalaya|VBW,makalaya,VBW
14638,maputik|JJD,maputik,JJD
14639,magpadulas|VBW,magpadulas,VBW
14640,Kurakog|NNP,Kurakog,NNP
14641,pero|CCT,pero,CCT
14642,Nakaupo|VBTS,Nakaupo,VBTS
14643,atis|NNC,atis,NNC
14644,count|FW,count,FW
14645,2085AD|CDB,2085AD,CDB
14646,Delikado|JJD,Delikado,JJD
14647,Nahila|NNP,Nahila,NNP
14648,pagbuhos|NNC,pagbuhos,NNC
14649,buwan|NNC,buwan,NNC
14650,pipit|NNC,pipit,NNC
14651,Angat|NNP,Angat,NNP
14652,cartoon|NNC,cartoon,NNC
14653,salon|NNC,salon,NNC
14654,Yong|PRO_CCP,Yong,PRO_CCP
14655,ilahas|NNC,ilahas,NNC
14656,Kamatis|NNP,Kamatis,NNP
14657,Pumapalakpak|VBTR_VBAF,Pumapalakpak,VBTR_VBAF
14658,magbubuga|VBW,magbubuga,VBW
14659,mamangka|VBW,mamangka,VBW
14660,nagtatalo|VBTR,nagtatalo,VBTR
14661,malapit|JJD,malapit,JJD
14662,anihin|VBOF,anihin,VBOF
14663,iikot|VBTF,iikot,VBTF
14664,tumili|VBAF,tumili,VBAF
14665,okey|NNC,okey,NNC
14666,organization|FW,organization,FW
14667,pinapanatili|VBTR,pinapanatili,VBTR
14668,calculator|FW,calculator,FW
14669,mabatong|JJD_CCP,mabatong,JJD_CCP
14670,taganayon|JJD,taganayon,JJD
14671,click|FW,click,FW
14672,damdamin|NNC,damdamin,NNC
14673,tuli|JJD,tuli,JJD
14674,Sinakyan|VBOF,Sinakyan,VBOF
14675,Tumayo|VBAF,Tumayo,VBAF
14676,mas|JJCC,mas,JJCC
14677,matipunong|JJD_CCP,matipunong,JJD_CCP
14678,tayo|PRP,tayo,PRP
14679,Nagpatawag|VBTS,Nagpatawag,VBTS
14680,nakakasama|VBTR,nakakasama,VBTR
14681,sinisimulan|VBTR,sinisimulan,VBTR
14682,Isama|VBOF,Isama,VBOF
14683,verandah|FW,verandah,FW
14684,quality|FW,quality,FW
14685,Butter|NNP,Butter,NNP
14686,Sinaway|VBOF,Sinaway,VBOF
14687,po|RBS,po,RBS
14688,digital|FW,digital,FW
14689,now|FW,now,FW
14690,Meow|NNP,Meow,NNP
14691,Kaveri|NNP,Kaveri,NNP
14692,ako......basang|NNC_CCP,ako......basang,NNC_CCP
14693,Napilitan|VBTS,Napilitan,VBTS
14694,Neri|NNP,Neri,NNP
14695,kidlat|NNC,kidlat,NNC
14696,Nagpunta|VBTS,Nagpunta,VBTS
14697,magpailaw|VBW,magpailaw,VBW
14698,nagdiriwang|VBTR_CCP,nagdiriwang,VBTR_CCP
14699,pak|RBD,pak,RBD
14700,Frog|NNP,Frog,NNP
14701,sumisipol|NNC,sumisipol,NNC
14702,masuportahan|VBW,masuportahan,VBW
14703,leonIsang|FW,leonIsang,FW
14704,inaayos|VBTR,inaayos,VBTR
14705,parami|RBD,parami,RBD
14706,pagtudla|NNC,pagtudla,NNC
14707,nilagyan|VBTS,nilagyan,VBTS
14708,aynaglalakad|NNC,aynaglalakad,NNC
14709,Kuttan|NNP,Kuttan,NNP
14710,sinsuyo|VBTS,sinsuyo,VBTS
14711,hindimaganda|VBTS,hindimaganda,VBTS
14712,alampay|NNC,alampay,NNC
14713,tanin|NNC,tanin,NNC
14714,bilang|CCT,bilang,CCT
14715,hinabol|VBOF,hinabol,VBOF
14716,nakalusot|VBTS,nakalusot,VBTS
14717,Kalabog|NNP,Kalabog,NNP
14718,namumula|VBTR,namumula,VBTR
14719,luntiang|JJD_CCP,luntiang,JJD_CCP
14720,tindera|NNC,tindera,NNC
14721,nagpataas|VBTS,nagpataas,VBTS
14722,Pinagsama|VBRF,Pinagsama,VBRF
14723,sawang|NNC_CCP,sawang,NNC_CCP
14724,nasisiraan|VBTR,nasisiraan,VBTR
14725,Galít|FW,Galít,FW
14726,kahabaan|NNC,kahabaan,NNC
14727,lathala|NNC,lathala,NNC
14728,pinagulong|VBRF_CCP,pinagulong,VBRF_CCP
14729,napakabata|JJCS_JJD,napakabata,JJCS_JJD
14730,itanong|NNC,itanong,NNC
14731,Magtatagpo|VBTF,Magtatagpo,VBTF
14732,mabigyang|VBOF_CCP,mabigyang,VBOF_CCP
14733,Himalayaw|NNP,Himalayaw,NNP
14734,padyakSigner|NNP,padyakSigner,NNP
14735,nilutong|NNC_CCP,nilutong,NNC_CCP
14736,sandata|NNC,sandata,NNC
14737,아하는일들에적극적으로참여하며생활해왔습|CDB,아하는일들에적극적으로참여하며생활해왔습,CDB
14738,baka|NNC,baka,NNC
14739,seryosong|JJD_CCP,seryosong,JJD_CCP
14740,Pihu|NNP,Pihu,NNP
14741,Niloko|NNP,Niloko,NNP
14742,tahi|NNC,tahi,NNC
14743,Nakapagpatayo|VBTS,Nakapagpatayo,VBTS
14744,pagaspas|VBW,pagaspas,VBW
14745,Saudi|NNP,Saudi,NNP
14746,imbitahin|VBOF,imbitahin,VBOF
14747,Martes|NNP,Martes,NNP
14748,haha|FW,haha,FW
14749,Inakala|VBTS,Inakala,VBTS
14750,ingat|FW,ingat,FW
14751,nangamba|VBTS,nangamba,VBTS
14752,hinihiwalay|VBTR,hinihiwalay,VBTR
14753,assistance|FW,assistance,FW
14754,mapapansin|VBTF,mapapansin,VBTF
14755,Pipi|NNP,Pipi,NNP
14756,huwagmagpahuli|VBTR,huwagmagpahuli,VBTR
14757,sumisigaw|VBTR_VBAF,sumisigaw,VBTR_VBAF
14758,walis|NNC,walis,NNC
14759,maistorbo|VBW,maistorbo,VBW
14760,malaman|VBW,malaman,VBW
14761,Pinapangarap|VBTR,Pinapangarap,VBTR
14762,nilalakaran|VBTR,nilalakaran,VBTR
14763,designing|FW,designing,FW
14764,mananghalian|NNC,mananghalian,NNC
14765,nananakbo|VBTR,nananakbo,VBTR
14766,matiyaga|JJD,matiyaga,JJD
14767,Ayokong|RBF,Ayokong,RBF
14768,«|PMS,«,PMS
14769,pagkonektahin|VBOF,pagkonektahin,VBOF
14770,pagsusulit|NNC,pagsusulit,NNC
14771,Dunlop|NNP,Dunlop,NNP
14772,Akay|NNC,Akay,NNC
14773,galang|NNC,galang,NNC
14774,napadpad|VBTS,napadpad,VBTS
14775,pilyong|JJD_CCP,pilyong,JJD_CCP
14776,였으며|PMS,였으며,PMS
14777,Basta|NNP,Basta,NNP
14778,nakatatákot|JJD,nakatatákot,JJD
14779,matatapang|JJD_CCP,matatapang,JJD_CCP
14780,kasinlaki|JJC,kasinlaki,JJC
14781,B|NNP,B,NNP
14782,Animo|NNP,Animo,NNP
14783,gawain|NNC,gawain,NNC
14784,magsalita|VBAF,magsalita,VBAF
14785,Tinatakot|VBTR,Tinatakot,VBTR
14786,kinulayan|VBOF,kinulayan,VBOF
14787,makintab|JJD,makintab,JJD
14788,kapatagan|NNC,kapatagan,NNC
14789,Tigilllllllllll|NNP,Tigilllllllllll,NNP
14790,napakatangkad|JJCS_JJD,napakatangkad,JJCS_JJD
14791,pelikulang|NNC_CCP,pelikulang,NNC_CCP
14792,kababaihang|NNC_CCP,kababaihang,NNC_CCP
14793,Tinuro|VBOF,Tinuro,VBOF
14794,Sister|NNP,Sister,NNP
14795,Pumutol|VBAF,Pumutol,VBAF
14796,teleskopyo|NNC,teleskopyo,NNC
14797,Mapanganib|JJD,Mapanganib,JJD
14798,KANAN|NNPA,KANAN,NNPA
14799,gisantes|FW,gisantes,FW
14800,Papangalanan|NNP,Papangalanan,NNP
14801,pagtigil|NNC,pagtigil,NNC
14802,magsaboy|VBW,magsaboy,VBW
14803,hirap|NNC,hirap,NNC
14804,Nambiet|VBTS,Nambiet,VBTS
14805,Nanalamin|VBTS,Nanalamin,VBTS
14806,tinignan|VBOF,tinignan,VBOF
14807,pistolang|JJD_CCP,pistolang,JJD_CCP
14808,dahilan|NNC,dahilan,NNC
14809,napasanin|VBTS,napasanin,VBTS
14810,Kale|NNP,Kale,NNP
14811,Pamati.halika|NNP,Pamati.halika,NNP
14812,ulam|NNC,ulam,NNC
14813,Anak|NNC,Anak,NNC
14814,selfie|FW,selfie,FW
14815,payo|NNC,payo,NNC
14816,makatakas|VBW,makatakas,VBW
14817,medalya|NNC,medalya,NNC
14818,400pesos|CDB,400pesos,CDB
14819,Itay|NNC,Itay,NNC
14820,pagbaba|NNC,pagbaba,NNC
14821,flashlight|FW,flashlight,FW
14822,Ginising|NNP,Ginising,NNP
14823,EKSAGONOPusa|NNP,EKSAGONOPusa,NNP
14824,tummy|VBAF,tummy,VBAF
14825,Makakabili|VBTF,Makakabili,VBTF
14826,Lumiwanag|VBTR_VBAF,Lumiwanag,VBTR_VBAF
14827,Tayo|PRS,Tayo,PRS
14828,tinidor|NNC,tinidor,NNC
14829,umawit|VBAF,umawit,VBAF
14830,labasan|NNC,labasan,NNC
14831,talaga|RBT,talaga,RBT
14832,padausdusan|NNC,padausdusan,NNC
14833,sinaing|NNC,sinaing,NNC
14834,kanayunan|NNC,kanayunan,NNC
14835,Amy|NNP,Amy,NNP
14836,potensiyal|JJD,potensiyal,JJD
14837,mute|FW,mute,FW
14838,maaasahan|VBTF,maaasahan,VBTF
14839,ulalo|JJD,ulalo,JJD
14840,isa|PRI,isa,PRI
14841,Tatanungin|VBTF,Tatanungin,VBTF
14842,Ellie|NNP,Ellie,NNP
14843,paligi|NNC,paligi,NNC
14844,Isinuot|VBTS,Isinuot,VBTS
14845,pabuntong|JJD_CCP,pabuntong,JJD_CCP
14846,nakabibighaning|VBTR_CCP,nakabibighaning,VBTR_CCP
14847,beak|NNC,beak,NNC
14848,Dhhummm|NNP,Dhhummm,NNP
14849,templo|NNC,templo,NNC
14850,show|FW,show,FW
14851,naiiwan|VBTR,naiiwan,VBTR
14852,WhoooahNaku|NNP,WhoooahNaku,NNP
14853,pakete|NNC,pakete,NNC
14854,idolo|NNC,idolo,NNC
14855,bumulong|VBAF,bumulong,VBAF
14856,magbiyak|VBW,magbiyak,VBW
14857,Kumakain|VBTR_VBAF,Kumakain,VBTR_VBAF
14858,Inuubo|NNP,Inuubo,NNP
14859,Batid|VBS,Batid,VBS
14860,imprenta|JJD,imprenta,JJD
14861,dyan|RBD,dyan,RBD
14862,aayusin|VBTF,aayusin,VBTF
14863,mangiyak|NNC,mangiyak,NNC
14864,mapapagod|VBW,mapapagod,VBW
14865,magpagawa|VBW,magpagawa,VBW
14866,natitiráng|VBTS_CCP,natitiráng,VBTS_CCP
14867,makatas|JJD,makatas,JJD
14868,BY|NNPA,BY,NNPA
14869,Dahan|NNP,Dahan,NNP
14870,niBonong|VBTS,niBonong,VBTS
14871,Huhu|NNP,Huhu,NNP
14872,Bili|NNP,Bili,NNP
14873,Bulaga|NNP,Bulaga,NNP
14874,id|FW,id,FW
14875,nagdulot|VBTS,nagdulot,VBTS
14876,side|FW,side,FW
14877,Pumayag|VBAF,Pumayag,VBAF
14878,nakayanan|RBD,nakayanan,RBD
14879,Katu|NNP,Katu,NNP
14880,America|NNP,America,NNP
14881,naglalayag|VBTR,naglalayag,VBTR
14882,won|FW,won,FW
14883,makapagpahinga|VBW,makapagpahinga,VBW
14884,liquefied|FW,liquefied,FW
14885,paghingal|NNC,paghingal,NNC
14886,kapatidnito|NNC,kapatidnito,NNC
14887,inabutan|VBTS,inabutan,VBTS
14888,mapagbigay|JJD,mapagbigay,JJD
14889,Gagamutin|NNP,Gagamutin,NNP
14890,TrungNhi|FW,TrungNhi,FW
14891,SILINDRO|NNC,SILINDRO,NNC
14892,Pandan|NNP,Pandan,NNP
14893,Tinanong|VBTS,Tinanong,VBTS
14894,aking|PRSP_CCP,aking,PRSP_CCP
14895,kabigat|JJD,kabigat,JJD
14896,iligtas|VBOF,iligtas,VBOF
14897,natawa|VBTS,natawa,VBTS
14898,naisip|VBTS,naisip,VBTS
14899,Matko|NNP,Matko,NNP
14900,masusustansiyang|JJD_CCP,masusustansiyang,JJD_CCP
14901,Iprito|NNP,Iprito,NNP
14902,training|FW,training,FW
14903,giraffe|FW,giraffe,FW
14904,papauwi|VBTF,papauwi,VBTF
14905,Sshhhhhh|NNP,Sshhhhhh,NNP
14906,Krrr|NNP,Krrr,NNP
14907,pagbasak|NNC,pagbasak,NNC
14908,kulubot|NNC,kulubot,NNC
14909,Napaka|VBTS,Napaka,VBTS
14910,magsigawan|VBW,magsigawan,VBW
14911,tentacles|FW,tentacles,FW
14912,힘들었을겁니다.그러나한번의글쓰기는말하기백번과는비교도|PMS,힘들었을겁니다.그러나한번의글쓰기는말하기백번과는비교도,PMS
14913,KUMPANYA|NNP,KUMPANYA,NNP
14914,niTikboy|NNP,niTikboy,NNP
14915,napakasayang|JJCS_JJD_CCP,napakasayang,JJCS_JJD_CCP
14916,famous|FW,famous,FW
14917,Nita|NNP,Nita,NNP
14918,inilunsad|VBTS,inilunsad,VBTS
14919,ipinunla|VBOF,ipinunla,VBOF
14920,nagpapatuli|VBTR,nagpapatuli,VBTR
14921,Nasundan|VBTS,Nasundan,VBTS
14922,kinaumagahan|VBOF,kinaumagahan,VBOF
14923,sinusubuan|VBTR_VBOF,sinusubuan,VBTR_VBOF
14924,nanalo|VBTS,nanalo,VBTS
14925,Karete|NNP,Karete,NNP
14926,„|PMS,„,PMS
14927,Whistling|NNP,Whistling,NNP
14928,tagapagbantay|NNC,tagapagbantay,NNC
14929,Lake|NNP,Lake,NNP
14930,bumabalot|VBTR_VBAF,bumabalot,VBTR_VBAF
14931,masayang|JJD_CCP,masayang,JJD_CCP
14932,kungmagkano|VBTR,kungmagkano,VBTR
14933,masusing|JJD_CCP,masusing,JJD_CCP
14934,bilin|NNC,bilin,NNC
14935,Ibinigay|VBTS,Ibinigay,VBTS
14936,magbilang|VBAF,magbilang,VBAF
14937,init|NNC,init,NNC
14938,Magkapares|VBW,Magkapares,VBW
14939,versatile|FW,versatile,FW
14940,kuwadrado|NNC,kuwadrado,NNC
14941,etnikong|JJD_CCP,etnikong,JJD_CCP
14942,tumambad|VBAF,tumambad,VBAF
14943,robot|FW,robot,FW
14944,Award|NNP,Award,NNP
14945,Mukha|RBD,Mukha,RBD
14946,Napakalungkot|VBTS,Napakalungkot,VBTS
14947,umuulan|VBTR,umuulan,VBTR
14948,pahinang|NNC_CCP,pahinang,NNC_CCP
14949,pangkapaligiranay|JJD,pangkapaligiranay,JJD
14950,sinabi|VBTS,sinabi,VBTS
14951,Napuluputan|VBTR,Napuluputan,VBTR
14952,www.wildlifealliance.org/tag/wildlife|FW,www.wildlifealliance.org/tag/wildlife,FW
14953,makasilip|VBW,makasilip,VBW
14954,nakakunot|VBTS,nakakunot,VBTS
14955,binti|NNC,binti,NNC
14956,gumagalaw|VBTR_VBAF,gumagalaw,VBTR_VBAF
14957,tumira|VBAF,tumira,VBAF
14958,Umuuwi|VBTR_VBAF,Umuuwi,VBTR_VBAF
14959,natakpan|VBTS,natakpan,VBTS
14960,simangot|NNC,simangot,NNC
14961,gagamit|VBTF,gagamit,VBTF
14962,napaupo|VBTS,napaupo,VBTS
14963,madungis|VBW,madungis,VBW
14964,Tumango|VBAF,Tumango,VBAF
14965,giginhawa|FW,giginhawa,FW
14966,buksan|VBOF,buksan,VBOF
14967,conducted|FW,conducted,FW
14968,napasigaw|VBTS,napasigaw,VBTS
14969,ishow|FW,ishow,FW
14970,gilid|JJD,gilid,JJD
14971,napakaputing|JJCS_JJD_CCP,napakaputing,JJCS_JJD_CCP
14972,dumi|NNC,dumi,NNC
14973,sitenta|NNC,sitenta,NNC
14974,pwede|RBT,pwede,RBT
14975,anyayahan|NNC,anyayahan,NNC
14976,nakipagdigmaan|VBTS,nakipagdigmaan,VBTS
14977,Sa|CCT,Sa,CCT
14978,hanggang|RBW,hanggang,RBW
14979,dayami|NNC,dayami,NNC
14980,malungkot|JJD,malungkot,JJD
14981,pinakamatapat|JJCS_JJD,pinakamatapat,JJCS_JJD
14982,liliit|VBTF,liliit,VBTF
14983,kalye|NNC,kalye,NNC
14984,Nakabingwit|RBD,Nakabingwit,RBD
14985,inatake|VBTS,inatake,VBTS
14986,Tumalon|NNP,Tumalon,NNP
14987,madungis|JJD,madungis,JJD
14988,mysterious|FW,mysterious,FW
14989,sabik|JJD,sabik,JJD
14990,Title|NNP,Title,NNP
14991,maramdaman|FW,maramdaman,FW
14992,sinulid|NNC,sinulid,NNC
14993,Tiyo|NNC,Tiyo,NNC
14994,magpaulan|VBTF,magpaulan,VBTF
14995,Nakakabit|VBTS,Nakakabit,VBTS
14996,tugon|NNC,tugon,NNC
14997,daw|RBI,daw,RBI
14998,kapit|NNC,kapit,NNC
14999,sumilip|VBAF,sumilip,VBAF
15000,lohika|NNC,lohika,NNC
15001,makukuha|VBW,makukuha,VBW
15002,Shrestha|NNP,Shrestha,NNP
15003,ampalaya|NNC,ampalaya,NNC
15004,nag|PRSP_CCP,nag,PRSP_CCP
15005,inakyat|VBTS,inakyat,VBTS
15006,Tinuruan|VBTS,Tinuruan,VBTS
15007,Diyos|NNP,Diyos,NNP
15008,Langgam|NNP,Langgam,NNP
15009,Goaaaaaal|NNP,Goaaaaaal,NNP
15010,mausisang|JJD_CCP,mausisang,JJD_CCP
15011,Sage|NNP,Sage,NNP
15012,ako|PRS,ako,PRS
15013,Holmes|NNP,Holmes,NNP
15014,oh|FW,oh,FW
15015,malusog|JJD,malusog,JJD
15016,Gustung|NNP,Gustung,NNP
15017,naglilibot|VBTR,naglilibot,VBTR
15018,Pahulaan|NNP,Pahulaan,NNP
15019,pagwawala|NNC,pagwawala,NNC
15020,Himalayan|NNP,Himalayan,NNP
15021,pagpapabuti|NNC,pagpapabuti,NNC
15022,xylophone|FW,xylophone,FW
15023,kayang|CCR_CCP,kayang,CCR_CCP
15024,Vroom|NNP,Vroom,NNP
15025,tenga|NNC,tenga,NNC
15026,virus|FW,virus,FW
15027,taumbayan|NNC,taumbayan,NNC
15028,nandoon|RBL,nandoon,RBL
15029,Nagtatakbuhan|VBTS,Nagtatakbuhan,VBTS
15030,nagpapalipad|VBTR,nagpapalipad,VBTR
15031,malubha|JJD,malubha,JJD
15032,nagtatalon|VBTR,nagtatalon,VBTR
15033,Dory|NNP,Dory,NNP
15034,pinahintulutang|RBD_CCP,pinahintulutang,RBD_CCP
15035,pagmamalaking|NNC_CCP,pagmamalaking,NNC_CCP
15036,labinlimang|JJN_CCP,labinlimang,JJN_CCP
15037,kakaiba|JJD,kakaiba,JJD
15038,mabantayan|VBW,mabantayan,VBW
15039,아껴줘야합니다|NNC,아껴줘야합니다,NNC
15040,naglalambitin|VBTS,naglalambitin,VBTS
15041,EKSAKTONG|NNPA,EKSAKTONG,NNPA
15042,Shiva|NNP,Shiva,NNP
15043,iguguhit|VBTF,iguguhit,VBTF
15044,hilo|JJD,hilo,JJD
15045,kalidad|NNC,kalidad,NNC
15046,tumatakas|VBTR_VBAF,tumatakas,VBTR_VBAF
15047,aniya|NNC,aniya,NNC
15048,Kumikinang|VBTR_CCP,Kumikinang,VBTR_CCP
15049,listahan|NNC,listahan,NNC
15050,taba|NNC,taba,NNC
15051,kinipkip|VBTR,kinipkip,VBTR
15052,tuladng|NNC_CCP,tuladng,NNC_CCP
15053,Laro|NNP,Laro,NNP
15054,nanghuli|VBTS,nanghuli,VBTS
15055,Sinisikap|VBTS,Sinisikap,VBTS
15056,nagpaunahang|VBTR_CCP,nagpaunahang,VBTR_CCP
15057,pakatapos|NNC,pakatapos,NNC
15058,sisingilin|VBTF,sisingilin,VBTF
15059,dumudugong|VBTR_VBAF_CCP,dumudugong,VBTR_VBAF_CCP
15060,Pagsikat|VBW,Pagsikat,VBW
15061,Binibini|FW,Binibini,FW
15062,magpatuli|VBW,magpatuli,VBW
15063,pagyayabang|NNC,pagyayabang,NNC
15064,hahawakan|VBTF,hahawakan,VBTF
15065,Moooo|NNP,Moooo,NNP
15066,wheelchair|FW,wheelchair,FW
15067,atak|NNC,atak,NNC
15068,Nakaakbay|VBTS,Nakaakbay,VBTS
15069,makapapanakitsa|VBW,makapapanakitsa,VBW
15070,pulso|NNC,pulso,NNC
15071,pilyego|NNC,pilyego,NNC
15072,Kinausap|VBTS,Kinausap,VBTS
15073,matuli|VBW,matuli,VBW
15074,parehas|JJC,parehas,JJC
15075,tropiyo|NNC,tropiyo,NNC
15076,panganay|NNC,panganay,NNC
15077,Nagtalukbong|VBTS,Nagtalukbong,VBTS
15078,nagmamaneho|VBTR,nagmamaneho,VBTR
15079,iniwang|VBOF_CCP,iniwang,VBOF_CCP
15080,taong|NNC,taong,NNC
15081,napapatingin|VBTR,napapatingin,VBTR
15082,tumulo|VBAF,tumulo,VBAF
15083,저는39|CDB,저는39,CDB
15084,tantiya|JJD,tantiya,JJD
15085,nagpapalakas|VBTR,nagpapalakas,VBTR
15086,gawing|VBOF_CCP,gawing,VBOF_CCP
15087,titser|FW,titser,FW
15088,Palaka|NNP,Palaka,NNP
15089,matatag|JJD,matatag,JJD
15090,selebrasyon|NNC,selebrasyon,NNC
15091,Trung|NNP,Trung,NNP
15092,nakakapagpasaya|RBD,nakakapagpasaya,RBD
15093,sanitizer|FW,sanitizer,FW
15094,malalim|JJD,malalim,JJD
15095,Advancing|NNP,Advancing,NNP
15096,pintor|NNC,pintor,NNC
15097,sinasadya|VBTR,sinasadya,VBTR
15098,mapanakit|VBW,mapanakit,VBW
15099,volunteers|FW,volunteers,FW
15100,Susan|NNP,Susan,NNP
15101,nakakalaro|VBTR,nakakalaro,VBTR
15102,dalubhasa|NNC,dalubhasa,NNC
15103,panahon.umaliwalas|JJD,panahon.umaliwalas,JJD
15104,makikita|VBTF,makikita,VBTF
15105,Nakolekta|VBTS,Nakolekta,VBTS
15106,tuntungan|NNC,tuntungan,NNC
15107,Nakipaglaro|VBTS,Nakipaglaro,VBTS
15108,One|NNP,One,NNP
15109,hangga|NNC,hangga,NNC
15110,maipaayos|VBW,maipaayos,VBW
15111,Bibe|NNP,Bibe,NNP
15112,Cimarron|NNP,Cimarron,NNP
15113,Nagbigay|VBTS,Nagbigay,VBTS
15114,AT|NNPA,AT,NNPA
15115,engineering|FW,engineering,FW
15116,pinulot|VBTS,pinulot,VBTS
15117,Nani|NNP,Nani,NNP
15118,Voices|FW,Voices,FW
15119,Cuscus|NNP,Cuscus,NNP
15120,Shyam|NNP,Shyam,NNP
15121,makagalaw|VBTF,makagalaw,VBTF
15122,paliligo|NNC,paliligo,NNC
15123,bass|FW,bass,FW
15124,ginawan|VBTS,ginawan,VBTS
15125,naghilahan|VBTS,naghilahan,VBTS
15126,Syeda|NNP,Syeda,NNP
15127,nagkasakit|VBTS,nagkasakit,VBTS
15128,Nagulat|VBTS,Nagulat,VBTS
15129,utak|NNC,utak,NNC
15130,Doona|NNP,Doona,NNP
15131,kumatok|VBAF,kumatok,VBAF
15132,maliit|JJD,maliit,JJD
15133,bumukadkad|VBTR_VBAF,bumukadkad,VBTR_VBAF
15134,nalantang|VBTS_CCP,nalantang,VBTS_CCP
15135,piso|NNC,piso,NNC
15136,Naghawak|VBTS,Naghawak,VBTS
15137,LacTuong|NNC_CCP,LacTuong,NNC_CCP
15138,kanilangmatapang|NNC,kanilangmatapang,NNC
15139,PasasalamatNais|NNP,PasasalamatNais,NNP
15140,naligtas|VBTS,naligtas,VBTS
15141,makakalakad|VBW,makakalakad,VBW
15142,Humingi|VBAF,Humingi,VBAF
15143,kinukuskos|VBTR,kinukuskos,VBTR
15144,puntahan|VBOF,puntahan,VBOF
15145,maso|NNC,maso,NNC
15146,Nanatiling|VBTS_CCP,Nanatiling,VBTS_CCP
15147,sumisilong|VBTR_VBAF,sumisilong,VBTR_VBAF
15148,Napapalibutan|VBTR,Napapalibutan,VBTR
15149,takotsa|NNC,takotsa,NNC
15150,Refugee|NNP,Refugee,NNP
15151,Estate|NNP,Estate,NNP
15152,binato|VBOF,binato,VBOF
15153,Pigeon|NNP,Pigeon,NNP
15154,Humuni|NNP,Humuni,NNP
15155,Tag|NNC,Tag,NNC
15156,magsimba|VBW,magsimba,VBW
15157,nagsasabit|VBTR,nagsasabit,VBTR
15158,sumasandal|VBTR_VBAF,sumasandal,VBTR_VBAF
15159,nawa|VBTS,nawa,VBTS
15160,trapiko|NNC,trapiko,NNC
15161,nagbibisekleta|VBTS,nagbibisekleta,VBTS
15162,pagsubok|NNC,pagsubok,NNC
15163,natusok|VBTS,natusok,VBTS
15164,bumilang|VBAF,bumilang,VBAF
15165,kuyang|RBW_CCP,kuyang,RBW_CCP
15166,halong|NNC_CCP,halong,NNC_CCP
15167,tumango|NNC,tumango,NNC
15168,조사탐색했지만|CDB,조사탐색했지만,CDB
15169,sabik|RBD,sabik,RBD
15170,disenyong|NNC_CCP,disenyong,NNC_CCP
15171,pagpapalipad|NNC,pagpapalipad,NNC
15172,Tink|FW,Tink,FW
15173,ipinagdiriwang|VBTR,ipinagdiriwang,VBTR
15174,pindutan|NNC,pindutan,NNC
15175,nilasap|VBTS,nilasap,VBTS
15176,atensyon|NNC,atensyon,NNC
15177,kwentong|NNC_CCP,kwentong,NNC_CCP
15178,bakas|NNC,bakas,NNC
15179,Iniayos|VBTS,Iniayos,VBTS
15180,Atlantic|NNP,Atlantic,NNP
15181,leksyon|NNC,leksyon,NNC
15182,taguan|NNC,taguan,NNC
15183,Pappak|NNP,Pappak,NNP
15184,nakasiyahan|VBTS,nakasiyahan,VBTS
15185,Sinasaway|VBTR,Sinasaway,VBTR
15186,pakulo|NNC,pakulo,NNC
15187,help|FW,help,FW
15188,huliin|VBOF,huliin,VBOF
15189,Acha|NNP,Acha,NNP
15190,nandito|VBTS,nandito,VBTS
15191,kinatatakutan|VBTR,kinatatakutan,VBTR
15192,Foundationat|NNP,Foundationat,NNP
15193,dapatsilang|RBD_CCP,dapatsilang,RBD_CCP
15194,mamumutol|NNC,mamumutol,NNC
15195,by|FW,by,FW
15196,CLICK|NNPA,CLICK,NNPA
15197,De|NNP,De,NNP
15198,nakasusulat|VBTR,nakasusulat,VBTR
15199,gambalahin|VBOF,gambalahin,VBOF
15200,Sabby|NNP,Sabby,NNP
15201,Mikrobyo|NNP,Mikrobyo,NNP
15202,isa|JJN,isa,JJN
15203,dinilaan|VBTS,dinilaan,VBTS
15204,Tukuyin|VBOF,Tukuyin,VBOF
15205,Bigay|NNP,Bigay,NNP
15206,matambok|JJD,matambok,JJD
15207,pagkukwento|VBW,pagkukwento,VBW
15208,timbang|NNC,timbang,NNC
15209,Huo|NNP,Huo,NNP
15210,Bilisan|VBOF,Bilisan,VBOF
15211,Palipat|NNP,Palipat,NNP
15212,pagbabagong|NNC_CCP,pagbabagong,NNC_CCP
15213,naayos|VBTS,naayos,VBTS
15214,Ididikit|VBOF,Ididikit,VBOF
15215,natitirang|VBTR_CCP,natitirang,VBTR_CCP
15216,humahantong|VBTR_VBAF,humahantong,VBTR_VBAF
15217,pahinga|NNC,pahinga,NNC
15218,Stitching|NNC_CCP,Stitching,NNC_CCP
15219,Karaniwan|JJD,Karaniwan,JJD
15220,Sampuk|NNP,Sampuk,NNP
15221,mapuputing|JJD_CCP,mapuputing,JJD_CCP
15222,papansinin|VBTF,papansinin,VBTF
15223,saan|RBW,saan,RBW
15224,nakayanang|RBD_CCP,nakayanang,RBD_CCP
15225,lumba|JJD,lumba,JJD
15226,maindayog|JJD,maindayog,JJD
15227,저는아이와함께그림|CDB,저는아이와함께그림,CDB
15228,sole|FW,sole,FW
15229,magtagu|VBAF,magtagu,VBAF
15230,Kahawig|JJD,Kahawig,JJD
15231,makanguya|VBW,makanguya,VBW
15232,kabangis|NNC,kabangis,NNC
15233,antena|NNC,antena,NNC
15234,loon|FW,loon,FW
15235,kinagat|VBTS,kinagat,VBTS
15236,pinoprotektahan|VBTR,pinoprotektahan,VBTR
15237,Kinalaunan|RBW,Kinalaunan,RBW
15238,platypus|FW,platypus,FW
15239,Regmi|NNP,Regmi,NNP
15240,kabog|JJD,kabog,JJD
15241,Swissssshhh|NNP,Swissssshhh,NNP
15242,Nabali|VBTS,Nabali,VBTS
15243,Nalaglag|VBTS,Nalaglag,VBTS
15244,design|FW,design,FW
15245,huhugas|VBOF,huhugas,VBOF
15246,lampaso|NNC,lampaso,NNC
15247,pagpapahayag|NNC,pagpapahayag,NNC
15248,tagaalaga|NNC,tagaalaga,NNC
15249,nagtanim|VBTS,nagtanim,VBTS
15250,kaibgan|NNC,kaibgan,NNC
15251,Gabay|NNP,Gabay,NNP
15252,masustansya|VBW,masustansya,VBW
15253,dagdagan|VBOF,dagdagan,VBOF
15254,napapatayo|VBTR,napapatayo,VBTR
15255,Wowwwww|NNP,Wowwwww,NNP
15256,pagpagpapatalbog|NNC,pagpagpapatalbog,NNC
15257,zag|FW,zag,FW
15258,Mahargan|NNP,Mahargan,NNP
15259,Banayad|JJD,Banayad,JJD
15260,Unat|NNP,Unat,NNP
15261,pagpapakawala|NNC,pagpapakawala,NNC
15262,buon|FW,buon,FW
15263,control|FW,control,FW
15264,kapantay|JJD,kapantay,JJD
15265,uminit|VBAF,uminit,VBAF
15266,ipagluto|VBOB,ipagluto,VBOB
15267,mapupulang|JJD_CCP,mapupulang,JJD_CCP
15268,magingat|VBTF,magingat,VBTF
15269,sinulid|FW,sinulid,FW
15270,pakibilisan|NNC,pakibilisan,NNC
15271,higanteng|JJD_CCP,higanteng,JJD_CCP
15272,itinatag|VBTS,itinatag,VBTS
15273,makatawid|VBW,makatawid,VBW
15274,Isinilid|VBTS,Isinilid,VBTS
15275,Yaay|NNP,Yaay,NNP
15276,asikaso|NNC,asikaso,NNC
15277,pasimple|FW,pasimple,FW
15278,Ado|NNP,Ado,NNP
15279,akala|VBS,akala,VBS
15280,naglalaman|VBTR,naglalaman,VBTR
15281,sabat|NNC,sabat,NNC
15282,tagabantay|NNC,tagabantay,NNC
15283,Hinahagis|NNP,Hinahagis,NNP
15284,Kita|NNP,Kita,NNP
15285,naginagamit|VBTR,naginagamit,VBTR
15286,hiyaw|NNC,hiyaw,NNC
15287,upo|NNC,upo,NNC
15288,nakakakain|VBTR,nakakakain,VBTR
15289,nabansagan|VBTS,nabansagan,VBTS
15290,babaeng|NNC_CCP,babaeng,NNC_CCP
15291,kailanma|NNC,kailanma,NNC
15292,wala|VBN,wala,VBN
15293,sugatan|JJD,sugatan,JJD
15294,pagturing|VBW,pagturing,VBW
15295,pakikipaglaro|NNC,pakikipaglaro,NNC
15296,Cluck|NNP,Cluck,NNP
15297,sariling|NNC_CCP,sariling,NNC_CCP
15298,tinadtad|VBOF,tinadtad,VBOF
15299,pagtulog|NNC,pagtulog,NNC
15300,naglililwanag|VBTS,naglililwanag,VBTS
15301,aalmusal|FW,aalmusal,FW
15302,nagsisiuwian|VBTR,nagsisiuwian,VBTR
15303,Sakor|NNP,Sakor,NNP
15304,Lunes|NNP,Lunes,NNP
15305,berde|JJD,berde,JJD
15306,naipasok|VBTS,naipasok,VBTS
15307,paghahandaan|VBW,paghahandaan,VBW
15308,pagsasama|NNC,pagsasama,NNC
15309,say|NNC,say,NNC
15310,nagbobomba|VBTR,nagbobomba,VBTR
15311,sasarap|VBOF,sasarap,VBOF
15312,pumupuno|VBTR_VBAF,pumupuno,VBTR_VBAF
15313,Mga|DTCP,Mga,DTCP
15314,lumakad|VBAF,lumakad,VBAF
15315,alisin|VBOF,alisin,VBOF
15316,magbago|VBW,magbago,VBW
15317,ididikit|VBOF,ididikit,VBOF
15318,mapipigilan|VBTF,mapipigilan,VBTF
15319,많은우주의별들|NNC,많은우주의별들,NNC
15320,nagpapalungkot|VBTR,nagpapalungkot,VBTR
15321,protected|FW,protected,FW
15322,Tinatakpan|VBTR,Tinatakpan,VBTR
15323,niyakapHindi|VBTR,niyakapHindi,VBTR
15324,manalo|VBW,manalo,VBW
15325,mabituing|JJD_CCP,mabituing,JJD_CCP
15326,Neptune|NNP,Neptune,NNP
15327,aktwal|JJD,aktwal,JJD
15328,paroo|NNC,paroo,NNC
15329,pagkakaalala|VBW,pagkakaalala,VBW
15330,Ipakita|VBTS_VBOF,Ipakita,VBTS_VBOF
15331,dhals|FW,dhals,FW
15332,mapagbiro|VBW,mapagbiro,VBW
15333,Quintana|NNP,Quintana,NNP
15334,mababawi|VBTF,mababawi,VBTF
15335,nakangiting|JJD_CCP,nakangiting,JJD_CCP
15336,Prinsesa|NNP,Prinsesa,NNP
15337,estudyante|NNC,estudyante,NNC
15338,langoy|NNC,langoy,NNC
15339,Aaargh|NNP,Aaargh,NNP
15340,nakakulong|VBTS,nakakulong,VBTS
15341,Isinalaysay|VBTS,Isinalaysay,VBTS
15342,Nakakatamad|NNP,Nakakatamad,NNP
15343,1950shanggang|CDB,1950shanggang,CDB
15344,Tiwi|NNP,Tiwi,NNP
15345,napunta|VBTS,napunta,VBTS
15346,napapanaginipan|VBTR,napapanaginipan,VBTR
15347,project|FW,project,FW
15348,malilito|VBW,malilito,VBW
15349,aning|JJD_CCP,aning,JJD_CCP
15350,Epi|NNP,Epi,NNP
15351,Hinliliit|NNP,Hinliliit,NNP
15352,kuhanan|VBTS_VBOF,kuhanan,VBTS_VBOF
15353,tao|NNC,tao,NNC
15354,makapagdesisyon|VBW,makapagdesisyon,VBW
15355,tinirahan|VBTS,tinirahan,VBTS
15356,telebisyon|NNC,telebisyon,NNC
15357,rehiyon|NNC,rehiyon,NNC
15358,그래서캄보디아의재|FW,그래서캄보디아의재,FW
15359,pasahero|NNC,pasahero,NNC
15360,pangyayari|NNC,pangyayari,NNC
15361,baba|JJD,baba,JJD
15362,Pinadalhan|VBTS,Pinadalhan,VBTS
15363,mapahihinto|VBW,mapahihinto,VBW
15364,Kuliglig|NNP,Kuliglig,NNP
15365,mangagagwa|VBW,mangagagwa,VBW
15366,yayain|VBOF,yayain,VBOF
15367,magbuhos|VBW,magbuhos,VBW
15368,kumakahol|VBAF,kumakahol,VBAF
15369,eskwela|NNC,eskwela,NNC
15370,tinawag|VBTS,tinawag,VBTS
15371,kamelyo|NNC,kamelyo,NNC
15372,manika|NNC,manika,NNC
15373,Bigla|NNP,Bigla,NNP
15374,sikat|JJD,sikat,JJD
15375,pinakamaganda|JJCS_JJD,pinakamaganda,JJCS_JJD
15376,Thisbookdevelopmentprojectfocusesonscience|NNP,Thisbookdevelopmentprojectfocusesonscience,NNP
15377,naghagis|FW,naghagis,FW
15378,Lumago|VBAF,Lumago,VBAF
15379,Do|NNP,Do,NNP
15380,kalikasan|NNC,kalikasan,NNC
15381,Iiwan|VBTF,Iiwan,VBTF
15382,Pagtiklop|NNP,Pagtiklop,NNP
15383,gulat|NNC,gulat,NNC
15384,masasalinan|VBTF,masasalinan,VBTF
15385,maitaboy|VBW,maitaboy,VBW
15386,Eeeekkkk|NNP,Eeeekkkk,NNP
15387,nilalaro|VBTR,nilalaro,VBTR
15388,binastos|VBOF,binastos,VBOF
15389,kumislot|VBAF,kumislot,VBAF
15390,kastilyong|NNC_CCP,kastilyong,NNC_CCP
15391,Eeek|NNP,Eeek,NNP
15392,Titingala|NNP,Titingala,NNP
15393,tubigan|JJD,tubigan,JJD
15394,as|FW,as,FW
15395,matalo|VBW,matalo,VBW
15396,bigyan|VBOF,bigyan,VBOF
15397,nanawalan|VBTR,nanawalan,VBTR
15398,hanger|FW,hanger,FW
15399,Nimo|NNP,Nimo,NNP
15400,Agtang|PRQ_CCP,Agtang,PRQ_CCP
15401,Ganiyan|NNP,Ganiyan,NNP
15402,palibot|JJD,palibot,JJD
15403,nagkamit|VBTS,nagkamit,VBTS
15404,napakabango|JJCS_JJD,napakabango,JJCS_JJD
15405,sampung|JJN_CCP,sampung,JJN_CCP
15406,pinaulan|VBOF,pinaulan,VBOF
15407,storybook|FW,storybook,FW
15408,akuin|VBOF,akuin,VBOF
15409,masaganang|JJD_CCP,masaganang,JJD_CCP
15410,inawat|VBOF,inawat,VBOF
15411,Tribhuvan|NNP,Tribhuvan,NNP
15412,itatanim|VBTF,itatanim,VBTF
15413,Tahimik|JJD,Tahimik,JJD
15414,out|FW,out,FW
15415,paliparin|RBL,paliparin,RBL
15416,siyáng|NNC,siyáng,NNC
15417,gamo|NNCA,gamo,NNCA
15418,nakalilipad|VBTR,nakalilipad,VBTR
15419,Nagbukas|VBTS,Nagbukas,VBTS
15420,mausok|JJD,mausok,JJD
15421,mabunggo|JJD,mabunggo,JJD
15422,sanggol|NNC,sanggol,NNC
15423,Tiyak|RBD,Tiyak,RBD
15424,liit|NNC,liit,NNC
15425,conserving|FW,conserving,FW
15426,sambot|FW,sambot,FW
15427,Huling|RBW_CCP,Huling,RBW_CCP
15428,kuhanin|VBOF,kuhanin,VBOF
15429,pinagagana|VBTR_VBRF,pinagagana,VBTR_VBRF
15430,bungisngis|VBTR,bungisngis,VBTR
15431,bathala|NNC,bathala,NNC
15432,Thongkhoun|NNP,Thongkhoun,NNP
15433,Kumusta|JJD,Kumusta,JJD
15434,piknik|NNC,piknik,NNC
15435,Tumabi|NNP,Tumabi,NNP
15436,likod|JJD,likod,JJD
15437,paubos|JJD,paubos,JJD
15438,láta|NNC,láta,NNC
15439,pagbasa|NNC,pagbasa,NNC
15440,Psst|NNP,Psst,NNP
15441,Miyerkules|NNP,Miyerkules,NNP
15442,Nung|RBW_CCP,Nung,RBW_CCP
15443,utos|NNC,utos,NNC
15444,i|NNCA,i,NNCA
15445,Kulot|NNP,Kulot,NNP
15446,basahin|VBOF,basahin,VBOF
15447,paraiso|NNC,paraiso,NNC
15448,Storytellers|NNP,Storytellers,NNP
15449,awitin|NNC,awitin,NNC
15450,Bye|NNC,Bye,NNC
15451,na!panahon|CDB,na!panahon,CDB
15452,naharangan|VBTS,naharangan,VBTS
15453,nagtatampisaw|VBTR,nagtatampisaw,VBTR
15454,yo|NNC,yo,NNC
15455,250x4000|CDB,250x4000,CDB
15456,elemento|NNC,elemento,NNC
15457,pumapagaypay|VBTR_VBAF,pumapagaypay,VBTR_VBAF
15458,patutunguhan|NNC,patutunguhan,NNC
15459,aw|NNC,aw,NNC
15460,Huh|NNP,Huh,NNP
15461,content|FW,content,FW
15462,katawa|NNC,katawa,NNC
15463,Woof|NNP,Woof,NNP
15464,Pakisabi|VBAF,Pakisabi,VBAF
15465,wow|FW,wow,FW
15466,Lalayuan|NNP,Lalayuan,NNP
15467,Aling|PRQ_CCP,Aling,PRQ_CCP
15468,Mediko|NNP,Mediko,NNP
15469,Tumalsik|VBAF,Tumalsik,VBAF
15470,Pilipinas|NNP,Pilipinas,NNP
15471,siyáng|RBD,siyáng,RBD
15472,Kinakailangan|VBTR,Kinakailangan,VBTR
15473,Center|NNP,Center,NNP
15474,Pinipilit|VBTR,Pinipilit,VBTR
15475,schools|FW,schools,FW
15476,Templo|NNC,Templo,NNC
15477,현재는제꿈을이루기|FW,현재는제꿈을이루기,FW
15478,ngmga|FW,ngmga,FW
15479,malibot|VBW,malibot,VBW
15480,Tuyong|NNP,Tuyong,NNP
15481,mausisa|JJD,mausisa,JJD
15482,kaliwang|JJD_CCP,kaliwang,JJD_CCP
15483,laman|NNC,laman,NNC
15484,makaalam|VBW,makaalam,VBW
15485,humuhuni|VBAF,humuhuni,VBAF
15486,Kukunin|NNP,Kukunin,NNP
15487,Little|NNP,Little,NNP
15488,magbabasa|VBW,magbabasa,VBW
15489,Nakikisabay|VBTR,Nakikisabay,VBTR
15490,Wildlife|NNP,Wildlife,NNP
15491,pangmatagalan|JJD,pangmatagalan,JJD
15492,inimbitahan|VBTS,inimbitahan,VBTS
15493,makatwirang|JJD_CCP,makatwirang,JJD_CCP
15494,bitiun|NNC,bitiun,NNC
15495,Napaluha|VBTS,Napaluha,VBTS
15496,SQUEAK|NNPA,SQUEAK,NNPA
15497,Hencha|NNP,Hencha,NNP
15498,nakapagpatalino|VBTS,nakapagpatalino,VBTS
15499,kalupit|JJD,kalupit,JJD
15500,approaches|FW,approaches,FW
15501,ice|FW,ice,FW
15502,kompas|NNC,kompas,NNC
15503,Sugurin|VBOF,Sugurin,VBOF
15504,'s|NNP,'s,NNP
15505,pisi|NNC,pisi,NNC
15506,idlip|FW,idlip,FW
15507,pangkalakalan|JJD,pangkalakalan,JJD
15508,agila|NNC,agila,NNC
15509,gupitan|VBOF,gupitan,VBOF
15510,Napaubo|VBTS,Napaubo,VBTS
15511,kabayong|NNC_CCP,kabayong,NNC_CCP
15512,tatagal|VBTF,tatagal,VBTF
15513,panay|JJD,panay,JJD
15514,Tinuka|VBOF,Tinuka,VBOF
15515,anakan|NNC,anakan,NNC
15516,theRohingya|FW,theRohingya,FW
15517,pangarap|NNC,pangarap,NNC
15518,Gulong|NNC,Gulong,NNC
15519,Itanim|NNP,Itanim,NNP
15520,Naging|VBTS,Naging,VBTS
15521,?!|PMS,?!,PMS
15522,gumising|VBAF,gumising,VBAF
15523,Ira|NNP,Ira,NNP
15524,mai|VBW,mai,VBW
15525,multi-together|FW,multi-together,FW
15526,sandaling|NNC_CCP,sandaling,NNC_CCP
15527,higit|JJCC,higit,JJCC
15528,inakalang|VBTS_CCP,inakalang,VBTS_CCP
15529,kinulekta|VBTS,kinulekta,VBTS
15530,namamansin|VBTR,namamansin,VBTR
15531,almost|FW,almost,FW
15532,pagmasdan|VBW,pagmasdan,VBW
15533,karami|PRI,karami,PRI
15534,angler|FW,angler,FW
15535,Mahinahong|RBD_CCP,Mahinahong,RBD_CCP
15536,kasya|JJD,kasya,JJD
15537,bumilib|VBAF,bumilib,VBAF
15538,matulog|VBW,matulog,VBW
15539,balansehin|VBTF_VBOF,balansehin,VBTF_VBOF
15540,lalala|VBTF,lalala,VBTF
15541,Bulong|NNP_CCP,Bulong,NNP_CCP
15542,napabilis|VBTS,napabilis,VBTS
15543,paglalabanan|VBW,paglalabanan,VBW
15544,magbagong|JJD_CCP,magbagong,JJD_CCP
15545,magbahagi|VBAF,magbahagi,VBAF
15546,nakalilipad|VBTS,nakalilipad,VBTS
15547,siguraduhin|VBOF,siguraduhin,VBOF
15548,Miguel|NNP,Miguel,NNP
15549,Kumita|VBAF,Kumita,VBAF
15550,kalong|NNC_CCP,kalong,NNC_CCP
15551,Bam|NNP,Bam,NNP
15552,Hahaha|NNP,Hahaha,NNP
15553,mabango|JJD,mabango,JJD
15554,nagdududang|VBTS_CCP,nagdududang,VBTS_CCP
15555,Karga|NNC,Karga,NNC
15556,pasara|NNC,pasara,NNC
15557,makalalakad|VBW,makalalakad,VBW
15558,batang|NNC_CCP,batang,NNC_CCP
15559,pagkalat|VBW,pagkalat,VBW
15560,Pinakinis|VBTS,Pinakinis,VBTS
15561,tarangkahang|NNC_CCP,tarangkahang,NNC_CCP
15562,magtanong|VBW,magtanong,VBW
15563,Umupo|VBTS_VBAF,Umupo,VBTS_VBAF
15564,iniensayo|VBTS,iniensayo,VBTS
15565,Iuwi|NNP,Iuwi,NNP
15566,nakarating|VBTS,nakarating,VBTS
15567,inaalog|VBTR,inaalog,VBTR
15568,nakasasama|VBTR,nakasasama,VBTR
15569,Mavien|NNP,Mavien,NNP
15570,pukawin|VBOF,pukawin,VBOF
15571,teaching|FW,teaching,FW
15572,lawin|NNC,lawin,NNC
15573,ngMama|VBOF,ngMama,VBOF
15574,maglakad|VBAF,maglakad,VBAF
15575,silangan|JJD,silangan,JJD
15576,tatangayin|VBTF,tatangayin,VBTF
15577,nagtawanan|VBTS,nagtawanan,VBTS
15578,tumutulong|VBTR_VBAF,tumutulong,VBTR_VBAF
15579,Magiging|VBTF,Magiging,VBTF
15580,kasingtunog|NNC,kasingtunog,NNC
15581,ski|FW,ski,FW
15582,reviewed|FW,reviewed,FW
15583,Po|NNP,Po,NNP
15584,Hinuhugasan|VBOF,Hinuhugasan,VBOF
15585,maisagawa|VBW,maisagawa,VBW
15586,Tumungo|VBAF,Tumungo,VBAF
15587,on|FW,on,FW
15588,hango|JJD,hango,JJD
15589,malamang|CCT,malamang,CCT
15590,binabaybay|VBTR,binabaybay,VBTR
15591,Yangon|NNP,Yangon,NNP
15592,자기생각과마음을훨씬또렷하게표현하는힘|CDB,자기생각과마음을훨씬또렷하게표현하는힘,CDB
15593,pinagtrabaho|VBRF,pinagtrabaho,VBRF
15594,Kuhol|NNP,Kuhol,NNP
15595,pumatak|VBAF,pumatak,VBAF
15596,Chakraa|NNP,Chakraa,NNP
15597,sinisigawan|VBTR,sinisigawan,VBTR
15598,Sumunod|VBAF,Sumunod,VBAF
15599,Sinalo|VBOF,Sinalo,VBOF
15600,Nagpakasaya|VBTR,Nagpakasaya,VBTR
15601,gapang|VBOF,gapang,VBOF
15602,fact|FW,fact,FW
15603,batà|NNC,batà,NNC
15604,nagdisenyoat|VBTR,nagdisenyoat,VBTR
15605,microscopic|FW,microscopic,FW
15606,kaylangan|JJD,kaylangan,JJD
15607,ani|NNC,ani,NNC
15608,Bilum|NNP,Bilum,NNP
15609,kakaibang|JJD_CCP,kakaibang,JJD_CCP
15610,Inamoy|VBTS,Inamoy,VBTS
15611,Gagawin|VBTF,Gagawin,VBTF
15612,Author|NNP,Author,NNP
15613,위해한국방송통신대학교에서유아교육학을공|FW,위해한국방송통신대학교에서유아교육학을공,FW
15614,humihip|VBAF,humihip,VBAF
15615,Iba|PRI,Iba,PRI
15616,would|FW,would,FW
15617,makipaglaro|VBW,makipaglaro,VBW
15618,Biningwit|NNP,Biningwit,NNP
15619,Kungkailangan|NNP,Kungkailangan,NNP
15620,mutual|FW,mutual,FW
15621,Maghiwalay|VBW,Maghiwalay,VBW
15622,ipapahula|VBOF,ipapahula,VBOF
15623,sakahan|NNC,sakahan,NNC
15624,pinakita|VBOF,pinakita,VBOF
15625,sirang|JJD_CCP,sirang,JJD_CCP
15626,mapigilan|VBW,mapigilan,VBW
15627,itanong|NNC_CCP,itanong,NNC_CCP
15628,tabing|NNC,tabing,NNC
15629,Maglalakad|NNP,Maglalakad,NNP
15630,pangalagaan|VBOF,pangalagaan,VBOF
15631,silya|NNC,silya,NNC
15632,Nagpaulan|VBTS,Nagpaulan,VBTS
15633,daing|NNC,daing,NNC
15634,lumusog|VBAF,lumusog,VBAF
15635,kuwágo|NNC,kuwágo,NNC
15636,tuod|JJD,tuod,JJD
15637,baka|RBM,baka,RBM
15638,x|PMS,x,PMS
15639,paso|JJD,paso,JJD
15640,nasaan|JJD,nasaan,JJD
15641,dumausdos|VBTR_VBAF,dumausdos,VBTR_VBAF
15642,pinalulungkot|VBTR,pinalulungkot,VBTR
15643,tanghalian|NNC,tanghalian,NNC
15644,agam|FW,agam,FW
15645,upuan|NNC,upuan,NNC
15646,Sumimoy|NNP,Sumimoy,NNP
15647,1994sa|CDB,1994sa,CDB
15648,laruan|NNC,laruan,NNC
15649,eses|FW,eses,FW
15650,real|FW,real,FW
15651,marami|JJD,marami,JJD
15652,napakatagal|JJCS_JJD,napakatagal,JJCS_JJD
15653,goal|FW,goal,FW
15654,iginagawad|VBTR,iginagawad,VBTR
15655,Isa|PRI,Isa,PRI
15656,nakaramdam|VBTS,nakaramdam,VBTS
15657,bitbitin|VBOF,bitbitin,VBOF
15658,Pagong|NNC,Pagong,NNC
15659,Marahang|RBD_CCP,Marahang,RBD_CCP
15660,Kabog|NNP,Kabog,NNP
15661,Alitaptap|NNP,Alitaptap,NNP
15662,namamatay|VBTR,namamatay,VBTR
15663,makakabuo|VBTF,makakabuo,VBTF
15664,Titay|VBOF,Titay,VBOF
15665,Berto|NNP,Berto,NNP
15666,Ducky|NNP,Ducky,NNP
15667,anong|RBQ_CCP,anong,RBQ_CCP
15668,gabay|NNC,gabay,NNC
15669,Libraryan|NNP,Libraryan,NNP
15670,creatures|FW,creatures,FW
15671,gupitin|VBOF,gupitin,VBOF
15672,Tuwang|NNP_CCP,Tuwang,NNP_CCP
15673,Asan|NNP,Asan,NNP
15674,merong|VBH_CCP,merong,VBH_CCP
15675,makapagluto|VBW,makapagluto,VBW
15676,nakaawit|VBTS,nakaawit,VBTS
15677,Pinagsasama|VBTR_VBRF,Pinagsasama,VBTR_VBRF
15678,partidong|NNC_CCP,partidong,NNC_CCP
15679,panalo|NNC,panalo,NNC
15680,Uranus|NNP,Uranus,NNP
15681,Masikap|NNP,Masikap,NNP
15682,Ayusin|VBOF,Ayusin,VBOF
15683,paahon|VBOF,paahon,VBOF
15684,nasunog|VBTS,nasunog,VBTS
15685,maghahanda|VBW,maghahanda,VBW
15686,rupee|NNC,rupee,NNC
15687,tinanong|VBTS,tinanong,VBTS
15688,makasagot|VBW,makasagot,VBW
15689,pak|NNC,pak,NNC
15690,pestisidyo|NNC,pestisidyo,NNC
15691,Pinaikot|VBOF,Pinaikot,VBOF
15692,과함께글작업을한나에게는감동이더큽니다|NNC,과함께글작업을한나에게는감동이더큽니다,NNC
15693,nagpabaling|VBTS,nagpabaling,VBTS
15694,humihingi|VBTR_VBAF,humihingi,VBTR_VBAF
15695,athumanap|NNC,athumanap,NNC
15696,sumubok|VBAF,sumubok,VBAF
15697,Kabini|NNP,Kabini,NNP
15698,kalaro|NNC,kalaro,NNC
15699,kamiseta|NNC,kamiseta,NNC
15700,esplanade|FW,esplanade,FW
15701,Tiya|NNC,Tiya,NNC
15702,babae|NNC,babae,NNC
15703,muna|RBI,muna,RBI
15704,happy|FW,happy,FW
15705,pinakamaayos|JJCS_JJD,pinakamaayos,JJCS_JJD
15706,nagtatabi|VBTR,nagtatabi,VBTR
15707,be|FW,be,FW
15708,kanya.pagkaraan|NNC,kanya.pagkaraan,NNC
15709,maliban|CCT,maliban,CCT
15710,Napanaginipan|VBTS,Napanaginipan,VBTS
15711,magugutom|VBTF,magugutom,VBTF
15712,namalayang|VBTR_CCP,namalayang,VBTR_CCP
15713,Talon|NNP,Talon,NNP
15714,Inulit|VBTS,Inulit,VBTS
15715,Painting|FW,Painting,FW
15716,디아에서살고있습니다|NNC,디아에서살고있습니다,NNC
15717,Iniunat|VBTS,Iniunat,VBTS
15718,inabandona|VBTS,inabandona,VBTS
15719,sambit|VBOF,sambit,VBOF
15720,bahay.at|NNC,bahay.at,NNC
15721,pagtulong|NNC,pagtulong,NNC
15722,Nagkakagulo|VBTR,Nagkakagulo,VBTR
15723,grains|FW,grains,FW
15724,kahanga|JJD,kahanga,JJD
15725,paruparo|NNC,paruparo,NNC
15726,Alimango|NNP,Alimango,NNP
15727,narining|VBTS_CCP,narining,VBTS_CCP
15728,Splish|NNP,Splish,NNP
15729,magpahatid|VBW,magpahatid,VBW
15730,tahimik|JJD,tahimik,JJD
15731,pinaglalanguyan|VBRF,pinaglalanguyan,VBRF
15732,Sabayan|VBOF,Sabayan,VBOF
15733,kumapit|VBAF,kumapit,VBAF
15734,liitan|VBOF,liitan,VBOF
15735,Daga|NNC,Daga,NNC
15736,pinagsisihan|VBTR_VBRF,pinagsisihan,VBTR_VBRF
15737,Magbigay|VBAF,Magbigay,VBAF
15738,Ibig|VBS,Ibig,VBS
15739,Madalas|RBD,Madalas,RBD
15740,Haring|NNP,Haring,NNP
15741,Tharu|NNP,Tharu,NNP
15742,Naitulak|VBTS,Naitulak,VBTS
15743,Inilabas|VBTS,Inilabas,VBTS
15744,sumpit|NNC,sumpit,NNC
15745,paglangoy|VBW,paglangoy,VBW
15746,Nakabalik|VBTS,Nakabalik,VBTS
15747,paunahan|VBOF,paunahan,VBOF
15748,inilimbag|VBTS_VBOF,inilimbag,VBTS_VBOF
15749,nasisindak|VBTS,nasisindak,VBTS
15750,rearing|FW,rearing,FW
15751,asido|NNC,asido,NNC
15752,makakabalik|VBW,makakabalik,VBW
15753,susulpot|JJD,susulpot,JJD
15754,uuwi|FW,uuwi,FW
15755,palang|NNC,palang,NNC
15756,Makemake|NNP,Makemake,NNP
15757,Tigre|RBT,Tigre,RBT
15758,palagirin|RBD,palagirin,RBD
15759,unting|JJD_CCP,unting,JJD_CCP
15760,sumisitsit|VBTR_VBAF,sumisitsit,VBTR_VBAF
15761,O'riordan|NNP,O'riordan,NNP
15762,Ceres|NNP,Ceres,NNP
15763,nagpapakita|VBTR,nagpapakita,VBTR
15764,beautiful|FW,beautiful,FW
15765,kalungkutang|NNC_CCP,kalungkutang,NNC_CCP
15766,magmaneho|VBAF,magmaneho,VBAF
15767,다같이어린이책공모전|CDB,다같이어린이책공모전,CDB
15768,Company|NNP,Company,NNP
15769,highlight|FW,highlight,FW
15770,Tiya|NNP,Tiya,NNP
15771,Maghihintay|VBTF,Maghihintay,VBTF
15772,Pakaingatan|RBD,Pakaingatan,RBD
15773,paglundag|NNC,paglundag,NNC
15774,magpatakbo|VBW,magpatakbo,VBW
15775,tinapik|VBOF,tinapik,VBOF
15776,salukin|VBOF,salukin,VBOF
15777,Aniya|NNP,Aniya,NNP
15778,aayos|NNC,aayos,NNC
15779,참좋았습니다|CDB,참좋았습니다,CDB
15780,gumigising|VBAF,gumigising,VBAF
15781,karpet|NNC,karpet,NNC
15782,naniniwalang|VBTS_CCP,naniniwalang,VBTS_CCP
15783,nagliliwanag|VBTR,nagliliwanag,VBTR
15784,Nagtawanan|VBTR,Nagtawanan,VBTR
15785,nakaupo|VBTS,nakaupo,VBTS
15786,nakatatanda|VBTR,nakatatanda,VBTR
15787,–|CDB,–,CDB
15788,paliko|JJD,paliko,JJD
15789,nararanasan|VBTR,nararanasan,VBTR
15790,pinapagaspas|VBTR,pinapagaspas,VBTR
15791,talahib|JJD,talahib,JJD
15792,kahoy|NNC,kahoy,NNC
15793,Wow|NNP,Wow,NNP
15794,ilatag|VBOF,ilatag,VBOF
15795,buwitre|NNC,buwitre,NNC
15796,aaway|FW,aaway,FW
15797,maliligtas|VBTF,maliligtas,VBTF
15798,tapat|JJD,tapat,JJD
15799,Coronavirus|NNP,Coronavirus,NNP
15800,natutunan|VBTS,natutunan,VBTS
15801,Pagmamakaawa|VBW,Pagmamakaawa,VBW
15802,eenganyo|NNC,eenganyo,NNC
15803,ilagay|VBOF,ilagay,VBOF
15804,cashews|FW,cashews,FW
15805,dilat|NNC,dilat,NNC
15806,Raju|NNP,Raju,NNP
15807,kakain|VBTF,kakain,VBTF
15808,tipunin|VBOF,tipunin,VBOF
15809,Bibili|VBTF,Bibili,VBTF
15810,hayaang|VBOF_CCP,hayaang,VBOF_CCP
15811,RAAAAAAARRRR|NNPA,RAAAAAAARRRR,NNPA
15812,pigil|JJD,pigil,JJD
15813,sinusubukan|VBTR,sinusubukan,VBTR
15814,Tumubo|VBAF,Tumubo,VBAF
15815,asahan|VBOF,asahan,VBOF
15816,kaunti|PRI,kaunti,PRI
15817,Hill|NNP,Hill,NNP
15818,kangaroo|JJD,kangaroo,JJD
15819,badminton|FW,badminton,FW
15820,동|CDB,동,CDB
15821,tampulan|NNC,tampulan,NNC
15822,Pinalakpakan|VBTR,Pinalakpakan,VBTR
15823,pinagsasabihan|VBTR_VBRF,pinagsasabihan,VBTR_VBRF
15824,Lina|NNP,Lina,NNP
15825,Foundation|NNP,Foundation,NNP
15826,hindika|VBOF,hindika,VBOF
15827,tinangkang|RBD_CCP,tinangkang,RBD_CCP
15828,Saturn|NNP,Saturn,NNP
15829,ayos|NNC,ayos,NNC
15830,kausap|NNC,kausap,NNC
15831,Seagull|NNP,Seagull,NNP
15832,Page|NNP,Page,NNP
15833,Konting|JJD_CCP,Konting,JJD_CCP
15834,pananghalian|NNC,pananghalian,NNC
15835,bata|NNC,bata,NNC
15836,talo|JJD,talo,JJD
15837,Taos|JJD,Taos,JJD
15838,Pulot|NNP,Pulot,NNP
15839,kadalasan|RBW,kadalasan,RBW
15840,Nanalo|VBTS,Nanalo,VBTS
15841,aerospotics|FW,aerospotics,FW
15842,Magaan|JJD,Magaan,JJD
15843,palakaibigan|JJD,palakaibigan,JJD
15844,ilanrin|VBTF,ilanrin,VBTF
15845,niDurga|VBTS,niDurga,VBTS
15846,panauhin|NNC,panauhin,NNC
15847,tuloy|JJD,tuloy,JJD
15848,nyo|RBD_CCP,nyo,RBD_CCP
15849,rumaragasa|VBTR,rumaragasa,VBTR
15850,binibihisan|VBTR,binibihisan,VBTR
15851,Bugudam|NNP,Bugudam,NNP
15852,Koneho|NNP,Koneho,NNP
15853,pauwi|NNC,pauwi,NNC
15854,predators|FW,predators,FW
15855,Marahan|JJD,Marahan,JJD
15856,Sasakyang|NNP_CCP,Sasakyang,NNP_CCP
15857,napapikit|VBTS,napapikit,VBTS
15858,kapirasong|NNC_CCP,kapirasong,NNC_CCP
15859,ibon|NNC,ibon,NNC
15860,paglampas|NNC,paglampas,NNC
15861,pataas|NNC,pataas,NNC
15862,nakatingin|JJD,nakatingin,JJD
15863,ginagamit|VBTR,ginagamit,VBTR
15864,banggit|NNC,banggit,NNC
15865,mahuhuli|VBTF,mahuhuli,VBTF
15866,mayroon|VBH,mayroon,VBH
15867,Sinalo|NNP,Sinalo,NNP
15868,Kumakanta|VBTR_VBAF,Kumakanta,VBTR_VBAF
15869,nakalatag|VBTS,nakalatag,VBTS
15870,habagat|NNC,habagat,NNC
15871,이사실은우리에게특별한감동이나깨달음을줍|CDB,이사실은우리에게특별한감동이나깨달음을줍,CDB
15872,tubo|NNC,tubo,NNC
15873,Triangulum|NNP,Triangulum,NNP
15874,Hanggarid|NNP,Hanggarid,NNP
15875,mismong|RBT_CCP,mismong,RBT_CCP
15876,dumausdos|VBAF,dumausdos,VBAF
15877,focus|FW,focus,FW
15878,tango|JJD,tango,JJD
15879,iihi|VBTF,iihi,VBTF
15880,isip|NNC,isip,NNC
15881,batuan|NNC,batuan,NNC
15882,Tinago|VBTS,Tinago,VBTS
15883,sumibol|VBAF,sumibol,VBAF
15884,komportable|JJD,komportable,JJD
15885,pagsagip|NNC,pagsagip,NNC
15886,premyo|NNC,premyo,NNC
15887,tinapos|VBOF,tinapos,VBOF
15888,ipinapastol|VBTR,ipinapastol,VBTR
15889,이세상|PMS,이세상,PMS
15890,toolbox|FW,toolbox,FW
15891,aabang|VBTF,aabang,VBTF
15892,n'yang|RBD_CCP,n'yang,RBD_CCP
15893,Egg|NNP,Egg,NNP
15894,Yay|NNP,Yay,NNP
15895,Namula|VBTS,Namula,VBTS
15896,nalang|VBTS,nalang,VBTS
15897,Deng|NNP,Deng,NNP
15898,pasa|NNC,pasa,NNC
15899,natuyo|VBTS,natuyo,VBTS
15900,palayo|RBD,palayo,RBD
15901,Nabasag|VBTS,Nabasag,VBTS
15902,heneral|NNC,heneral,NNC
15903,palamig|RBD,palamig,RBD
15904,Huwag|RBF,Huwag,RBF
15905,Krak|NNP,Krak,NNP
15906,paglaro|VBW,paglaro,VBW
15907,sipilyo|NNC,sipilyo,NNC
15908,Namasyal|VBTS,Namasyal,VBTS
15909,Itinanong|VBTS,Itinanong,VBTS
15910,Cepheus|NNP,Cepheus,NNP
15911,system|FW,system,FW
15912,mapalapit|VBW,mapalapit,VBW
15913,shampoo|FW,shampoo,FW
15914,dinisenyo|VBTS,dinisenyo,VBTS
15915,manlilikha|NNC,manlilikha,NNC
15916,Diligan|NNP,Diligan,NNP
15917,Nakayapak|RBD,Nakayapak,RBD
15918,nawalay|VBTS,nawalay,VBTS
15919,dati|RBW,dati,RBW
15920,pagmamatigas|VBW,pagmamatigas,VBW
15921,bumabaha|VBTR_VBAF,bumabaha,VBTR_VBAF
15922,hornbill|FW,hornbill,FW
15923,Pinagbawalan|VBRF,Pinagbawalan,VBRF
15924,tunay|RBT,tunay,RBT
15925,kalahati|PRI,kalahati,PRI
15926,saanman|PRQ,saanman,PRQ
15927,tinig|NNC,tinig,NNC
15928,edit|NNC,edit,NNC
15929,umaalalay|VBTR,umaalalay,VBTR
15930,yung|PRO,yung,PRO
15931,Apo|NNP,Apo,NNP
15932,kaya|JJD,kaya,JJD
15933,tahanang|NNC_CCP,tahanang,NNC_CCP
15934,tutubi|FW,tutubi,FW
15935,Magdodrowing|NNP,Magdodrowing,NNP
15936,gawang|NNC_CCP,gawang,NNC_CCP
15937,matatamis|JJD,matatamis,JJD
15938,kailanman|RBW,kailanman,RBW
15939,pagsimangot|NNC,pagsimangot,NNC
15940,bihis|NNC,bihis,NNC
15941,Inawit|VBOF,Inawit,VBOF
15942,taxi|NNC,taxi,NNC
15943,ibinabahagi|VBTR,ibinabahagi,VBTR
15944,taglagas|NNC,taglagas,NNC
15945,makararating|VBTF,makararating,VBTF
15946,Mahiwagang|JJD_CCP,Mahiwagang,JJD_CCP
15947,gobyerno|NNC,gobyerno,NNC
15948,magbalat|VBW,magbalat,VBW
15949,nakalilipas|VBTR,nakalilipas,VBTR
15950,matalinong|JJD_CCP,matalinong,JJD_CCP
15951,puno|JJD,puno,JJD
15952,dalubhasang|JJD_CCP,dalubhasang,JJD_CCP
15953,Nature|NNP,Nature,NNP
15954,Pabo|NNC,Pabo,NNC
15955,Bati|NNP,Bati,NNP
15956,pagbabasa|NNC,pagbabasa,NNC
15957,은취지의활동에함께할수있어|FW,은취지의활동에함께할수있어,FW
15958,nagliliparan|VBTS,nagliliparan,VBTS
15959,nakilalalng|RBD_CCP,nakilalalng,RBD_CCP
15960,mawalan|VBW,mawalan,VBW
15961,nagpalakpakan|VBTS,nagpalakpakan,VBTS
15962,Ipinikit|VBTS,Ipinikit,VBTS
15963,pagliligpit|NNC,pagliligpit,NNC
15964,pampasustansiya|NNC,pampasustansiya,NNC
15965,ginuguputian|FW,ginuguputian,FW
15966,page|FW,page,FW
15967,pintuan|NNC,pintuan,NNC
15968,Pangga|JJD,Pangga,JJD
15969,ginagamitan|VBTR,ginagamitan,VBTR
15970,important|FW,important,FW
15971,hintaying|RBD_CCP,hintaying,RBD_CCP
15972,maari|VBS,maari,VBS
15973,finally|FW,finally,FW
15974,mautak|JJD,mautak,JJD
15975,langis|NNC,langis,NNC
15976,intensiyon|NNC,intensiyon,NNC
15977,sumasalamin|VBTR_VBAF,sumasalamin,VBTR_VBAF
15978,mapigilang|RBD_CCP,mapigilang,RBD_CCP
15979,pakialam|VBW,pakialam,VBW
15980,takang|NNC_CCP,takang,NNC_CCP
15981,Nanginginig|VBTR,Nanginginig,VBTR
15982,itim|JJD,itim,JJD
15983,kantang|NNC_CCP,kantang,NNC_CCP
15984,paghihirap|NNC,paghihirap,NNC
15985,minatamis|NNC,minatamis,NNC
15986,Kinan|NNP,Kinan,NNP
15987,tabi|NNC,tabi,NNC
15988,libong|NNC_CCP,libong,NNC_CCP
15989,kumibo|VBAF,kumibo,VBAF
15990,Kunwar|NNP,Kunwar,NNP
15991,하이바|PMS,하이바,PMS
15992,kinakalkula|VBTR,kinakalkula,VBTR
15993,pinaupo|VBTS,pinaupo,VBTS
15994,ginising|VBTS,ginising,VBTS
15995,Ballerina|NNP,Ballerina,NNP
15996,Ito|PRO,Ito,PRO
15997,umaga|RBW,umaga,RBW
15998,mapansin|VBW,mapansin,VBW
15999,goby|FW,goby,FW
16000,niyon|PRO,niyon,PRO
16001,magpakain|VBAF,magpakain,VBAF
16002,Pa|NNC,Pa,NNC
16003,binabaan|VBOF,binabaan,VBOF
16004,akingmga|NNC,akingmga,NNC
16005,Bagamat|CCT,Bagamat,CCT
16006,magbihis|VBW,magbihis,VBW
16007,tusong|JJD_CCP,tusong,JJD_CCP
16008,Kinagigiliwan|VBTR,Kinagigiliwan,VBTR
16009,Kahanga|NNC,Kahanga,NNC
16010,mamuhay|VBW,mamuhay,VBW
16011,dedicated|FW,dedicated,FW
16012,tuwang|NNC,tuwang,NNC
16013,bumukas|VBAF,bumukas,VBAF
16014,napuna|VBTS,napuna,VBTS
16015,Inaantok|NNP,Inaantok,NNP
16016,gamo|FW,gamo,FW
16017,mumog|FW,mumog,FW
16018,가수록되어많은국내이주여성에게는희망을|FW,가수록되어많은국내이주여성에게는희망을,FW
16019,Fidel|NNP,Fidel,NNP
16020,sinturon|NNC,sinturon,NNC
16021,nectar|FW,nectar,FW
16022,makababasa|JJD,makababasa,JJD
16023,hide|FW,hide,FW
16024,400at|CDB,400at,CDB
16025,nakakilos|VBTS,nakakilos,VBTS
16026,Pinatawag|VBOF,Pinatawag,VBOF
16027,sapagbugangapoy|NNC,sapagbugangapoy,NNC
16028,puwang|NNC,puwang,NNC
16029,numerong|NNC_CCP,numerong,NNC_CCP
16030,baywang|NNC,baywang,NNC
16031,iisip|FW,iisip,FW
16032,diyosa|NNC,diyosa,NNC
16033,aktibista|NNC,aktibista,NNC
16034,makatulog|VBW,makatulog,VBW
16035,bumuwelo|FW,bumuwelo,FW
16036,Humugot|NNP,Humugot,NNP
16037,Humayo|RBD,Humayo,RBD
16038,Fatih|NNP,Fatih,NNP
16039,TRINGGGG|NNPA,TRINGGGG,NNPA
16040,Ohhh|NNP,Ohhh,NNP
16041,hatid|JJD,hatid,JJD
16042,magkakapatid|NNC,magkakapatid,NNC
16043,magkasama|VBAF,magkasama,VBAF
16044,kaalaman|NNC,kaalaman,NNC
16045,itlo|FW,itlo,FW
16046,nakabalik|VBTS,nakabalik,VBTS
16047,riole|FW,riole,FW
16048,naenganyo|VBTS,naenganyo,VBTS
16049,tsuga|NNC,tsuga,NNC
16050,mahiko|VBW,mahiko,VBW
16051,dagdag|JJD,dagdag,JJD
16052,iniiwasan|VBTR,iniiwasan,VBTR
16053,paradise|FW,paradise,FW
16054,Hikayatin|VBOF,Hikayatin,VBOF
16055,astronaut|FW,astronaut,FW
16056,Aguy|NNP,Aguy,NNP
16057,Sooraj|NNP,Sooraj,NNP
16058,Matataas|JJD,Matataas,JJD
16059,kasingkulay|NNC,kasingkulay,NNC
16060,Gaano|PRQ,Gaano,PRQ
16061,magpapaalam|VBW,magpapaalam,VBW
16062,insecticides|FW,insecticides,FW
16063,haharap|VBTF,haharap,VBTF
16064,merkado|NNC,merkado,NNC
16065,kababayan|NNC,kababayan,NNC
16066,Ligaw|JJD,Ligaw,JJD
16067,makahanap|VBW,makahanap,VBW
16068,ikukwento|VBOF,ikukwento,VBOF
16069,HUGIS|NNPA,HUGIS,NNPA
16070,maitim|JJD,maitim,JJD
16071,dumal|FW,dumal,FW
16072,positibong|JJD_CCP,positibong,JJD_CCP
16073,iginagalang|VBTR,iginagalang,VBTR
16074,metal|FW,metal,FW
16075,ulunan|NNC,ulunan,NNC
16076,palakas|RBD,palakas,RBD
16077,nagkakahalaga|VBTR,nagkakahalaga,VBTR
16078,maramdaman|JJD,maramdaman,JJD
16079,Mahina|JJD,Mahina,JJD
16080,Dad|NNP,Dad,NNP
16081,Cheetah|NNP,Cheetah,NNP
16082,bakod|NNC,bakod,NNC
16083,isipang|NNC_CCP,isipang,NNC_CCP
16084,tumatakbo|VBTR_VBAF,tumatakbo,VBTR_VBAF
16085,kaing|JJD,kaing,JJD
16086,nagmamadaling|VBTR,nagmamadaling,VBTR
16087,MARTIN|NNPA,MARTIN,NNPA
16088,naghuhugas|VBTR,naghuhugas,VBTR
16089,tagalikha|NNC,tagalikha,NNC
16090,Hinihikayat|VBTR,Hinihikayat,VBTR
16091,ihiwalay|VBOF,ihiwalay,VBOF
16092,inanod|VBTS_VBOF,inanod,VBTS_VBOF
16093,bunutin|VBOF,bunutin,VBOF
16094,gulayan|NNC,gulayan,NNC
16095,nakitang|RBD_CCP,nakitang,RBD_CCP
16096,character|FW,character,FW
16097,teachers|FW,teachers,FW
16098,matahimik|JJD,matahimik,JJD
16099,kani|NNC,kani,NNC
16100,Ipagpaumanhin|VBTF_VBOF,Ipagpaumanhin,VBTF_VBOF
16101,Mataas|NNP,Mataas,NNP
16102,nanood|VBTS,nanood,VBTS
16103,tumatangkad|VBTR_VBAF,tumatangkad,VBTR_VBAF
16104,Palagi|RBD,Palagi,RBD
16105,helmet|NNC,helmet,NNC
16106,Diksyunaryo|NNP,Diksyunaryo,NNP
16107,Tek|NNP,Tek,NNP
16108,mabigay|VBW,mabigay,VBW
16109,katabi|JJD,katabi,JJD
16110,Lauder|NNP,Lauder,NNP
16111,Sumibol|VBAF,Sumibol,VBAF
16112,nakapikit|RBD,nakapikit,RBD
16113,sumalakay|VBAF,sumalakay,VBAF
16114,Nabalitaan|VBTR,Nabalitaan,VBTR
16115,magkasama|RBD,magkasama,RBD
16116,Molo|NNP,Molo,NNP
16117,pagdilig|VBW,pagdilig,VBW
16118,maghihintay|VBTF,maghihintay,VBTF
16119,meron|VBH,meron,VBH
16120,Itabi|NNP,Itabi,NNP
16121,naisipan|VBTS,naisipan,VBTS
16122,kahusay|JJD,kahusay,JJD
16123,siyá|JJD,siyá,JJD
16124,AngKhacha|NNP,AngKhacha,NNP
16125,makasagap|VBW,makasagap,VBW
16126,kaibig|NNC,kaibig,NNC
16127,tore|NNC,tore,NNC
16128,Sumuko|VBAF,Sumuko,VBAF
16129,첨단과|CDB,첨단과,CDB
16130,madudurog|VBTF,madudurog,VBTF
16131,sahinaharap|VBTR,sahinaharap,VBTR
16132,Ninakaw|VBTS,Ninakaw,VBTS
16133,Nagsipilyo|VBTS,Nagsipilyo,VBTS
16134,nangunguna|VBTR,nangunguna,VBTR
16135,both|FW,both,FW
16136,Kalahati|PRI,Kalahati,PRI
16137,source|FW,source,FW
16138,kabibeng|NNC_CCP,kabibeng,NNC_CCP
16139,Nagpasalamat|VBTR,Nagpasalamat,VBTR
16140,Walang|VBN_CCP,Walang,VBN_CCP
16141,maliligaw|VBW,maliligaw,VBW
16142,uwi|FW,uwi,FW
16143,sap|NNCA,sap,NNCA
16144,ikinonekta|VBTR,ikinonekta,VBTR
16145,mahika|JJD,mahika,JJD
16146,saluyot|NNC,saluyot,NNC
16147,nakadikit|VBTS,nakadikit,VBTS
16148,sumisimangot|VBTR_VBAF,sumisimangot,VBTR_VBAF
16149,maikakaila|JJD,maikakaila,JJD
16150,kaibingang|JJD_CCP,kaibingang,JJD_CCP
16151,mangangaso|NNC,mangangaso,NNC
16152,pagkasakim|NNC,pagkasakim,NNC
16153,nagbago|VBTS,nagbago,VBTS
16154,naghahanap|VBTR,naghahanap,VBTR
16155,kutsaritaSpice|FW,kutsaritaSpice,FW
16156,pakasalan|VBOF,pakasalan,VBOF
16157,Buk|NNP,Buk,NNP
16158,Kumaway|NNP,Kumaway,NNP
16159,ipinagmalaki|VBTS,ipinagmalaki,VBTS
16160,magbunga|VBW,magbunga,VBW
16161,kasalanan|NNC,kasalanan,NNC
16162,inayawan|VBTS,inayawan,VBTS
16163,manibela|NNC,manibela,NNC
16164,pagkaraan|VBW,pagkaraan,VBW
16165,cargos|FW,cargos,FW
16166,maghihirap|VBTF,maghihirap,VBTF
16167,Taon|NNC,Taon,NNC
16168,tumingin|VBAF,tumingin,VBAF
16169,sinipa|VBTS,sinipa,VBTS
16170,bulsa|FW,bulsa,FW
16171,tent|NNC,tent,NNC
16172,Payat|JJD,Payat,JJD
16173,matanggap|VBW,matanggap,VBW
16174,mapalo|VBW,mapalo,VBW
16175,itinitira|VBTS,itinitira,VBTS
16176,Urmu|NNP,Urmu,NNP
16177,Inabot|VBOF,Inabot,VBOF
16178,abala|RBD,abala,RBD
16179,paglakad|NNC,paglakad,NNC
16180,Nagbasa|VBTS,Nagbasa,VBTS
16181,langkay|NNC,langkay,NNC
16182,isdang|NNC_CCP,isdang,NNC_CCP
16183,Hinablot|VBOF,Hinablot,VBOF
16184,paboreal|NNC,paboreal,NNC
16185,Lambak|NNP,Lambak,NNP
16186,Nakangiti|VBTS,Nakangiti,VBTS
16187,pagtatrabaho|NNC,pagtatrabaho,NNC
16188,papel|NNC,papel,NNC
16189,Ammi|NNP,Ammi,NNP
16190,Vety|NNP,Vety,NNP
16191,sinanay|VBTS,sinanay,VBTS
16192,waitress|FW,waitress,FW
16193,kanilá|NNC,kanilá,NNC
16194,Kaagad|RBD,Kaagad,RBD
16195,Elementarya|NNP,Elementarya,NNP
16196,asin|NNC,asin,NNC
16197,haplos|NNC,haplos,NNC
16198,papanig|JJD,papanig,JJD
16199,kumakapit|VBTR_VBAF,kumakapit,VBTR_VBAF
16200,namamangka|VBTR,namamangka,VBTR
16201,Goya|NNP,Goya,NNP
16202,Soro|NNP,Soro,NNP
16203,damitan|NNC,damitan,NNC
16204,responsable|JJD,responsable,JJD
16205,tikbalang|NNC,tikbalang,NNC
16206,kitain|VBOF,kitain,VBOF
16207,Bibili|NNP,Bibili,NNP
16208,Guntur|NNP,Guntur,NNP
16209,kustomer|NNC,kustomer,NNC
16210,senyas|NNC,senyas,NNC
16211,Nahihirapan|VBTR,Nahihirapan,VBTR
16212,Marunong|NNP_CCP,Marunong,NNP_CCP
16213,Nang|RBW,Nang,RBW
16214,maitulak|VBW,maitulak,VBW
16215,mabababa|JJD,mabababa,JJD
16216,paghabol|NNC,paghabol,NNC
16217,pagbayarin|VBOF,pagbayarin,VBOF
16218,nagbasa|VBTS,nagbasa,VBTS
16219,Aya|NNP,Aya,NNP
16220,Technologies|NNP,Technologies,NNP
16221,responsible|NNC,responsible,NNC
16222,Rajo|NNP,Rajo,NNP
16223,kinikilala|VBTR,kinikilala,VBTR
16224,nakatutuwa|VBTS,nakatutuwa,VBTS
16225,cubit|NNC,cubit,NNC
16226,inilipad|VBTS,inilipad,VBTS
16227,maintindihan|VBW,maintindihan,VBW
16228,Ben|NNP,Ben,NNP
16229,drawer|NNC,drawer,NNC
16230,napamili|VBTS,napamili,VBTS
16231,pinangalanan|VBTS,pinangalanan,VBTS
16232,umuubo|VBTR_VBAF,umuubo,VBTR_VBAF
16233,Makasasagot|VBW,Makasasagot,VBW
16234,makapunta|VBW,makapunta,VBW
16235,pagkakaiba|NNC,pagkakaiba,NNC
16236,pakendeng|JJD_CCP,pakendeng,JJD_CCP
16237,tumatawang|VBTR_CCP,tumatawang,VBTR_CCP
16238,pagkakaroon|NNC,pagkakaroon,NNC
16239,dalawa|CDB,dalawa,CDB
16240,Nadama|VBTS,Nadama,VBTS
16241,durugin|VBOF,durugin,VBOF
16242,KONO|NNPA,KONO,NNPA
16243,asul|NNC,asul,NNC
16244,hinagod|VBOF,hinagod,VBOF
16245,Lola|NNP,Lola,NNP
16246,diligan|VBOF,diligan,VBOF
16247,nagsuklay.pag|VBTS,nagsuklay.pag,VBTS
16248,magsasara|VBTF,magsasara,VBTF
16249,iingat|JJD,iingat,JJD
16250,scalpel|FW,scalpel,FW
16251,mikrobyo|NNC,mikrobyo,NNC
16252,tuktok|NNC,tuktok,NNC
16253,Natatawang|VBTR,Natatawang,VBTR
16254,karete|NNC,karete,NNC
16255,pinakikinggan|VBTR,pinakikinggan,VBTR
16256,Maa|NNP,Maa,NNP
16257,nakahilera|VBTS,nakahilera,VBTS
16258,Ilagay|VBOF,Ilagay,VBOF
16259,Nasurpresa|VBTR,Nasurpresa,VBTR
16260,kilometro|NNC,kilometro,NNC
16261,Pakibalik|VBW,Pakibalik,VBW
16262,magkabilang|VBW_CCP,magkabilang,VBW_CCP
16263,dala|JJD,dala,JJD
16264,aysinliit|NNC,aysinliit,NNC
16265,Matagal|RBD,Matagal,RBD
16266,ToDinh|NNP,ToDinh,NNP
16267,Sinisisi|VBTS,Sinisisi,VBTS
16268,Hinihiram|VBOF,Hinihiram,VBOF
16269,nman|JJD,nman,JJD
16270,pinag|VBTR_VBRF,pinag,VBTR_VBRF
16271,kinuhanan|VBTS,kinuhanan,VBTS
16272,gagana|VBTF,gagana,VBTF
16273,emosyon|NNC,emosyon,NNC
16274,namulot|VBTS,namulot,VBTS
16275,matalim|JJD,matalim,JJD
16276,tinikman|VBOF,tinikman,VBOF
16277,maaayos|RBD,maaayos,RBD
16278,bukas|JJD,bukas,JJD
16279,magkakampi|NNC,magkakampi,NNC
16280,Kunwar|FW,Kunwar,FW
16281,sumasakay|VBTR_VBAF,sumasakay,VBTR_VBAF
16282,sinasaktan|VBTR,sinasaktan,VBTR
16283,Ah|RBJ,Ah,RBJ
16284,kumakamot|VBTR_VBAF,kumakamot,VBTR_VBAF
16285,Childhood|FW,Childhood,FW
16286,oterApat|JJD,oterApat,JJD
16287,sinumang|PRI_CCP,sinumang,PRI_CCP
16288,sinangag|VBTS,sinangag,VBTS
16289,pinakadulong|JJCS_JJD_CCP,pinakadulong,JJCS_JJD_CCP
16290,aktibidad|NNC,aktibidad,NNC
16291,BookLab|NNP,BookLab,NNP
16292,stickers|FW,stickers,FW
16293,Mainit|JJD,Mainit,JJD
16294,trimmmm|FW,trimmmm,FW
16295,pagdala|NNC,pagdala,NNC
16296,unggoy|NNC,unggoy,NNC
16297,tumoon|VBAF,tumoon,VBAF
16298,pinanggalingan|VBOL,pinanggalingan,VBOL
16299,Tsubibo|NNP,Tsubibo,NNP
16300,Nabasa|VBTS,Nabasa,VBTS
16301,ngbahay|NNC,ngbahay,NNC
16302,Matatagpuan|VBTF,Matatagpuan,VBTF
16303,inumin|VBOF,inumin,VBOF
16304,Binilang|VBTS,Binilang,VBTS
16305,maglahad|VBAF,maglahad,VBAF
16306,dudumi|FW,dudumi,FW
16307,American|NNP,American,NNP
16308,Uy|NNPA,Uy,NNPA
16309,unat|RBD,unat,RBD
16310,nilakasan|VBTS,nilakasan,VBTS
16311,nagtulungan|VBTS,nagtulungan,VBTS
16312,Pinakamaliit|NNP,Pinakamaliit,NNP
16313,inom|JJD,inom,JJD
16314,sapat|JJD,sapat,JJD
16315,dambuhalang|JJD_CCP,dambuhalang,JJD_CCP
16316,pagsindi|NNC,pagsindi,NNC
16317,pinakamalusog|JJCS_JJD,pinakamalusog,JJCS_JJD
16318,panggatong|NNC,panggatong,NNC
16319,Kay|DTP,Kay,DTP
16320,programang|NNC_CCP,programang,NNC_CCP
16321,participative|FW,participative,FW
16322,hila|NNC,hila,NNC
16323,opisyal|JJD,opisyal,JJD
16324,KUBO|NNPA,KUBO,NNPA
16325,Panatilihin|VBOF,Panatilihin,VBOF
16326,nakapagpaantig|VBTS,nakapagpaantig,VBTS
16327,Matipid|JJD,Matipid,JJD
16328,Avanti|NNP,Avanti,NNP
16329,sakitt|FW,sakitt,FW
16330,nagbibisekletang|VBTR_CCP,nagbibisekletang,VBTR_CCP
16331,sakanya|RBD,sakanya,RBD
16332,bayaran|VBOF,bayaran,VBOF
16333,kapa|NNC,kapa,NNC
16334,노경실작가Sa|NNP,노경실작가Sa,NNP
16335,sumagot|VBAF,sumagot,VBAF
16336,natatanggal|VBTR,natatanggal,VBTR
16337,sipi|NNC,sipi,NNC
16338,tinawag|VBOF,tinawag,VBOF
16339,Hinihintay|VBTR,Hinihintay,VBTR
16340,Nagpakita|VBTS,Nagpakita,VBTS
16341,nakatali|RBD,nakatali,RBD
16342,maibsan|VBW,maibsan,VBW
16343,iligpit|VBOF,iligpit,VBOF
16344,lumilipad|VBTR_VBAF,lumilipad,VBTR_VBAF
16345,pamimingwit|NNC,pamimingwit,NNC
16346,aa|NNCA,aa,NNCA
16347,Mhemhe|NNP,Mhemhe,NNP
16348,main|FW,main,FW
16349,the|FW,the,FW
16350,tumilaok|VBAF,tumilaok,VBAF
16351,Pinayagan|VBTS,Pinayagan,VBTS
16352,Malamig|JJD,Malamig,JJD
16353,Kingan|NNP,Kingan,NNP
16354,paalis|RBD,paalis,RBD
16355,battered|FW,battered,FW
16356,alpabeto|NNC,alpabeto,NNC
16357,Paligsahan|NNP,Paligsahan,NNP
16358,promotes|FW,promotes,FW
16359,Inggit|VBTS,Inggit,VBTS
16360,Phnom|NNP,Phnom,NNP
16361,naaamoy|VBTS,naaamoy,VBTS
16362,lolo|NNC,lolo,NNC
16363,makitungo|VBW,makitungo,VBW
16364,bago|RBW,bago,RBW
16365,makipagkita|VBW,makipagkita,VBW
16366,hiningang|NNC_CCP,hiningang,NNC_CCP
16367,gagaling|VBTF,gagaling,VBTF
16368,Naabot|VBTS,Naabot,VBTS
16369,Nadismaya|VBTS,Nadismaya,VBTS
16370,Naglabas|VBTS,Naglabas,VBTS
16371,prepared|FW,prepared,FW
16372,Manila|NNP,Manila,NNP
16373,Nagkahulugan|VBTS,Nagkahulugan,VBTS
16374,labing|JJN,labing,JJN
16375,magbago|VBAF,magbago,VBAF
16376,Inutusan|VBTS,Inutusan,VBTS
16377,maipaskil|VBW,maipaskil,VBW
16378,–|FW,–,FW
16379,Sagot|NNC,Sagot,NNC
16380,Scutum|NNP,Scutum,NNP
16381,nanirahan|VBTS,nanirahan,VBTS
16382,matauhan|VBW,matauhan,VBW
16383,Kapani|NNP,Kapani,NNP
16384,pinapaliguan|VBTR,pinapaliguan,VBTR
16385,nagugustuhan|VBTR,nagugustuhan,VBTR
16386,babe|NNC,babe,NNC
16387,Katatapos|NNP,Katatapos,NNP
16388,Circus|NNP,Circus,NNP
16389,Neey|FW,Neey,FW
16390,gagawa|VBTF,gagawa,VBTF
16391,Neo|NNP,Neo,NNP
16392,Paudel|NNP,Paudel,NNP
16393,Ipinarada|VBTS,Ipinarada,VBTS
16394,laro|NNC,laro,NNC
16395,mayamot|JJD,mayamot,JJD
16396,ABC|NNPA,ABC,NNPA
16397,sinasabi|VBTR,sinasabi,VBTR
16398,umang|NNC_CCP,umang,NNC_CCP
16399,naapakan|VBTS,naapakan,VBTS
16400,yong|PRO_CCP,yong,PRO_CCP
16401,iyak|NNC,iyak,NNC
16402,Cleeeen|NNP,Cleeeen,NNP
16403,paroroonan|PRL,paroroonan,PRL
16404,Rebone|NNP,Rebone,NNP
16405,Naengganyo|VBTS,Naengganyo,VBTS
16406,niyakap|VBTS,niyakap,VBTS
16407,pagkakapasa|NNC,pagkakapasa,NNC
16408,nakasabi|VBTS,nakasabi,VBTS
16409,Ana|NNP,Ana,NNP
16410,pinuluputan|VBTR,pinuluputan,VBTR
16411,Dilaw|JJD,Dilaw,JJD
16412,Initiative|NNP,Initiative,NNP
16413,Kaso|CCR,Kaso,CCR
16414,nakaiintindi|VBTS,nakaiintindi,VBTS
16415,Hurraayyy|FW,Hurraayyy,FW
16416,in|FW,in,FW
16417,aswang|NNC_CCP,aswang,NNC_CCP
16418,kalaruin|VBOF,kalaruin,VBOF
16419,MAKINA|NNPA,MAKINA,NNPA
16420,guguhit|VBAF,guguhit,VBAF
16421,patalon|NNC,patalon,NNC
16422,Hamon|NNP,Hamon,NNP
16423,usok|NNC,usok,NNC
16424,ORANGE|NNPA,ORANGE,NNPA
16425,sumisikat|VBTR_VBAF,sumisikat,VBTR_VBAF
16426,tatawid|VBTF,tatawid,VBTF
16427,lamig|NNC,lamig,NNC
16428,Teka|NNP,Teka,NNP
16429,mahusay|JJD,mahusay,JJD
16430,matagal|RBD,matagal,RBD
16431,usa|NNC,usa,NNC
16432,overcome|FW,overcome,FW
16433,detalye|NNC,detalye,NNC
16434,Kinilabutan|VBTR,Kinilabutan,VBTR
16435,yelo|NNC,yelo,NNC
16436,Magpapahinga|VBTF_VBAF,Magpapahinga,VBTF_VBAF
16437,pansulat|NNC,pansulat,NNC
16438,magpapakita|VBTF,magpapakita,VBTF
16439,maluwag|JJD,maluwag,JJD
16440,Natatakot|VBTR,Natatakot,VBTR
16441,dalawa|JJN,dalawa,JJN
16442,Nakahanap|VBTS,Nakahanap,VBTS
16443,turista|NNC,turista,NNC
16444,Inimbitahan|VBTS,Inimbitahan,VBTS
16445,nagisip|VBTS,nagisip,VBTS
16446,Kalimitan|RBW,Kalimitan,RBW
16447,Tuko|NNP,Tuko,NNP
16448,goal|NNC,goal,NNC
16449,pagsasaka|VBW,pagsasaka,VBW
16450,became|FW,became,FW
16451,pusa.at|RBT_CCP,pusa.at,RBT_CCP
16452,Balyena|NNP,Balyena,NNP
16453,paghahanap|NNC,paghahanap,NNC
16454,Ujang|NNP,Ujang,NNP
16455,lorong|NNC_CCP,lorong,NNC_CCP
16456,Lad|NNP,Lad,NNP
16457,Illustrator|NNP,Illustrator,NNP
16458,pumikit|VBAF,pumikit,VBAF
16459,Maglinis|VBW,Maglinis,VBW
16460,Pinipinturahan|VBTS,Pinipinturahan,VBTS
16461,Beep|NNP,Beep,NNP
16462,pasukan|NNC,pasukan,NNC
16463,butihing|JJD_CCP,butihing,JJD_CCP
16464,natapos|VBTS,natapos,VBTS
16465,Nakatakas|VBTS,Nakatakas,VBTS
16466,Ipinagpatong|NNC_CCP,Ipinagpatong,NNC_CCP
16467,nagwalis|VBTS,nagwalis,VBTS
16468,binhi|NNC,binhi,NNC
16469,makapapasok|VBTF,makapapasok,VBTF
16470,Tingnan|VBOF,Tingnan,VBOF
16471,Nakatatakot|JJD,Nakatatakot,JJD
16472,makapaghap|VBW,makapaghap,VBW
16473,pananggalang|NNC,pananggalang,NNC
16474,alalang|NNC_CCP,alalang,NNC_CCP
16475,pagyuko|NNC,pagyuko,NNC
16476,makukuha|VBTF,makukuha,VBTF
16477,peace|FW,peace,FW
16478,madamdaming|JJD_CCP,madamdaming,JJD_CCP
16479,naglalayong|VBTR_CCP,naglalayong,VBTR_CCP
16480,himpapawid|NNC,himpapawid,NNC
16481,mamimingwit|VBW,mamimingwit,VBW
16482,Dugra|NNP,Dugra,NNP
16483,naku|RBD,naku,RBD
16484,naghuhurumintadong|VBTR_CCP,naghuhurumintadong,VBTR_CCP
16485,nakuhang|VBTS_CCP,nakuhang,VBTS_CCP
16486,nakasakay|VBTS,nakasakay,VBTS
16487,pagadbertasyo|NNC,pagadbertasyo,NNC
16488,malago|JJD,malago,JJD
16489,Pinamunuan|VBTS,Pinamunuan,VBTS
16490,Moo|NNCA,Moo,NNCA
16491,Tulad|JJC,Tulad,JJC
16492,Napakasaya|JJCS_JJD,Napakasaya,JJCS_JJD
16493,databases|FW,databases,FW
16494,tili|NNC,tili,NNC
16495,sityo|NNC,sityo,NNC
16496,Iwinagayway|VBTR,Iwinagayway,VBTR
16497,panakot|NNC,panakot,NNC
16498,Humahagikgik|NNP,Humahagikgik,NNP
16499,dingding|NNC,dingding,NNC
16500,박성희그림|CDB,박성희그림,CDB
16501,Kumaway|JJD,Kumaway,JJD
16502,Organisation|NNP,Organisation,NNP
16503,Hilahin|VBOF,Hilahin,VBOF
16504,miyembro|NNC,miyembro,NNC
16505,maraming|JJD_CCP,maraming,JJD_CCP
16506,mundo|NNC,mundo,NNC
16507,bitag|NNC,bitag,NNC
16508,pinupunasan|VBTR,pinupunasan,VBTR
16509,binubully|VBOF,binubully,VBOF
16510,sunog|NNC,sunog,NNC
16511,ulan|NNC,ulan,NNC
16512,halimbawa|NNC,halimbawa,NNC
16513,talong|JJN_CCP,talong,JJN_CCP
16514,magbawas|VBW,magbawas,VBW
16515,Mam|NNP,Mam,NNP
16516,bala|NNC,bala,NNC
16517,palikpik|NNC,palikpik,NNC
16518,anay|JJD,anay,JJD
16519,HatCHU|NNP,HatCHU,NNP
16520,Naputol|VBTS,Naputol,VBTS
16521,Nagsinungaling|VBTS,Nagsinungaling,VBTS
16522,Sophy|NNP,Sophy,NNP
16523,kasiyahan|NNC,kasiyahan,NNC
16524,Pinaupo|VBOF,Pinaupo,VBOF
16525,Riedau|NNP,Riedau,NNP
16526,tiyak|JJD,tiyak,JJD
16527,halikayo|NNC,halikayo,NNC
16528,sari|NNC,sari,NNC
16529,pambu|JJD,pambu,JJD
16530,average|FW,average,FW
16531,......|NNPA,......,NNPA
16532,halika|NNC,halika,NNC
16533,saiyong|NNC_CCP,saiyong,NNC_CCP
16534,unawa|NNC,unawa,NNC
16535,pinagluluto|VBRF,pinagluluto,VBRF
16536,do|FW,do,FW
16537,yang|PRO,yang,PRO
16538,tulad|JJC,tulad,JJC
16539,Inaanyayahan|VBOF,Inaanyayahan,VBOF
16540,pagsakay|NNC,pagsakay,NNC
16541,naghahanda|VBTR,naghahanda,VBTR
16542,Mahuhulog|VBTF,Mahuhulog,VBTF
16543,nangingitlog|VBTR,nangingitlog,VBTR
16544,pagmimina|NNC,pagmimina,NNC
16545,Palatandaan|NNC,Palatandaan,NNC
16546,nito?gabing|VBTS_CCP,nito?gabing,VBTS_CCP
16547,Waring|RBF,Waring,RBF
16548,siyudad|NNC,siyudad,NNC
16549,Mamamangka|NNP,Mamamangka,NNP
16550,natatalo|VBTR,natatalo,VBTR
16551,na|CCP,na,CCP
16552,tanong|NNC_CCP,tanong,NNC_CCP
16553,customer|FW,customer,FW
16554,Lumuluwas|NNP,Lumuluwas,NNP
16555,dumalo|VBAF,dumalo,VBAF
16556,lumalim|VBAF,lumalim,VBAF
16557,kumain|VBAF,kumain,VBAF
16558,Sinaing|NNP,Sinaing,NNP
16559,Rakjang|NNC_CCP,Rakjang,NNC_CCP
16560,nadala|VBTS,nadala,VBTS
16561,paniwalaan|VBOF,paniwalaan,VBOF
16562,kagamitan|NNC,kagamitan,NNC
16563,Nagbibiruan|VBTR,Nagbibiruan,VBTR
16564,magtatanim|VBTF,magtatanim,VBTF
16565,pinagsama|VBRF,pinagsama,VBRF
16566,tulog|NNC,tulog,NNC
16567,matatawag|VBTF,matatawag,VBTF
16568,ipinapadala|VBTR,ipinapadala,VBTR
16569,Ipinulupot|VBTR,Ipinulupot,VBTR
16570,kwak|NNC,kwak,NNC
16571,pantapal|NNC,pantapal,NNC
16572,France|NNP,France,NNP
16573,kargahin|VBOF,kargahin,VBOF
16574,lipstick|FW,lipstick,FW
16575,Lalaking|JJD_CCP,Lalaking,JJD_CCP
16576,center|FW,center,FW
16577,Woooosh|NNP,Woooosh,NNP
16578,Gumulong|NNP_CCP,Gumulong,NNP_CCP
16579,kalokohang|NNC_CCP,kalokohang,NNC_CCP
16580,ginoo|NNC,ginoo,NNC
16581,ganyan|NNC,ganyan,NNC
16582,tinitiyak|VBTR,tinitiyak,VBTR
16583,Cover|NNP,Cover,NNP
16584,tumatawid|VBTR_VBAF,tumatawid,VBTR_VBAF
16585,nakababatang|JJD_CCP,nakababatang,JJD_CCP
16586,Rohan|NNP,Rohan,NNP
16587,Binintangan|NNP,Binintangan,NNP
16588,pagnanais|VBW,pagnanais,VBW
16589,Andito|NNP,Andito,NNP
16590,Reading|NNP,Reading,NNP
16591,heto|NNC,heto,NNC
16592,Aka|NNP,Aka,NNP
16593,nagtatakbong|VBTR,nagtatakbong,VBTR
16594,santan|NNC,santan,NNC
16595,''|PMS,'',PMS
16596,Kumahol|NNP,Kumahol,NNP
16597,magbigay|VBAF,magbigay,VBAF
16598,makatapak|VBW,makatapak,VBW
16599,iimpake|FW,iimpake,FW
16600,namangka|VBTS,namangka,VBTS
16601,eksamen|NNC,eksamen,NNC
16602,Kanina|RBW,Kanina,RBW
16603,Hininga|NNP,Hininga,NNP
16604,magdisenyo|VBAF,magdisenyo,VBAF
16605,nakasimagot|VBTR,nakasimagot,VBTR
16606,lalaki|NNC,lalaki,NNC
16607,hinihila|VBTR,hinihila,VBTR
16608,tindero|NNC,tindero,NNC
16609,ating|PRSP_CCP,ating,PRSP_CCP
16610,palakpakan|NNC,palakpakan,NNC
16611,panlabas|JJD,panlabas,JJD
16612,napakabigat|JJCS_JJD,napakabigat,JJCS_JJD
16613,magsalo|VBTF,magsalo,VBTF
16614,Oy|NNP,Oy,NNP
16615,umaliwalas|VBTR,umaliwalas,VBTR
16616,parada|NNC,parada,NNC
16617,dilaan|NNC,dilaan,NNC
16618,komunidad|NNC,komunidad,NNC
16619,Napakamapagmasid|VBTS,Napakamapagmasid,VBTS
16620,pangarerang|JJD_CCP,pangarerang,JJD_CCP
16621,makakapag|VBW,makakapag,VBW
16622,Pinakitahan|JJCS_JJD,Pinakitahan,JJCS_JJD
16623,online|FW,online,FW
16624,isipin|VBOF,isipin,VBOF
16625,malugod|JJD,malugod,JJD
16626,nakakabatang|JJD_CCP,nakakabatang,JJD_CCP
16627,Ipinakita|VBTS,Ipinakita,VBTS
16628,lampasan|VBOF,lampasan,VBOF
16629,manunulat|NNC,manunulat,NNC
16630,Dholma|NNP,Dholma,NNP
16631,Nakakatakot|VBTR,Nakakatakot,VBTR
16632,received|FW,received,FW
16633,kapag|RBK,kapag,RBK
16634,nakabase|VBTS,nakabase,VBTS
16635,Pangako|NNP,Pangako,NNP
16636,Tabi|NNP,Tabi,NNP
16637,sinusuri|VBTR,sinusuri,VBTR
16638,rosma|NNC,rosma,NNC
16639,DONGGG|NNPA,DONGGG,NNPA
16640,taunang|RBW_CCP,taunang,RBW_CCP
16641,yapak|NNC,yapak,NNC
16642,CRASH|NNPA,CRASH,NNPA
16643,SALAMATMuling|FW,SALAMATMuling,FW
16644,Dumikit|VBAF,Dumikit,VBAF
16645,umang|VBS,umang,VBS
16646,papalit|VBTF,papalit,VBTF
16647,panggalang|NNC_CCP,panggalang,NNC_CCP
16648,Panadero|NNP,Panadero,NNP
16649,literacy|FW,literacy,FW
16650,iwasan|VBOF,iwasan,VBOF
16651,Nagpayo|VBTS,Nagpayo,VBTS
16652,pinagpatong|VBRF_CCP,pinagpatong,VBRF_CCP
16653,Bangon|NNP,Bangon,NNP
16654,Ahhhh|NNP,Ahhhh,NNP
16655,Narito|VBTS,Narito,VBTS
16656,특히세계여러나라에서대한민국으로온여성들|CDB,특히세계여러나라에서대한민국으로온여성들,CDB
16657,sanggunian|NNC,sanggunian,NNC
16658,0b|CDB,0b,CDB
16659,masagi|VBW,masagi,VBW
16660,lugar|NNC,lugar,NNC
16661,Delgado|NNP,Delgado,NNP
16662,about|FW,about,FW
16663,itinakda|VBTS,itinakda,VBTS
16664,dinadayo|VBTR,dinadayo,VBTR
16665,Mang|NNP,Mang,NNP
16666,Anay|NNP,Anay,NNP
16667,multiplikasyon|NNC,multiplikasyon,NNC
16668,Litrato|NNC,Litrato,NNC
16669,card|FW,card,FW
16670,palitan|VBOF,palitan,VBOF
16671,pagkasabik|NNC,pagkasabik,NNC
16672,Pinunasan|VBTS,Pinunasan,VBTS
16673,Aguyyyy|NNP,Aguyyyy,NNP
16674,plaza|NNC,plaza,NNC
16675,mahika|NNC,mahika,NNC
16676,magkalat|VBW,magkalat,VBW
16677,nakatitig|VBTS,nakatitig,VBTS
16678,magnakaw|VBW,magnakaw,VBW
16679,Saira|NNP,Saira,NNP
16680,Kumalkoti|NNP,Kumalkoti,NNP
16681,imburnal|NNC,imburnal,NNC
16682,kabukiran|NNC,kabukiran,NNC
16683,This|NNP,This,NNP
16684,makakalipad|VBTF,makakalipad,VBTF
16685,Chan|NNP,Chan,NNP
16686,Kamakailan|RBW,Kamakailan,RBW
16687,eh|FW,eh,FW
16688,giwang|NNC_CCP,giwang,NNC_CCP
16689,Lalapit|NNP,Lalapit,NNP
16690,Madalas|RBW,Madalas,RBW
16691,maskara|NNC,maskara,NNC
16692,pinapakain|VBTR,pinapakain,VBTR
16693,inililimbag|VBTR,inililimbag,VBTR
16694,musikero|NNC,musikero,NNC
16695,umatras|VBAF,umatras,VBAF
16696,malubhang|JJD_CCP,malubhang,JJD_CCP
16697,Australian|NNP,Australian,NNP
16698,lumingon|VBAF,lumingon,VBAF
16699,krak|NNC,krak,NNC
16700,ipakikita|VBTF,ipakikita,VBTF
16701,alcohol|NNC,alcohol,NNC
16702,planet|FW,planet,FW
16703,Baambooo|NNP,Baambooo,NNP
16704,pagdaan|NNC,pagdaan,NNC
16705,agawan|NNC,agawan,NNC
16706,umuungol|VBTR,umuungol,VBTR
16707,Ginaya|VBOF,Ginaya,VBOF
16708,makahihigit|VBW,makahihigit,VBW
16709,smartphone|FW,smartphone,FW
16710,marami|PRI,marami,PRI
16711,gumagamit|VBTR_VBAF,gumagamit,VBTR_VBAF
16712,planets|FW,planets,FW
16713,librong|NNC_CCP,librong,NNC_CCP
16714,naririto|PRL,naririto,PRL
16715,Ibigay|VBOF,Ibigay,VBOF
16716,nagpatulong|VBTS,nagpatulong,VBTS
16717,Sasipa|NNP,Sasipa,NNP
16718,makamit|VBW,makamit,VBW
16719,Madyikerong|NNP,Madyikerong,NNP
16720,ilustrasyon|NNC,ilustrasyon,NNC
16721,duwende|NNC,duwende,NNC
16722,pagawa|NNC,pagawa,NNC
16723,shampoo|NNC,shampoo,NNC
16724,Project|NNP,Project,NNP
16725,sinira|VBOF,sinira,VBOF
16726,mayabong|JJD,mayabong,JJD
16727,bulalas|VBOF,bulalas,VBOF
16728,Pinaakyat|VBTR,Pinaakyat,VBTR
16729,sakanya|JJD,sakanya,JJD
16730,kumusta|VBAF,kumusta,VBAF
16731,ipamahagi|VBOF,ipamahagi,VBOF
16732,Nakiusap|VBTS,Nakiusap,VBTS
16733,pandesal|JJD,pandesal,JJD
16734,first|FW,first,FW
16735,oter|FW,oter,FW
16736,team|NNC,team,NNC
16737,Susulat|VBTR_VBAF,Susulat,VBTR_VBAF
16738,PAGKATAPOS|NNPA,PAGKATAPOS,NNPA
16739,ibinahagi|VBTS,ibinahagi,VBTS
16740,mahandaan|VBW,mahandaan,VBW
16741,universe|FW,universe,FW
16742,Biskwit|NNP,Biskwit,NNP
16743,nakasalalay|VBTS,nakasalalay,VBTS
16744,Bb|NNP,Bb,NNP
16745,matututuhan|VBTF,matututuhan,VBTF
16746,nangangati|VBTR,nangangati,VBTR
16747,Tumatalon|NNP,Tumatalon,NNP
16748,Facemask|NNP,Facemask,NNP
16749,binilang|VBTS,binilang,VBTS
16750,tignan|VBOF,tignan,VBOF
16751,tumaba|VBAF,tumaba,VBAF
16752,pakiusap|NNC,pakiusap,NNC
16753,Kathmandu|NNP,Kathmandu,NNP
16754,kakahuyan|NNC,kakahuyan,NNC
16755,cloves|FW,cloves,FW
16756,kapaligiran|NNC,kapaligiran,NNC
16757,magdadala|VBTF,magdadala,VBTF
16758,basa|JJD,basa,JJD
16759,Nagalak|VBTS,Nagalak,VBTS
16760,maglaro|VBAF,maglaro,VBAF
16761,maglagay|VBAF,maglagay,VBAF
16762,aspin|NNC,aspin,NNC
16763,balat|NNC,balat,NNC
16764,Meanwhile|NNP,Meanwhile,NNP
16765,inaasahang|VBTR_CCP,inaasahang,VBTR_CCP
16766,Sumali|VBAF,Sumali,VBAF
16767,Alin|PRQ_CCP,Alin,PRQ_CCP
16768,kinwento|VBOF,kinwento,VBOF
16769,mahanap|VBW,mahanap,VBW
16770,lane|FW,lane,FW
16771,Takot|JJD,Takot,JJD
16772,magpakailanman|RBW,magpakailanman,RBW
16773,pagtawa|NNC,pagtawa,NNC
16774,kasabay|JJD,kasabay,JJD
16775,sino|PRQ,sino,PRQ
16776,checkout|FW,checkout,FW
16777,mabuti|JJD,mabuti,JJD
16778,Urban|NNP,Urban,NNP
16779,Sasarahan|NNP,Sasarahan,NNP
16780,pagtutulungan|NNC,pagtutulungan,NNC
16781,Reneng|NNC_CCP,Reneng,NNC_CCP
16782,Oil|NNP,Oil,NNP
16783,YUM|NNPA,YUM,NNPA
16784,itali|VBOF,itali,VBOF
16785,kin|FW,kin,FW
16786,makapaglalaba|VBW,makapaglalaba,VBW
16787,palaso|NNC,palaso,NNC
16788,Ring|NNP,Ring,NNP
16789,Hmmm|NNP,Hmmm,NNP
16790,Naamoy|VBTS,Naamoy,VBTS
16791,natanggal|VBTS,natanggal,VBTS
16792,Ilipat|VBOF,Ilipat,VBOF
16793,PIRAMIDE|NNC,PIRAMIDE,NNC
16794,habol|NNC,habol,NNC
16795,ting|FW,ting,FW
16796,Wanda|NNP,Wanda,NNP
16797,Bagaman|CCT,Bagaman,CCT
16798,gumamela|NNC,gumamela,NNC
16799,school|NNC,school,NNC
16800,nagkapaglaro|VBTS,nagkapaglaro,VBTS
16801,Elepante|NNP,Elepante,NNP
16802,Inihagis|VBOF,Inihagis,VBOF
16803,idikit|VBOF,idikit,VBOF
16804,naroron|VBTS,naroron,VBTS
16805,nagbababa|VBTR,nagbababa,VBTR
16806,ateDumating|NNC,ateDumating,NNC
16807,sardinas|NNC,sardinas,NNC
16808,paniwala|NNC,paniwala,NNC
16809,almusal|NNC,almusal,NNC
16810,magpamilya|VBW,magpamilya,VBW
16811,Kalapati|NNP,Kalapati,NNP
16812,ANg|RBF,ANg,RBF
16813,kinarga|VBOF,kinarga,VBOF
16814,dinadalaw|VBTR,dinadalaw,VBTR
16815,lutong|JJD_CCP,lutong,JJD_CCP
16816,abo|NNC,abo,NNC
16817,POTCH|NNPA,POTCH,NNPA
16818,Naiisip|VBTR,Naiisip,VBTR
16819,magpipinta|VBW,magpipinta,VBW
16820,hinalikan|VBTS,hinalikan,VBTS
16821,nahulog|VBTS,nahulog,VBTS
16822,Neema|FW,Neema,FW
16823,Pagod|JJD,Pagod,JJD
16824,diretsong|JJD_CCP,diretsong,JJD_CCP
16825,nakakatakot|RBD,nakakatakot,RBD
16826,Gumagana|VBTR_VBAF,Gumagana,VBTR_VBAF
16827,natural|FW,natural,FW
16828,pagbalik|VBW,pagbalik,VBW
16829,/|PMS,/,PMS
16830,Mapapatawad|VBTF,Mapapatawad,VBTF
16831,they|FW,they,FW
16832,kailangang|VBS_CCP,kailangang,VBS_CCP
16833,magiging|VBTR,magiging,VBTR
16834,saring|NNC_CCP,saring,NNC_CCP
16835,illustrator|NNC,illustrator,NNC
16836,pantalon|NNC,pantalon,NNC
16837,Bulkan|NNP,Bulkan,NNP
16838,Multi-value|FW,Multi-value,FW
16839,Sinalubong|VBTS,Sinalubong,VBTS
16840,maigalaw|VBW,maigalaw,VBW
16841,trick|FW,trick,FW
16842,Suko|NNP,Suko,NNP
16843,ipikit|VBOF,ipikit,VBOF
16844,Eduard|NNP,Eduard,NNP
16845,Karagdagang|JJD_CCP,Karagdagang,JJD_CCP
16846,Madaming|PRI_CCP,Madaming,PRI_CCP
16847,pagkakaayos|NNC,pagkakaayos,NNC
16848,Wooooooosh|NNP,Wooooooosh,NNP
16849,isukat|VBOF,isukat,VBOF
16850,putot|NNC,putot,NNC
16851,beans|FW,beans,FW
16852,Nakasanayan|RBD,Nakasanayan,RBD
16853,nakuha|VBTS,nakuha,VBTS
16854,hiramin|VBOF,hiramin,VBOF
16855,Tinitingala|VBTR,Tinitingala,VBTR
16856,naglunsad|VBTS,naglunsad,VBTS
16857,Tagsibol|NNC,Tagsibol,NNC
16858,mabalitaan|VBW,mabalitaan,VBW
16859,huli|RBW,huli,RBW
16860,Pido|NNP,Pido,NNP
16861,Paanong|RBD_CCP,Paanong,RBD_CCP
16862,aalala|NNC,aalala,NNC
16863,katuwang|JJD,katuwang,JJD
16864,igugugol|VBOF,igugugol,VBOF
16865,petsa|NNC,petsa,NNC
16866,sundalong|NNC_CCP,sundalong,NNC_CCP
16867,Pinaalalahanan|VBTS,Pinaalalahanan,VBTS
16868,samga|NNC,samga,NNC
16869,natututo|VBTR,natututo,VBTR
16870,Igagawa|VBTS,Igagawa,VBTS
16871,Box|NNP,Box,NNP
16872,subukan|VBTF,subukan,VBTF
16873,kaganapan|NNC,kaganapan,NNC
16874,Natapos|VBTS,Natapos,VBTS
16875,Blanko|NNP,Blanko,NNP
16876,kalkulahin|VBOF,kalkulahin,VBOF
16877,Masayang|JJD_CCP,Masayang,JJD_CCP
16878,monumento|NNC,monumento,NNC
16879,makakapagpahinga|VBW,makakapagpahinga,VBW
16880,Palagi|NNP,Palagi,NNP
16881,kailanganKung|JJD_CCP,kailanganKung,JJD_CCP
16882,nasagot|VBTS,nasagot,VBTS
16883,Piringkay|NNP,Piringkay,NNP
16884,makakatulog|VBTF,makakatulog,VBTF
16885,makipagtalo|VBW,makipagtalo,VBW
16886,Napatigil|VBTS,Napatigil,VBTS
16887,tiyaga|NNC,tiyaga,NNC
16888,pampintura|JJD,pampintura,JJD
16889,dioksido|NNC,dioksido,NNC
16890,kasingbigat|JJCC,kasingbigat,JJCC
16891,pagsasasamahin|VBOF,pagsasasamahin,VBOF
16892,uka|NNC,uka,NNC
16893,pinaglaro|VBTR_VBRF,pinaglaro,VBTR_VBRF
16894,napapangiti|VBTR,napapangiti,VBTR
16895,malasutla|JJD,malasutla,JJD
16896,hamog|NNC,hamog,NNC
16897,Imposible|NNP,Imposible,NNP
16898,Priya|NNP,Priya,NNP
16899,Mangyayariyan|VBTR_VBOF,Mangyayariyan,VBTR_VBOF
16900,nakaiwas|RBD,nakaiwas,RBD
16901,Paano|PRQ,Paano,PRQ
16902,rebelyon|NNC,rebelyon,NNC
16903,napahinto|VBTS,napahinto,VBTS
16904,payong|JJD_CCP,payong,JJD_CCP
16905,trabaho|NNC,trabaho,NNC
16906,realize|FW,realize,FW
16907,alaala|NNC,alaala,NNC
16908,pintura|NNC,pintura,NNC
16909,panghuling|JJD_CCP,panghuling,JJD_CCP
16910,addition|FW,addition,FW
16911,Heto|FW,Heto,FW
16912,Nakatulong|VBTS,Nakatulong,VBTS
16913,believe|FW,believe,FW
16914,tatawaging|VBTF_CCP,tatawaging,VBTF_CCP
16915,naghihirap|VBTR,naghihirap,VBTR
16916,pagpapatuli|NNC,pagpapatuli,NNC
16917,pagsisisi|NNC,pagsisisi,NNC
16918,Ohh|NNP,Ohh,NNP
16919,mabuhat|VBW,mabuhat,VBW
16920,kumaway|VBAF,kumaway,VBAF
16921,ibinebenta|VBTR,ibinebenta,VBTR
16922,Linggo|NNP,Linggo,NNP
16923,Pilipit|RBD,Pilipit,RBD
16924,Nasaan|NNP,Nasaan,NNP
16925,Jessie|NNP,Jessie,NNP
16926,ginger|FW,ginger,FW
16927,kalawakanAng|JJD_CCP,kalawakanAng,JJD_CCP
16928,Aladdin|NNP,Aladdin,NNP
16929,daming|JJD_CCP,daming,JJD_CCP
16930,maliliwanag|JJD,maliliwanag,JJD
16931,madalas|RBD,madalas,RBD
16932,Naiintindihan|VBTR,Naiintindihan,VBTR
16933,Makisig|NNP,Makisig,NNP
16934,pumarito|VBAF,pumarito,VBAF
16935,Bouavanh|NNP,Bouavanh,NNP
16936,making|VBW,making,VBW
16937,Narating|VBTS,Narating,VBTS
16938,sapà|NNC,sapà,NNC
16939,naubusan|VBTS,naubusan,VBTS
16940,kumawala|VBAF,kumawala,VBAF
16941,Katapusan|RBW,Katapusan,RBW
16942,itinuturo|VBTR,itinuturo,VBTR
16943,makatapos|VBW,makatapos,VBW
16944,hinay|NNC,hinay,NNC
16945,matigil|VBW,matigil,VBW
16946,Paggising|NNP,Paggising,NNP
16947,Auntie|NNP,Auntie,NNP
16948,pader|NNC,pader,NNC
16949,sinusunod|VBTR,sinusunod,VBTR
16950,nakatatalon|VBTR,nakatatalon,VBTR
16951,universidad|NNC,universidad,NNC
16952,tinutuli|VBTR,tinutuli,VBTR
16953,inihahagis|VBTS,inihahagis,VBTS
16954,Ningning|VBTS,Ningning,VBTS
16955,dumadaloy|VBTR_VBAF,dumadaloy,VBTR_VBAF
16956,nagbabantay|VBTS,nagbabantay,VBTS
16957,binokulo|NNC,binokulo,NNC
16958,basurahang|JJD_CCP,basurahang,JJD_CCP
16959,sumisisid|VBTR_VBAF,sumisisid,VBTR_VBAF
16960,sinabing|VBTS_CCP,sinabing,VBTS_CCP
16961,HIndi|RBF,HIndi,RBF
16962,makinis|JJD,makinis,JJD
16963,diretso|RBD,diretso,RBD
16964,Ihip|NNP,Ihip,NNP
16965,mapangiti|VBW,mapangiti,VBW
16966,parasitic|FW,parasitic,FW
16967,aubergine|FW,aubergine,FW
16968,nangyaring|VBTS_CCP,nangyaring,VBTS_CCP
16969,pumila|VBAF,pumila,VBAF
16970,matatarik|VBTF,matatarik,VBTF
16971,puddle|NNC,puddle,NNC
16972,놀라울뿐입니다|CDB,놀라울뿐입니다,CDB
16973,Magsisimula|VBTF,Magsisimula,VBTF
16974,sakayan|NNC,sakayan,NNC
16975,siyaNagsimulang|RBD_CCP,siyaNagsimulang,RBD_CCP
16976,Damo|NNC,Damo,NNC
16977,영광이고감사|FW,영광이고감사,FW
16978,Aruy|NNP,Aruy,NNP
16979,Napaluhod|VBTS,Napaluhod,VBTS
16980,Metropolitan|NNP,Metropolitan,NNP
16981,Artist|NNP,Artist,NNP
16982,matitingkad|JJD,matitingkad,JJD
16983,v|CDB,v,CDB
16984,mahikayat|VBW,mahikayat,VBW
16985,Binibigyan|VBTR,Binibigyan,VBTR
16986,nagmarka|VBTS,nagmarka,VBTS
16987,Tinawag|VBOF,Tinawag,VBOF
16988,damohan|NNC,damohan,NNC
16989,isinasaalang|VBTR_CCP,isinasaalang,VBTR_CCP
16990,ipa|FW,ipa,FW
16991,한|PMS,한,PMS
16992,makakapatubo|VBW,makakapatubo,VBW
16993,imahinasyon|NNC,imahinasyon,NNC
16994,matutulog|JJD,matutulog,JJD
16995,yehey|FW,yehey,FW
16996,kapagkinukuha|VBTR,kapagkinukuha,VBTR
16997,pandemya|NNC,pandemya,NNC
16998,Bumagal|NNP,Bumagal,NNP
16999,nanuklaw|VBTR,nanuklaw,VBTR
17000,batayan|NNC,batayan,NNC
17001,itaas|JJD,itaas,JJD
17002,Nadudumihan|VBTS,Nadudumihan,VBTS
17003,pulbos|JJD,pulbos,JJD
17004,Maari|VBS,Maari,VBS
17005,sibuyas|NNC,sibuyas,NNC
17006,Amma|NNP,Amma,NNP
17007,Toto|NNP,Toto,NNP
17008,pusang|NNC_CCP,pusang,NNC_CCP
17009,nagbilang|VBTS,nagbilang,VBTS
17010,magsipilyo|NNC,magsipilyo,NNC
17011,TSUP|NNPA,TSUP,NNPA
17012,uuliting|FW,uuliting,FW
17013,Desperadong|JJD_CCP,Desperadong,JJD_CCP
17014,sinuman|PRQ,sinuman,PRQ
17015,Idrowing|NNP,Idrowing,NNP
17016,Matagal|JJD,Matagal,JJD
17017,eedit|JJD,eedit,JJD
17018,puso|NNC,puso,NNC
17019,?|FW,?,FW
17020,pinagsaluhang|VBRF_CCP,pinagsaluhang,VBRF_CCP
17021,Mosque|NNP,Mosque,NNP
17022,buto|NNC,buto,NNC
17023,global|FW,global,FW
17024,liksi|FW,liksi,FW
17025,magara|NNC,magara,NNC
17026,rayon|NNC,rayon,NNC
17027,sRead|FW,sRead,FW
17028,insektong|JJD_CCP,insektong,JJD_CCP
17029,hipan|VBOF,hipan,VBOF
17030,©|NNC,©,NNC
17031,sundan|VBTF,sundan,VBTF
17032,kuting|JJD,kuting,JJD
17033,kinantahan|VBOF,kinantahan,VBOF
17034,Kaka|NNP,Kaka,NNP
17035,maiinip|VBW,maiinip,VBW
17036,Sinubukang|RBD_CCP,Sinubukang,RBD_CCP
17037,Aha|FW,Aha,FW
17038,Nagsitawa|VBTS,Nagsitawa,VBTS
17039,makitid|JJD,makitid,JJD
17040,Nilalang|NNC,Nilalang,NNC
17041,pinupuno|VBTR,pinupuno,VBTR
17042,Hinila|VBOF,Hinila,VBOF
17043,naaayon|VBTR,naaayon,VBTR
17044,sinubukan|RBD,sinubukan,RBD
17045,palabas|NNC,palabas,NNC
17046,asarin|VBOF,asarin,VBOF
17047,Iraga|NNP,Iraga,NNP
17048,nagbabalak|VBTR,nagbabalak,VBTR
17049,paa|NNC,paa,NNC
17050,kinuyom|VBOF,kinuyom,VBOF
17051,maghulma|VBW,maghulma,VBW
17052,Acknowledgments|NNP,Acknowledgments,NNP
17053,natatakot|VBTR,natatakot,VBTR
17054,nagpapatakbo|VBTR,nagpapatakbo,VBTR
17055,punasan|RBW,punasan,RBW
17056,pabagsakin|RBD,pabagsakin,RBD
17057,Salamin|NNP,Salamin,NNP
17058,nakakasayaw|VBTR,nakakasayaw,VBTR
17059,sinisikap|VBTR,sinisikap,VBTR
17060,Sumaya|VBAF,Sumaya,VBAF
17061,Indi|RBF,Indi,RBF
17062,parusahan|VBOF,parusahan,VBOF
17063,pagpapalawak|NNC,pagpapalawak,NNC
17064,Hanah|NNP,Hanah,NNP
17065,makasakit|VBW,makasakit,VBW
17066,tinik|NNC,tinik,NNC
17067,inapo|NNC,inapo,NNC
17068,Supangin|NNP,Supangin,NNP
17069,nagsama|VBTS,nagsama,VBTS
17070,itaboy|VBOF,itaboy,VBOF
17071,buo|PRI,buo,PRI
17072,Suchita|NNP,Suchita,NNP
17073,kariton|NNC,kariton,NNC
17074,pumuputok|VBTR_VBAF,pumuputok,VBTR_VBAF
17075,Hinarap|VBTS,Hinarap,VBTS
17076,Crossing|NNP,Crossing,NNP
17077,mahilig|VBW,mahilig,VBW
17078,pinakamalaki|JJCS_JJD,pinakamalaki,JJCS_JJD
17079,Naiinis|NNP,Naiinis,NNP
17080,Greater|NNP,Greater,NNP
17081,labanan|VBOF,labanan,VBOF
17082,madudukot|VBW,madudukot,VBW
17083,nalaglag|VBTS,nalaglag,VBTS
17084,nanagyare|VBTR,nanagyare,VBTR
17085,si|DTP,si,DTP
17086,Kumusta|NNP,Kumusta,NNP
17087,Hi|NNP,Hi,NNP
17088,sanayin|VBOF,sanayin,VBOF
17089,angkaranasan|NNC,angkaranasan,NNC
17090,Kalachuchi|NNP,Kalachuchi,NNP
17091,makabagong|JJD_CCP,makabagong,JJD_CCP
17092,Magkaparehong|JJD_CCP,Magkaparehong,JJD_CCP
17093,dam|NNC,dam,NNC
17094,nalubog|VBTS,nalubog,VBTS
17095,Mambabasa|NNC,Mambabasa,NNC
17096,mabusog|JJD,mabusog,JJD
17097,komiks|NNC,komiks,NNC
17098,gustong|VBS_CCP,gustong,VBS_CCP
17099,이야기를소개하고자합니다|CDB,이야기를소개하고자합니다,CDB
17100,nagpapansinan|VBTR,nagpapansinan,VBTR
17101,Magkaibigan|NNP,Magkaibigan,NNP
17102,즐거운|PMS,즐거운,PMS
17103,Kayang|RBD_CCP,Kayang,RBD_CCP
17104,Oso|NNC,Oso,NNC
17105,timbangan|NNC,timbangan,NNC
17106,naghatid|VBTS,naghatid,VBTS
17107,Marahang|NNP,Marahang,NNP
17108,pinoyPalaging|VBTR_CCP,pinoyPalaging,VBTR_CCP
17109,Nagmadali|VBTS,Nagmadali,VBTS
17110,Sofia|NNP,Sofia,NNP
17111,AKO|NNPA,AKO,NNPA
17112,mangalaga|VBW,mangalaga,VBW
17113,Paa|NNC,Paa,NNC
17114,Pinapanatili|VBTR,Pinapanatili,VBTR
17115,nakayoko|VBTS,nakayoko,VBTS
17116,Companies|NNP,Companies,NNP
17117,Binaba|VBTS,Binaba,VBTS
17118,Bluebell|NNP,Bluebell,NNP
17119,nakaahon|VBTS,nakaahon,VBTS
17120,kasa|JJD,kasa,JJD
17121,naglabas|VBTS,naglabas,VBTS
17122,Sadyang|RBD_CCP,Sadyang,RBD_CCP
17123,Parating|RBD_CCP,Parating,RBD_CCP
17124,pagrekord|NNC,pagrekord,NNC
17125,nagbibigkis|VBTS,nagbibigkis,VBTS
17126,Oriole|NNP,Oriole,NNP
17127,Karpintero|NNP,Karpintero,NNP
17128,humiga|VBAF,humiga,VBAF
17129,naliligo|VBTS,naliligo,VBTS
17130,mangingisda|NNC,mangingisda,NNC
17131,BRRR|NNPA,BRRR,NNPA
17132,Mag|NNC,Mag,NNC
17133,kinakaing|VBOF_CCP,kinakaing,VBOF_CCP
17134,katakutan|VBOF,katakutan,VBOF
17135,E|NNP,E,NNP
17136,Manay|NNP,Manay,NNP
17137,maghatid|VBW,maghatid,VBW
17138,ulat|NNC,ulat,NNC
17139,naglakas|VBTS,naglakas,VBTS
17140,duyan|NNC,duyan,NNC
17141,pamabang|JJD_CCP,pamabang,JJD_CCP
17142,kaninong|NNC_CCP,kaninong,NNC_CCP
17143,pangiting|JJD_CCP,pangiting,JJD_CCP
17144,Maghiganti|VBW,Maghiganti,VBW
17145,Nagsanay|VBTS,Nagsanay,VBTS
17146,knowledge|FW,knowledge,FW
17147,sumasalok|VBTR_VBAF,sumasalok,VBTR_VBAF
17148,tindihan|VBOF,tindihan,VBOF
17149,sumulat|VBAF,sumulat,VBAF
17150,nagsimulang|VBTS_CCP,nagsimulang,VBTS_CCP
17151,dalisdis|NNC,dalisdis,NNC
17152,paitaas|RBD,paitaas,RBD
17153,protektahan|VBOF,protektahan,VBOF
17154,makatatanggal|VBW,makatatanggal,VBW
17155,Pum|NNP,Pum,NNP
17156,kain|NNC,kain,NNC
17157,GCD|NNPA,GCD,NNPA
17158,Baryo|NNP,Baryo,NNP
17159,Mailap|VBTF,Mailap,VBTF
17160,base|NNC,base,NNC
17161,Dalawampung|JJN_CCP,Dalawampung,JJN_CCP
17162,Nakatanggap|VBTS,Nakatanggap,VBTS
17163,Eryngo|NNP,Eryngo,NNP
17164,matusok|VBW,matusok,VBW
17165,patungò|NNC,patungò,NNC
17166,Kawawa|JJD,Kawawa,JJD
17167,Bukod|CCT,Bukod,CCT
17168,Ibinalita|VBTS,Ibinalita,VBTS
17169,New|NNP,New,NNP
17170,Kinamumuhian|VBTR,Kinamumuhian,VBTR
17171,Pupuriin|NNP,Pupuriin,NNP
17172,Pilo|NNP,Pilo,NNP
17173,hiyas|NNC,hiyas,NNC
17174,Magtatanong|VBTF,Magtatanong,VBTF
17175,flesh|FW,flesh,FW
17176,Oh|CCT,Oh,CCT
17177,benta|NNC,benta,NNC
17178,lohikal|JJD,lohikal,JJD
17179,Rajani|NNP,Rajani,NNP
17180,pahirapan|VBOF,pahirapan,VBOF
17181,nagngangalit|VBTR,nagngangalit,VBTR
17182,gamiting|VBOF,gamiting,VBOF
17183,antok|NNC,antok,NNC
17184,makipot|JJD,makipot,JJD
17185,Nagbilang|VBTS,Nagbilang,VBTS
17186,Kaláw|NNP,Kaláw,NNP
17187,inuming|NNC_CCP,inuming,NNC_CCP
17188,namumunga|VBTR,namumunga,VBTR
17189,malayang|JJD_CCP,malayang,JJD_CCP
17190,그외에도다|CDB,그외에도다,CDB
17191,MaVien|NNP,MaVien,NNP
17192,paglalaro|NNC,paglalaro,NNC
17193,Pitara|NNP,Pitara,NNP
17194,paninigurado|JJD,paninigurado,JJD
17195,pinakamagandang|JJCS_JJD_CCP,pinakamagandang,JJCS_JJD_CCP
17196,akyatan|NNC,akyatan,NNC
17197,Aniya|CCB,Aniya,CCB
17198,Rheumathoid|NNP,Rheumathoid,NNP
17199,Binuhat|VBTS,Binuhat,VBTS
17200,kumakalabog|VBTR_VBAF,kumakalabog,VBTR_VBAF
17201,Edi|NNP,Edi,NNP
17202,Iniiwan|VBTR,Iniiwan,VBTR
17203,tatawag|VBTF,tatawag,VBTF
17204,pakipulot|NNC,pakipulot,NNC
17205,Hirap|JJD,Hirap,JJD
17206,sinasagot|VBTR,sinasagot,VBTR
17207,sumbrero|NNC,sumbrero,NNC
17208,Niyaya|VBTS,Niyaya,VBTS
17209,tchu|FW,tchu,FW
17210,pagsasawang|NNC_CCP,pagsasawang,NNC_CCP
17211,siyasatin|VBOF,siyasatin,VBOF
17212,pugad|NNC,pugad,NNC
17213,meryenda|NNC,meryenda,NNC
17214,Kumpleto|JJD,Kumpleto,JJD
17215,Inay|JJD,Inay,JJD
17216,Tinitingnan|VBTR,Tinitingnan,VBTR
17217,tumugtog|VBAF,tumugtog,VBAF
17218,tawad|NNC,tawad,NNC
17219,likod|NNC,likod,NNC
17220,ahensya|NNC,ahensya,NNC
17221,Josie|NNP,Josie,NNP
17222,lolang|JJD_CCP,lolang,JJD_CCP
17223,umikot|VBAF,umikot,VBAF
17224,DurgaLal|FW,DurgaLal,FW
17225,Baka|CCR,Baka,CCR
17226,!|PMQ,!,PMQ
17227,Isinulat|VBTS,Isinulat,VBTS
17228,nakalimutan|VBTS,nakalimutan,VBTS
17229,lalabasnang|RBD_CCP,lalabasnang,RBD_CCP
17230,kabaitan|NNC,kabaitan,NNC
17231,pinakamasayang|JJCS_JJD_CCP,pinakamasayang,JJCS_JJD_CCP
17232,kumakain|VBTR_VBAF,kumakain,VBTR_VBAF
17233,Iligal|NNP,Iligal,NNP
17234,tumubo|VBAF,tumubo,VBAF
17235,Feeling|NNP,Feeling,NNP
17236,katawanIto|NNC,katawanIto,NNC
17237,papaano|RBQ,papaano,RBQ
17238,napinsalang|VBTR_CCP,napinsalang,VBTR_CCP
17239,pinto|NNC,pinto,NNC
17240,child|FW,child,FW
17241,…|PMS,…,PMS
17242,multilingual|FW,multilingual,FW
17243,ginawin|VBOF,ginawin,VBOF
17244,silang|PRP_CCP,silang,PRP_CCP
17245,Magkakatabi|VBW,Magkakatabi,VBW
17246,Ibrahim|NNP,Ibrahim,NNP
17247,bukirin|NNC,bukirin,NNC
17248,basurakung|JJD_CCP,basurakung,JJD_CCP
17249,Spout|NNP,Spout,NNP
17250,daan|JJN,daan,JJN
17251,pindutin|VBOF,pindutin,VBOF
17252,....|NNPA,....,NNPA
17253,bubuyog|JJD,bubuyog,JJD
17254,paglago|NNC,paglago,NNC
17255,sige|FW,sige,FW
17256,aso|NNC,aso,NNC
17257,impeksyon|NNC,impeksyon,NNC
17258,nakababatid|VBTR,nakababatid,VBTR
17259,kalapati|NNC,kalapati,NNC
17260,langit|NNC,langit,NNC
17261,madami|PRI,madami,PRI
17262,tutularan|VBTF,tutularan,VBTF
17263,Kultura|NNP,Kultura,NNP
17264,keso|NNC,keso,NNC
17265,maglatag|VBAF,maglatag,VBAF
17266,Ate|NNP,Ate,NNP
17267,mabato|JJD,mabato,JJD
17268,ghannouj|FW,ghannouj,FW
17269,malaria|VBW,malaria,VBW
17270,kinagisnang|JJD_CCP,kinagisnang,JJD_CCP
17271,nakatutulong|VBTR,nakatutulong,VBTR
17272,have|FW,have,FW
17273,ibonAng|NNC_CCP,ibonAng,NNC_CCP
17274,Papano|NNP,Papano,NNP
17275,dumudulas|VBTR_VBAF,dumudulas,VBTR_VBAF
17276,Itatanong|VBTS,Itatanong,VBTS
17277,Wag|RBF,Wag,RBF
17278,Pinatingin|VBOF,Pinatingin,VBOF
17279,issues|FW,issues,FW
17280,Patawad|NNP,Patawad,NNP
17281,Akala|VBS,Akala,VBS
17282,nababasa|VBTS,nababasa,VBTS
17283,magbihis|VBTF,magbihis,VBTF
17284,48na|CDB,48na,CDB
17285,Makikitang|VBTR_CCP,Makikitang,VBTR_CCP
17286,makagat|VBW,makagat,VBW
17287,nagtigsik|VBTS,nagtigsik,VBTS
17288,Ram|NNP,Ram,NNP
17289,Sobita|NNP,Sobita,NNP
17290,Matapang|JJD,Matapang,JJD
17291,wakas|RBW,wakas,RBW
17292,BAGAY|NNPA,BAGAY,NNPA
17293,Magkasa|VBW,Magkasa,VBW
17294,Radika|NNP,Radika,NNP
17295,maghukay|VBAF,maghukay,VBAF
17296,Masaya|NNP,Masaya,NNP
17297,kampanya|NNC,kampanya,NNC
17298,created|FW,created,FW
17299,gagalaw|VBTF,gagalaw,VBTF
17300,access|FW,access,FW
17301,dilaw|NNC,dilaw,NNC
17302,solusyonan|VBOF,solusyonan,VBOF
17303,nag|CDB,nag,CDB
17304,Bermeo|NNP,Bermeo,NNP
17305,Matiyaga|NNP,Matiyaga,NNP
17306,tinusukan|VBTS,tinusukan,VBTS
17307,nakahilirang|VBTS,nakahilirang,VBTS
17308,mahila|VBW,mahila,VBW
17309,kabibi|NNC,kabibi,NNC
17310,magpunas|VBW,magpunas,VBW
17311,pinakamalungkot|JJCS_JJD,pinakamalungkot,JJCS_JJD
17312,Anu|NNP,Anu,NNP
17313,yon|PRO,yon,PRO
17314,kasamaang|NNC_CCP,kasamaang,NNC_CCP
17315,masagasaan|VBW,masagasaan,VBW
17316,Itinaas|VBOF,Itinaas,VBOF
17317,laso|NNC,laso,NNC
17318,namasyal|VBTS,namasyal,VBTS
17319,nalalanta|VBTR,nalalanta,VBTR
